taxon,lfc,se,W,p,q,diff_robust,passed_ss,Biocrust,Kingdom,Phylum,Class,Order,Family,Genus,Lowest,label
ASV10,-1.856604949,0.612891937,-3.029253343,0.005788453,0.027621833,TRUE,TRUE,L-BSC,Bacteria,Pseudomonadota,Alphaproteobacteria,Rhodobacterales,Paracoccaceae,Rubellimicrobium,Rubellimicrobium,ASV10_Rubellimicrobium
ASV1000,-1.836046549,0.579267407,-3.169600994,0.0041336,0.021633332,TRUE,TRUE,L-BSC,Bacteria,Chloroflexota,Chloroflexia,Thermomicrobiales,JG30-KF-CM45,NA,JG30-KF-CM45,ASV1000_JG30-KF-CM45
ASV1001,2.122555154,0.6652306,3.190705829,0.003928048,0.021007001,TRUE,TRUE,L-BSC,Bacteria,Armatimonadota,Fimbriimonadia,Fimbriimonadales,Fimbriimonadaceae,NA,Fimbriimonadaceae,ASV1001_Fimbriimonadaceae
ASV1005,-2.1266525,0.594168105,-3.579210129,0.001513863,0.010177817,TRUE,TRUE,L-BSC,Bacteria,Myxococcota,Polyangiia,Haliangiales,Haliangiaceae,NA,Haliangiaceae,ASV1005_Haliangiaceae
ASV1007,0.052472376,0.490254447,0.107030903,0.915654148,0.947078965,FALSE,TRUE,L-BSC,Bacteria,Abditibacteriota,Abditibacteriia,Abditibacteriales,Abditibacteriaceae,Abditibacterium,Abditibacterium,ASV1007_Abditibacterium
ASV1008,0.218822384,0.713593537,0.306648496,0.761755619,0.869157194,FALSE,TRUE,L-BSC,Bacteria,Pseudomonadota,Alphaproteobacteria,Sphingomonadales,Sphingomonadaceae,Croceibacterium,Croceibacterium,ASV1008_Croceibacterium
ASV1009,-1.994397306,0.562644012,-3.544687693,0.001649322,0.011003875,TRUE,TRUE,L-BSC,Bacteria,Pseudomonadota,Alphaproteobacteria,Acetobacterales,Acetobacteraceae,Roseomonas,Roseomonas,ASV1009_Roseomonas
ASV101,3.87802582,0.645637977,6.006502029,3.35E-06,9.16E-05,TRUE,TRUE,L-BSC,Bacteria,Abditibacteriota,Abditibacteriia,Abditibacteriales,Abditibacteriaceae,Abditibacterium,Abditibacterium,ASV101_Abditibacterium
ASV1011,-1.801544615,0.651883827,-2.763597652,0.010803116,0.044121139,FALSE,FALSE,L-BSC,Bacteria,Bacteroidota,Bacteroidia,Chitinophagales,Chitinophagaceae,Flavisolibacter,Flavisolibacter,ASV1011_Flavisolibacter
ASV1013,-0.298295472,0.64995286,-0.458949395,0.650400041,0.808605457,FALSE,TRUE,L-BSC,Bacteria,Chloroflexota,Chloroflexia,Chloroflexales,Chloroflexaceae,NA,Chloroflexaceae,ASV1013_Chloroflexaceae
ASV1016,-1.451100021,0.498466159,-2.911130466,0.007657089,0.034000009,TRUE,TRUE,L-BSC,Bacteria,Actinomycetota,Actinobacteria,Propionibacteriales,Nocardioidaceae,Aeromicrobium,Aeromicrobium,ASV1016_Aeromicrobium
ASV1018,-0.991585102,0.534554676,-1.854974143,0.075925475,0.187985454,FALSE,TRUE,L-BSC,Bacteria,Bacteroidota,Bacteroidia,Chitinophagales,Chitinophagaceae,NA,Chitinophagaceae,ASV1018_Chitinophagaceae
ASV102,-1.201142918,0.67867008,-1.769848052,0.089457865,0.21188665,FALSE,TRUE,L-BSC,Bacteria,Acidobacteriota,Blastocatellia,Blastocatellales,Blastocatellaceae,Blastocatella,Blastocatella,ASV102_Blastocatella
ASV1022,1.89968684,0.593460416,3.201033784,0.003831086,0.020797323,TRUE,TRUE,L-BSC,Bacteria,Actinomycetota,Thermoleophilia,Solirubrobacterales,Solirubrobacteraceae,Paraconexibacter,Paraconexibacter,ASV1022_Paraconexibacter
ASV1026,0.301172863,0.644397844,0.467370997,0.64445022,0.808605457,FALSE,TRUE,L-BSC,Bacteria,Chloroflexota,Chloroflexia,Thermomicrobiales,AKYG1722,NA,AKYG1722,ASV1026_AKYG1722
ASV1028,0.774047291,0.570919744,1.355790019,0.187787242,0.360716591,FALSE,TRUE,L-BSC,Bacteria,Actinomycetota,Acidimicrobiia,Acidimicrobiales,Acidimicrobiaceae,Acidiferrimicrobium,Acidiferrimicrobium,ASV1028_Acidiferrimicrobium
ASV103,0.676269562,0.712917755,0.948594079,0.352281857,0.554764582,FALSE,TRUE,L-BSC,Bacteria,Deinococcota,Deinococci,Deinococcales,Deinococcaceae,Deinococcus,Deinococcus,ASV103_Deinococcus
ASV1033,-2.167885729,0.629143928,-3.445770724,0.002106378,0.013340393,TRUE,TRUE,L-BSC,Bacteria,Pseudomonadota,Alphaproteobacteria,Acetobacterales,Acetobacteraceae,Roseomonas,Roseomonas,ASV1033_Roseomonas
ASV1034,-1.93048019,0.55678547,-3.46718852,0.001997971,0.012746178,TRUE,TRUE,L-BSC,Bacteria,Chloroflexota,Chloroflexia,Chloroflexales,Roseiflexaceae,NA,Roseiflexaceae,ASV1034_Roseiflexaceae
ASV1035,0.219542128,0.550278138,0.398965745,0.693446229,0.838096486,FALSE,TRUE,L-BSC,Bacteria,Verrucomicrobiota,Verrucomicrobiia,Chthoniobacterales,Chthoniobacteraceae,Chthoniobacter,Chthoniobacter,ASV1035_Chthoniobacter
ASV1036,1.427582862,0.518901767,2.751162075,0.011117969,0.044986597,FALSE,FALSE,L-BSC,Bacteria,Planctomycetota,Planctomycetes,Gemmatales,Gemmataceae,Gemmata,Gemmata,ASV1036_Gemmata
ASV1037,0.829607212,0.687840234,1.206104515,0.239532994,0.433440656,FALSE,TRUE,L-BSC,Bacteria,Armatimonadota,Armatimonadia,Armatimonadales,Armatimonadaceae,NA,Armatimonadaceae,ASV1037_Armatimonadaceae
ASV104,-4.462997018,0.398686533,-11.19425073,5.20E-11,1.14E-08,TRUE,TRUE,L-BSC,Bacteria,Pseudomonadota,Alphaproteobacteria,Acetobacterales,Acetobacteraceae,Roseomonas,Roseomonas,ASV104_Roseomonas
ASV1040,1.816289108,0.497587302,3.650191838,0.001268662,0.008948619,TRUE,TRUE,L-BSC,Bacteria,Planctomycetota,Planctomycetes,Gemmatales,Gemmataceae,NA,Gemmataceae,ASV1040_Gemmataceae
ASV1041,0.506385864,0.628361778,0.805882666,0.428223634,0.63158168,FALSE,TRUE,L-BSC,Bacteria,Pseudomonadota,Gammaproteobacteria,Burkholderiales,TRA3-20,NA,TRA3-20,ASV1041_TRA3-20
ASV1047,-0.589380808,0.610631427,-0.965198943,0.344070966,0.547755964,FALSE,TRUE,L-BSC,Bacteria,Pseudomonadota,Alphaproteobacteria,Sphingomonadales,Sphingomonadaceae,NA,Sphingomonadaceae,ASV1047_Sphingomonadaceae
ASV1048,0.451752803,0.769796064,0.58684738,0.562786379,0.748506148,FALSE,TRUE,L-BSC,Bacteria,Pseudomonadota,Gammaproteobacteria,Burkholderiales,Burkholderiaceae,Limnobacter,Limnobacter,ASV1048_Limnobacter
ASV105,3.252069083,0.840281144,3.870215471,7.31E-04,0.005603944,TRUE,TRUE,L-BSC,Bacteria,Deinococcota,Deinococci,Deinococcales,Deinococcaceae,Deinococcus,Deinococcus,ASV105_Deinococcus
ASV1052,1.921002306,0.66088279,2.90672164,0.007736928,0.034151894,TRUE,TRUE,L-BSC,Bacteria,Verrucomicrobiota,Verrucomicrobiia,Chthoniobacterales,Chthoniobacteraceae,Chthoniobacter,Chthoniobacter,ASV1052_Chthoniobacter
ASV1053,-1.701989572,0.593191551,-2.869207375,0.008449067,0.036376771,TRUE,TRUE,L-BSC,Bacteria,Chloroflexota,Chloroflexia,Thermomicrobiales,AKYG1722,NA,AKYG1722,ASV1053_AKYG1722
ASV1056,-2.665285409,0.525456408,-5.0723245,3.46E-05,5.60E-04,TRUE,TRUE,L-BSC,Bacteria,Chloroflexota,Chloroflexia,Thermomicrobiales,JG30-KF-CM45,NA,JG30-KF-CM45,ASV1056_JG30-KF-CM45
ASV106,0.539183486,0.704420674,0.765428252,0.451478775,0.648855909,FALSE,TRUE,L-BSC,Bacteria,Pseudomonadota,Alphaproteobacteria,Hyphomicrobiales,Devosiaceae,Devosia,Devosia,ASV106_Devosia
ASV1065,-1.638336092,0.508851091,-3.219676881,0.003661877,0.020256208,TRUE,TRUE,L-BSC,Bacteria,Actinomycetota,Rubrobacteria,Rubrobacterales,Rubrobacteriaceae,Rubrobacter,Rubrobacter,ASV1065_Rubrobacter
ASV1067,-0.423820286,0.498448085,-0.850279696,0.40357285,0.610246835,FALSE,TRUE,L-BSC,Bacteria,Planctomycetota,Planctomycetes,Gemmatales,Gemmataceae,Gemmata,Gemmata,ASV1067_Gemmata
ASV1068,-2.055839963,0.538132858,-3.820320454,8.29E-04,0.006297804,TRUE,TRUE,L-BSC,Bacteria,Bacteroidota,Bacteroidia,Flavobacteriales,Crocinitomicaceae,Fluviicola,Fluviicola,ASV1068_Fluviicola
ASV1070,0.811938945,0.634587142,1.279475883,0.212961164,0.395309598,FALSE,TRUE,L-BSC,Bacteria,Armatimonadota,Armatimonadia,Armatimonadales,Armatimonadaceae,NA,Armatimonadaceae,ASV1070_Armatimonadaceae
ASV1073,0.244257411,0.503801641,0.484828533,0.632193763,0.804275617,FALSE,TRUE,L-BSC,Bacteria,Verrucomicrobiota,Verrucomicrobiia,Pedosphaerales,Pedosphaeraceae,NA,Pedosphaeraceae,ASV1073_Pedosphaeraceae
ASV1075,-1.055936532,0.70758596,-1.492308485,0.148647871,0.300736665,FALSE,TRUE,L-BSC,Bacteria,Chloroflexota,Chloroflexia,Kallotenuales,AKIW781,NA,AKIW781,ASV1075_AKIW781
ASV1078,-0.379644866,0.577890567,-0.656949409,0.517464212,0.712226332,FALSE,TRUE,L-BSC,Bacteria,Chloroflexota,Chloroflexia,Kallotenuales,AKIW781,NA,AKIW781,ASV1078_AKIW781
ASV108,-3.507811149,0.642532108,-5.459355426,1.31E-05,2.48E-04,TRUE,TRUE,L-BSC,Bacteria,Chloroflexota,Chloroflexia,Thermomicrobiales,JG30-KF-CM45,NA,JG30-KF-CM45,ASV108_JG30-KF-CM45
ASV1082,-1.163472672,0.686938245,-1.693707813,0.103262004,0.23381086,FALSE,TRUE,L-BSC,Bacteria,Planctomycetota,Phycisphaerae,Tepidisphaerales,WD2101 soil group,NA,WD2101_soil_group,ASV1082_WD2101_soil_group
ASV1083,-1.703620511,0.501052893,-3.400081178,0.002357123,0.014406474,TRUE,TRUE,L-BSC,Bacteria,Myxococcota,Polyangiia,Haliangiales,Haliangiaceae,NA,Haliangiaceae,ASV1083_Haliangiaceae
ASV1094,-1.601271624,0.55011992,-2.910768297,0.007663618,0.034000009,TRUE,TRUE,L-BSC,Bacteria,Bacteroidota,Bacteroidia,Cytophagales,Hymenobacteraceae,Rufibacter,Rufibacter,ASV1094_Rufibacter
ASV110,-1.788257142,0.869012606,-2.057803455,0.050627865,0.140160918,FALSE,TRUE,L-BSC,Bacteria,Acidobacteriota,Blastocatellia,Blastocatellales,Blastocatellaceae,Blastocatella,Blastocatella,ASV110_Blastocatella
ASV1105,-1.073660602,0.687280793,-1.562186247,0.131335135,0.277263063,FALSE,TRUE,L-BSC,Bacteria,Pseudomonadota,Alphaproteobacteria,Azospirillales,Azospirillaceae,Azospirillum,Azospirillum,ASV1105_Azospirillum
ASV1107,-0.707794446,0.639925715,-1.106057203,0.279665979,0.479270717,FALSE,TRUE,L-BSC,Bacteria,Chloroflexota,Chloroflexia,Chloroflexales,Chloroflexaceae,Chloronema,Chloronema,ASV1107_Chloronema
ASV1111,0.37688184,0.691317297,0.545164778,0.590671104,0.775144962,FALSE,TRUE,L-BSC,Bacteria,Armatimonadota,Armatimonadia,Armatimonadales,Armatimonadaceae,NA,Armatimonadaceae,ASV1111_Armatimonadaceae
ASV1112,-1.263049006,0.581075536,-2.173639963,0.039824625,0.117590279,FALSE,TRUE,L-BSC,Bacteria,Myxococcota,Myxococcia,Myxococcales,Myxococcaceae,Myxococcus,Myxococcus,ASV1112_Myxococcus
ASV1113,-0.725151793,0.678405809,-1.068905636,0.295745802,0.497928683,FALSE,TRUE,L-BSC,Bacteria,Bacteroidota,Bacteroidia,Chitinophagales,Chitinophagaceae,Flavisolibacter,Flavisolibacter,ASV1113_Flavisolibacter
ASV1114,-1.909958483,0.610019791,-3.130977898,0.004536922,0.023347827,TRUE,TRUE,L-BSC,Bacteria,Pseudomonadota,Alphaproteobacteria,Hyphomicrobiales,Beijerinckiaceae,NA,Beijerinckiaceae,ASV1114_Beijerinckiaceae
ASV1115,0.507054305,0.59442764,0.853012665,0.402085467,0.609368987,FALSE,TRUE,L-BSC,Bacteria,Gemmatimonadota,Longimicrobiia,Longimicrobiales,Longimicrobiaceae,NA,Longimicrobiaceae,ASV1115_Longimicrobiaceae
ASV1119,1.952880291,0.628766219,3.105892511,0.004818887,0.024205215,TRUE,TRUE,L-BSC,Bacteria,Armatimonadota,Armatimonadia,Armatimonadales,Armatimonadaceae,NA,Armatimonadaceae,ASV1119_Armatimonadaceae
ASV1124,-1.000600496,0.52839301,-1.893667171,0.070385457,0.178309824,FALSE,TRUE,L-BSC,Bacteria,Pseudomonadota,Alphaproteobacteria,Sphingomonadales,Sphingomonadaceae,NA,Sphingomonadaceae,ASV1124_Sphingomonadaceae
ASV1125,-2.575656251,0.584185642,-4.408968767,1.87E-04,0.002006624,TRUE,TRUE,L-BSC,Bacteria,Chloroflexota,Chloroflexia,Thermomicrobiales,JG30-KF-CM45,NA,JG30-KF-CM45,ASV1125_JG30-KF-CM45
ASV1126,2.250231931,0.611923648,3.677308334,0.001185653,0.008493938,TRUE,TRUE,L-BSC,Bacteria,Gemmatimonadota,Longimicrobiia,Longimicrobiales,Longimicrobiaceae,NA,Longimicrobiaceae,ASV1126_Longimicrobiaceae
ASV1128,-1.517975694,0.641417559,-2.366595165,0.026363934,0.085026118,FALSE,TRUE,L-BSC,Bacteria,Pseudomonadota,Alphaproteobacteria,Hyphomicrobiales,Beijerinckiaceae,NA,Beijerinckiaceae,ASV1128_Beijerinckiaceae
ASV113,-3.357348335,0.654625343,-5.128656219,3.00E-05,4.95E-04,TRUE,TRUE,L-BSC,Bacteria,Myxococcota,Myxococcia,Myxococcales,Myxococcaceae,Archangium,Archangium,ASV113_Archangium
ASV1131,-0.686231181,0.600577755,-1.142618379,0.264468169,0.462330873,FALSE,TRUE,L-BSC,Bacteria,Verrucomicrobiota,Verrucomicrobiia,Pedosphaerales,Pedosphaeraceae,NA,Pedosphaeraceae,ASV1131_Pedosphaeraceae
ASV1132,-2.599122798,0.474822196,-5.473886478,1.26E-05,2.44E-04,TRUE,TRUE,L-BSC,Bacteria,Chloroflexota,Chloroflexia,Thermobaculales,Thermobaculaceae,Thermobaculum,Thermobaculum,ASV1132_Thermobaculum
ASV1133,-1.129461974,0.646782952,-1.746276662,0.09355229,0.219807519,FALSE,TRUE,L-BSC,Bacteria,Bacteroidota,Bacteroidia,Cytophagales,Spirosomataceae,Nibrella,Nibrella,ASV1133_Nibrella
ASV1137,-2.096353584,0.578889456,-3.621336616,0.001363251,0.009342522,TRUE,TRUE,L-BSC,Bacteria,Pseudomonadota,Alphaproteobacteria,Hyphomicrobiales,Beijerinckiaceae,Psychroglaciecola,Psychroglaciecola,ASV1137_Psychroglaciecola
ASV114,-0.948129038,0.670836807,-1.413352738,0.170391622,0.332415799,FALSE,TRUE,L-BSC,Bacteria,Bacteroidota,Bacteroidia,Cytophagales,Hymenobacteraceae,Hymenobacter,Hymenobacter,ASV114_Hymenobacter
ASV1140,-1.169275129,0.479440761,-2.43883129,0.022505953,0.075364763,FALSE,TRUE,L-BSC,Bacteria,Acidobacteriota,Thermoanaerobaculia,Thermoanaerobaculales,Thermoanaerobaculaceae,Subgroup 10,Subgroup_10,ASV1140_Subgroup_10
ASV1141,-1.299458705,0.608921048,-2.134034798,0.043259551,0.12561079,FALSE,TRUE,L-BSC,Bacteria,Deinococcota,Deinococci,Deinococcales,Deinococcaceae,Deinococcus,Deinococcus,ASV1141_Deinococcus
ASV1142,-0.476503,0.779271124,-0.611472677,0.546635689,0.737315185,FALSE,TRUE,L-BSC,Bacteria,Actinomycetota,Actinobacteria,Micromonosporales,Micromonosporaceae,Actinoplanes,Actinoplanes,ASV1142_Actinoplanes
ASV1143,1.194706544,0.590403442,2.023542646,0.054289424,0.147357009,FALSE,TRUE,L-BSC,Bacteria,Planctomycetota,Planctomycetes,Gemmatales,Gemmataceae,Gemmata,Gemmata,ASV1143_Gemmata
ASV115,-2.075742968,0.794901073,-2.611322387,0.015307251,0.057915747,FALSE,TRUE,L-BSC,Bacteria,Gemmatimonadota,Longimicrobiia,Longimicrobiales,Longimicrobiaceae,Longimicrobium,Longimicrobium,ASV115_Longimicrobium
ASV1154,2.211274726,0.630691845,3.50610959,0.001814725,0.011859858,TRUE,TRUE,L-BSC,Bacteria,Deinococcota,Deinococci,Deinococcales,Deinococcaceae,NA,Deinococcaceae,ASV1154_Deinococcaceae
ASV1155,-1.816545048,0.569582141,-3.189259139,0.003941817,0.021007001,TRUE,TRUE,L-BSC,Bacteria,Planctomycetota,Phycisphaerae,Tepidisphaerales,WD2101 soil group,NA,WD2101_soil_group,ASV1155_WD2101_soil_group
ASV1157,-2.406627946,0.559453432,-4.301748473,2.45E-04,0.002463361,TRUE,TRUE,L-BSC,Bacteria,Planctomycetota,Planctomycetes,Isosphaerales,Isosphaeraceae,Tautonia,Tautonia,ASV1157_Tautonia
ASV1165,0.556910658,0.65859135,0.845608825,0.40612301,0.612749491,FALSE,TRUE,L-BSC,Bacteria,Verrucomicrobiota,Verrucomicrobiia,Chthoniobacterales,Chthoniobacteraceae,Chthoniobacter,Chthoniobacter,ASV1165_Chthoniobacter
ASV117,0.601991169,0.525693369,1.145137459,0.263443746,0.462330873,FALSE,TRUE,L-BSC,Bacteria,Acidobacteriota,Blastocatellia,Blastocatellales,Blastocatellaceae,Blastocatella,Blastocatella,ASV117_Blastocatella
ASV1170,-1.545028893,0.695929882,-2.22009276,0.03611062,0.109585702,FALSE,TRUE,L-BSC,Bacteria,Bacteroidota,Bacteroidia,Chitinophagales,Chitinophagaceae,Cnuella,Cnuella,ASV1170_Cnuella
ASV1171,-0.323368533,0.485371515,-0.666228904,0.511618635,0.709038131,FALSE,TRUE,L-BSC,Bacteria,Gemmatimonadota,Gemmatimonadia,Gemmatimonadales,Gemmatimonadaceae,Gemmatimonas,Gemmatimonas,ASV1171_Gemmatimonas
ASV1172,-1.487945755,0.525841798,-2.829645266,0.009267346,0.038947599,TRUE,TRUE,L-BSC,Bacteria,Planctomycetota,Planctomycetes,Isosphaerales,Isosphaeraceae,Tautonia,Tautonia,ASV1172_Tautonia
ASV1175,1.863899017,0.734353554,2.538149378,0.01804936,0.064652215,FALSE,TRUE,L-BSC,Bacteria,Pseudomonadota,Alphaproteobacteria,Caulobacterales,Caulobacteraceae,Phenylobacterium,Phenylobacterium,ASV1175_Phenylobacterium
ASV118,-0.806358075,0.802288839,-1.005072034,0.32488867,0.527793118,FALSE,TRUE,L-BSC,Bacteria,Pseudomonadota,Alphaproteobacteria,Sphingomonadales,Sphingomonadaceae,NA,Sphingomonadaceae,ASV118_Sphingomonadaceae
ASV1180,-1.220154346,0.505534048,-2.413594794,0.023790319,0.077875426,FALSE,TRUE,L-BSC,Bacteria,Chloroflexota,Chloroflexia,Kallotenuales,Kallotenuaceae,Kallotenue,Kallotenue,ASV1180_Kallotenue
ASV1186,0.04595382,0.425358649,0.108035466,0.914865687,0.947078965,FALSE,TRUE,L-BSC,Bacteria,Bacteroidota,Bacteroidia,Cytophagales,Cytophagaceae,Sporocytophaga,Sporocytophaga,ASV1186_Sporocytophaga
ASV119,0.735252376,0.753186268,0.9761893,0.33870837,0.54381842,FALSE,TRUE,L-BSC,Bacteria,Armatimonadota,Armatimonadia,Armatimonadales,Armatimonadaceae,NA,Armatimonadaceae,ASV119_Armatimonadaceae
ASV1192,-0.62398195,0.591472059,-1.054964373,0.30194664,0.503628555,FALSE,TRUE,L-BSC,Bacteria,Planctomycetota,Planctomycetes,Isosphaerales,Isosphaeraceae,Tautonia,Tautonia,ASV1192_Tautonia
ASV1195,1.284984213,0.60521184,2.123197412,0.044244752,0.127261141,FALSE,TRUE,L-BSC,Bacteria,Armatimonadota,Fimbriimonadia,Fimbriimonadales,Fimbriimonadaceae,NA,Fimbriimonadaceae,ASV1195_Fimbriimonadaceae
ASV1196,0.16492947,0.702017905,0.234936272,0.816251127,0.898493054,FALSE,TRUE,L-BSC,Bacteria,Bacteroidota,Bacteroidia,Cytophagales,Hymenobacteraceae,Adhaeribacter,Adhaeribacter,ASV1196_Adhaeribacter
ASV120,1.441699446,0.476228959,3.027324185,0.005815123,0.027621833,FALSE,FALSE,L-BSC,Bacteria,Gemmatimonadota,Longimicrobiia,Longimicrobiales,Longimicrobiaceae,NA,Longimicrobiaceae,ASV120_Longimicrobiaceae
ASV1200,-0.154716193,0.524033327,-0.295241133,0.770348782,0.873261784,FALSE,TRUE,L-BSC,Bacteria,Planctomycetota,Planctomycetes,Gemmatales,Gemmataceae,Fimbriiglobus,Fimbriiglobus,ASV1200_Fimbriiglobus
ASV1205,-0.677171572,0.459580463,-1.473455959,0.153623968,0.307952633,FALSE,TRUE,L-BSC,Bacteria,Bacteroidota,Bacteroidia,Sphingobacteriales,env.OPS 17,NA,env.OPS_17,ASV1205_env.OPS_17
ASV1206,-8.47E-04,0.517379161,-0.001636397,0.998707871,0.998707871,FALSE,TRUE,L-BSC,Bacteria,Pseudomonadota,Alphaproteobacteria,Tistrellales,Geminicoccaceae,NA,Geminicoccaceae,ASV1206_Geminicoccaceae
ASV1209,0.581715742,0.701013187,0.829821396,0.414817981,0.620806362,FALSE,TRUE,L-BSC,Bacteria,Bacteroidota,Bacteroidia,Chitinophagales,Chitinophagaceae,Cnuella,Cnuella,ASV1209_Cnuella
ASV122,-3.06862499,0.659353857,-4.65398808,1.00E-04,0.001232217,TRUE,TRUE,L-BSC,Bacteria,Pseudomonadota,Alphaproteobacteria,Rhodobacterales,Paracoccaceae,Oceanicella,Oceanicella,ASV122_Oceanicella
ASV1220,-2.063996069,0.522115324,-3.953142102,5.93E-04,0.004936789,TRUE,TRUE,L-BSC,Bacteria,Bacteroidota,Bacteroidia,Chitinophagales,Chitinophagaceae,Segetibacter,Segetibacter,ASV1220_Segetibacter
ASV1221,0.236152756,0.494661691,0.477402556,0.637394481,0.807366343,FALSE,TRUE,L-BSC,Bacteria,Verrucomicrobiota,Verrucomicrobiia,Verrucomicrobiales,Verrucomicrobiaceae,NA,Verrucomicrobiaceae,ASV1221_Verrucomicrobiaceae
ASV1222,1.422095092,0.6606689,2.152508001,0.041625539,0.122082955,FALSE,TRUE,L-BSC,Bacteria,Armatimonadota,Armatimonadia,Armatimonadales,Armatimonadaceae,NA,Armatimonadaceae,ASV1222_Armatimonadaceae
ASV1225,-1.273096262,0.681731512,-1.867445233,0.074099894,0.185007279,FALSE,TRUE,L-BSC,Bacteria,Planctomycetota,Planctomycetes,Isosphaerales,Isosphaeraceae,Tundrisphaera,Tundrisphaera,ASV1225_Tundrisphaera
ASV1227,-2.249056272,0.545917738,-4.119771379,3.89E-04,0.003471818,TRUE,TRUE,L-BSC,Bacteria,Pseudomonadota,Alphaproteobacteria,Acetobacterales,Acetobacteraceae,NA,Acetobacteraceae,ASV1227_Acetobacteraceae
ASV1229,0.411379669,0.500140983,0.822527413,0.418874412,0.624737604,FALSE,TRUE,L-BSC,Bacteria,Armatimonadota,Fimbriimonadia,Fimbriimonadales,Fimbriimonadaceae,NA,Fimbriimonadaceae,ASV1229_Fimbriimonadaceae
ASV1232,-0.202264949,0.394402217,-0.512839279,0.612751982,0.792226675,FALSE,TRUE,L-BSC,Bacteria,Bacteroidota,Bacteroidia,Chitinophagales,Chitinophagaceae,Edaphobaculum,Edaphobaculum,ASV1232_Edaphobaculum
ASV1233,0.1313728,0.52234118,0.251507646,0.803562734,0.887880948,FALSE,TRUE,L-BSC,Bacteria,Pseudomonadota,Alphaproteobacteria,Rhodobacterales,Paracoccaceae,Amaricoccus,Amaricoccus,ASV1233_Amaricoccus
ASV1234,1.283384973,0.52957533,2.423422881,0.023282303,0.076891963,FALSE,TRUE,L-BSC,Bacteria,Gemmatimonadota,Gemmatimonadia,Gemmatimonadales,Gemmatimonadaceae,Roseisolibacter,Roseisolibacter,ASV1234_Roseisolibacter
ASV1235,-2.79288243,0.493322602,-5.661371322,7.88E-06,1.97E-04,TRUE,TRUE,L-BSC,Bacteria,Chloroflexota,Chloroflexia,Kallotenuales,AKIW781,NA,AKIW781,ASV1235_AKIW781
ASV124,1.226051352,0.860943064,1.424079482,0.167296352,0.327840833,FALSE,TRUE,L-BSC,Bacteria,Chloroflexota,Chloroflexia,Chloroflexales,Herpetosiphonaceae,Herpetosiphon,Herpetosiphon,ASV124_Herpetosiphon
ASV1241,-2.29466517,0.564109625,-4.067764613,4.44E-04,0.003919071,TRUE,TRUE,L-BSC,Bacteria,Pseudomonadota,Alphaproteobacteria,Acetobacterales,Acetobacteraceae,Roseomonas,Roseomonas,ASV1241_Roseomonas
ASV1247,-1.402041299,0.685519877,-2.045223408,0.051945995,0.14276981,FALSE,TRUE,L-BSC,Bacteria,Bacteroidota,Bacteroidia,Cytophagales,Hymenobacteraceae,Adhaeribacter,Adhaeribacter,ASV1247_Adhaeribacter
ASV1248,-2.566045397,0.462276394,-5.55088997,1.04E-05,2.12E-04,TRUE,TRUE,L-BSC,Bacteria,Chloroflexota,Chloroflexia,Thermomicrobiales,JG30-KF-CM45,NA,JG30-KF-CM45,ASV1248_JG30-KF-CM45
ASV1249,0.318766376,0.650137935,0.490305763,0.628370175,0.800576579,FALSE,TRUE,L-BSC,Bacteria,Pseudomonadota,Gammaproteobacteria,Enterobacterales,Enterobacteriaceae,Escherichia-Shigella,Escherichia-Shigella,ASV1249_Escherichia-Shigella
ASV125,-0.563566009,0.629270539,-0.895586197,0.379368798,0.585809769,FALSE,TRUE,L-BSC,Bacteria,Actinomycetota,Thermoleophilia,Solirubrobacterales,Solirubrobacteraceae,Paraconexibacter,Paraconexibacter,ASV125_Paraconexibacter
ASV1253,-1.12666607,0.691895749,-1.628375476,0.116503265,0.255838828,FALSE,TRUE,L-BSC,Bacteria,Planctomycetota,Phycisphaerae,Tepidisphaerales,WD2101 soil group,NA,WD2101_soil_group,ASV1253_WD2101_soil_group
ASV1254,0.427812884,0.560882568,0.762749474,0.453045075,0.648855909,FALSE,TRUE,L-BSC,Bacteria,Hydrogenedentes,Hydrogenedentia,Hydrogenedentiales,Hydrogenedensaceae,NA,Hydrogenedensaceae,ASV1254_Hydrogenedensaceae
ASV1258,-0.220660633,0.543852587,-0.40573611,0.688531111,0.835800266,FALSE,TRUE,L-BSC,Bacteria,Chloroflexota,Chloroflexia,Chloroflexales,Herpetosiphonaceae,Herpetosiphon,Herpetosiphon,ASV1258_Herpetosiphon
ASV1261,-0.245312317,0.686050959,-0.357571568,0.723789349,0.853872691,FALSE,TRUE,L-BSC,Bacteria,Pseudomonadota,Alphaproteobacteria,Hyphomicrobiales,D05-2,NA,D05-2,ASV1261_D05-2
ASV1262,0.229717405,0.63441386,0.362093926,0.720450682,0.853872691,FALSE,TRUE,L-BSC,Bacteria,Planctomycetota,Planctomycetes,Gemmatales,Gemmataceae,Fimbriiglobus,Fimbriiglobus,ASV1262_Fimbriiglobus
ASV1267,-1.785099591,0.57430538,-3.108275931,0.004791389,0.024205215,TRUE,TRUE,L-BSC,Bacteria,Chloroflexota,Chloroflexia,Kallotenuales,AKIW781,NA,AKIW781,ASV1267_AKIW781
ASV1269,-1.151852636,0.647731615,-1.778286884,0.088029771,0.210155622,FALSE,TRUE,L-BSC,Bacteria,Bacteroidota,Bacteroidia,Chitinophagales,Chitinophagaceae,Flavisolibacter,Flavisolibacter,ASV1269_Flavisolibacter
ASV127,2.468307103,0.491799107,5.018933684,3.96E-05,5.87E-04,TRUE,TRUE,L-BSC,Bacteria,Chloroflexota,Anaerolineae,Aggregatilineales,A4b,NA,A4b,ASV127_A4b
ASV1273,-1.05369948,0.739443772,-1.424989324,0.16703589,0.327840833,FALSE,TRUE,L-BSC,Bacteria,Actinomycetota,Actinobacteria,Micromonosporales,Micromonosporaceae,Actinoplanes,Actinoplanes,ASV1273_Actinoplanes
ASV128,-0.668873351,0.797529672,-0.838681461,0.409923944,0.615590253,FALSE,TRUE,L-BSC,Bacteria,Gemmatimonadota,Longimicrobiia,Longimicrobiales,Longimicrobiaceae,Longimicrobium,Longimicrobium,ASV128_Longimicrobium
ASV1283,-0.51129445,0.434021895,-1.178038382,0.250330725,0.449258836,FALSE,TRUE,L-BSC,Bacteria,Chloroflexota,Anaerolineae,Aggregatilineales,A4b,NA,A4b,ASV1283_A4b
ASV1285,-0.275192041,0.616426377,-0.44643132,0.659287871,0.816172237,FALSE,TRUE,L-BSC,Bacteria,Acidobacteriota,Acidobacteriae,Bryobacterales,Bryobacteraceae,Bryobacter,Bryobacter,ASV1285_Bryobacter
ASV1286,-0.948931203,0.505924072,-1.87563956,0.072921236,0.183669049,FALSE,TRUE,L-BSC,Bacteria,Chloroflexota,Chloroflexia,Kallotenuales,AKIW781,NA,AKIW781,ASV1286_AKIW781
ASV1287,-0.315263878,0.58414636,-0.539700149,0.594376446,0.777672177,FALSE,TRUE,L-BSC,Bacteria,Pseudomonadota,Alphaproteobacteria,Sphingomonadales,Sphingomonadaceae,Sphingomonas,Sphingomonas,ASV1287_Sphingomonas
ASV1290,-1.402631633,0.506934139,-2.766891248,0.010721148,0.044121139,TRUE,TRUE,L-BSC,Bacteria,Chloroflexota,Chloroflexia,Kallotenuales,AKIW781,NA,AKIW781,ASV1290_AKIW781
ASV1291,-0.258416687,0.663991149,-0.389186945,0.700569631,0.839914757,FALSE,TRUE,L-BSC,Bacteria,Armatimonadota,Armatimonadia,Armatimonadales,Armatimonadaceae,NA,Armatimonadaceae,ASV1291_Armatimonadaceae
ASV1292,1.18471867,0.594947169,1.991300626,0.057947813,0.153010238,FALSE,TRUE,L-BSC,Bacteria,Actinomycetota,Thermoleophilia,Solirubrobacterales,Solirubrobacteraceae,Conexibacter,Conexibacter,ASV1292_Conexibacter
ASV1296,-1.837428316,0.612373897,-3.000500716,0.006198358,0.028969865,TRUE,TRUE,L-BSC,Bacteria,Bacteroidota,Bacteroidia,Chitinophagales,Chitinophagaceae,Flavisolibacter,Flavisolibacter,ASV1296_Flavisolibacter
ASV1299,0.089006172,0.623271739,0.142804761,0.887636539,0.933416049,FALSE,TRUE,L-BSC,Bacteria,Chloroflexota,Chloroflexia,Kallotenuales,AKIW781,NA,AKIW781,ASV1299_AKIW781
ASV13,1.864472829,0.749250391,2.488450925,0.020165533,0.06993919,FALSE,TRUE,L-BSC,Bacteria,Acidobacteriota,Blastocatellia,Blastocatellales,Blastocatellaceae,Blastocatella,Blastocatella,ASV13_Blastocatella
ASV130,1.183186669,0.650559424,1.818721898,0.081455322,0.19941723,FALSE,TRUE,L-BSC,Bacteria,Pseudomonadota,Gammaproteobacteria,Burkholderiales,Comamonadaceae,Piscinibacter,Piscinibacter,ASV130_Piscinibacter
ASV1304,0.373579089,0.568587565,0.657030002,0.517413284,0.712226332,FALSE,TRUE,L-BSC,Bacteria,Chloroflexota,Chloroflexia,Thermomicrobiales,AKYG1722,NA,AKYG1722,ASV1304_AKYG1722
ASV1306,0.131030158,0.575062232,0.227853875,0.821689876,0.898775286,FALSE,TRUE,L-BSC,Bacteria,Gemmatimonadota,Gemmatimonadia,Gemmatimonadales,Gemmatimonadaceae,Roseisolibacter,Roseisolibacter,ASV1306_Roseisolibacter
ASV1309,-2.449724844,0.573020382,-4.275109436,2.62E-04,0.002605903,TRUE,TRUE,L-BSC,Bacteria,Planctomycetota,Planctomycetes,Isosphaerales,Isosphaeraceae,Tautonia,Tautonia,ASV1309_Tautonia
ASV131,-0.03340039,0.968674594,-0.034480506,0.972779164,0.985442927,FALSE,TRUE,L-BSC,Bacteria,Pseudomonadota,Alphaproteobacteria,Rhodobacterales,Paracoccaceae,Rubellimicrobium,Rubellimicrobium,ASV131_Rubellimicrobium
ASV1310,-0.862680444,0.515892027,-1.672211238,0.107471279,0.239572961,FALSE,TRUE,L-BSC,Bacteria,Actinomycetota,Thermoleophilia,Solirubrobacterales,Solirubrobacteraceae,Solirubrobacter,Solirubrobacter,ASV1310_Solirubrobacter
ASV1311,-2.536959836,0.566114178,-4.481357178,1.55E-04,0.00176279,TRUE,TRUE,L-BSC,Bacteria,Planctomycetota,Phycisphaerae,Tepidisphaerales,WD2101 soil group,NA,WD2101_soil_group,ASV1311_WD2101_soil_group
ASV1312,-1.769358769,0.56801169,-3.115004145,0.004714575,0.02395662,TRUE,TRUE,L-BSC,Bacteria,Nitrospirota,Nitrospiria,Nitrospirales,Nitrospiraceae,Nitrospira,Nitrospira,ASV1312_Nitrospira
ASV1316,-1.714376771,0.553358425,-3.098130785,0.004909492,0.024519405,TRUE,TRUE,L-BSC,Bacteria,Bacillota,Bacilli,Alicyclobacillales,Alicyclobacillaceae,Tumebacillus,Tumebacillus,ASV1316_Tumebacillus
ASV132,-2.360948907,0.537101891,-4.395718853,1.93E-04,0.002033387,TRUE,TRUE,L-BSC,Bacteria,Pseudomonadota,Alphaproteobacteria,Hyphomicrobiales,Beijerinckiaceae,Psychroglaciecola,Psychroglaciecola,ASV132_Psychroglaciecola
ASV1322,0.605613981,0.55447975,1.092220196,0.285579532,0.485596325,FALSE,TRUE,L-BSC,Bacteria,Planctomycetota,Planctomycetes,Gemmatales,Gemmataceae,Gemmata,Gemmata,ASV1322_Gemmata
ASV1324,0.556168942,0.627426248,0.886429192,0.384182751,0.591184518,FALSE,TRUE,L-BSC,Bacteria,Acidobacteriota,Blastocatellia,Blastocatellales,Blastocatellaceae,Blastocatella,Blastocatella,ASV1324_Blastocatella
ASV1325,2.987953548,0.640811601,4.662764445,9.79E-05,0.001222228,TRUE,TRUE,L-BSC,Bacteria,Actinomycetota,Actinobacteria,Kineosporiales,Kineosporiaceae,Kineococcus,Kineococcus,ASV1325_Kineococcus
ASV1326,-0.395553414,0.712715436,-0.554994875,0.584034314,0.767587955,FALSE,TRUE,L-BSC,Bacteria,Bacteroidota,Bacteroidia,Cytophagales,Hymenobacteraceae,Hymenobacter,Hymenobacter,ASV1326_Hymenobacter
ASV1330,-1.095819088,0.486476634,-2.252562637,0.033704007,0.104089406,FALSE,TRUE,L-BSC,Bacteria,Actinomycetota,Actinobacteria,Propionibacteriales,Nocardioidaceae,Nocardioides,Nocardioides,ASV1330_Nocardioides
ASV1332,-0.567348155,0.542145127,-1.046487604,0.305761657,0.507195295,FALSE,TRUE,L-BSC,Bacteria,Pseudomonadota,Alphaproteobacteria,Caulobacterales,Caulobacteraceae,Brevundimonas,Brevundimonas,ASV1332_Brevundimonas
ASV1333,-1.412876283,0.560823555,-2.519288414,0.018826901,0.066083179,FALSE,TRUE,L-BSC,Bacteria,Planctomycetota,Planctomycetes,Isosphaerales,Isosphaeraceae,NA,Isosphaeraceae,ASV1333_Isosphaeraceae
ASV1334,-0.579999705,0.680250132,-0.852627112,0.402295087,0.609368987,FALSE,TRUE,L-BSC,Bacteria,Actinomycetota,Thermoleophilia,Solirubrobacterales,Solirubrobacteraceae,Solirubrobacter,Solirubrobacter,ASV1334_Solirubrobacter
ASV1339,0.27444724,0.513727588,0.53422718,0.598098734,0.781372636,FALSE,TRUE,L-BSC,Bacteria,Abditibacteriota,Abditibacteriia,Abditibacteriales,Abditibacteriaceae,Abditibacterium,Abditibacterium,ASV1339_Abditibacterium
ASV134,-0.46959613,0.720787617,-0.651504158,0.52091147,0.715100738,FALSE,TRUE,L-BSC,Bacteria,Chloroflexota,Anaerolineae,Aggregatilineales,A4b,NA,A4b,ASV134_A4b
ASV1341,0.484339143,0.505931737,0.957321131,0.347950122,0.549924786,FALSE,TRUE,L-BSC,Bacteria,Gemmatimonadota,Gemmatimonadia,Gemmatimonadales,Gemmatimonadaceae,Gemmatimonas,Gemmatimonas,ASV1341_Gemmatimonas
ASV1349,1.1256309,0.5842132,1.926746778,0.065932045,0.170487004,FALSE,TRUE,L-BSC,Bacteria,Armatimonadota,Armatimonadia,Armatimonadales,Armatimonadaceae,NA,Armatimonadaceae,ASV1349_Armatimonadaceae
ASV1353,-0.943640199,0.549670966,-1.716736481,0.098908189,0.228513022,FALSE,TRUE,L-BSC,Bacteria,Chloroflexota,Chloroflexia,Thermomicrobiales,JG30-KF-CM45,NA,JG30-KF-CM45,ASV1353_JG30-KF-CM45
ASV1356,-0.088140125,0.600412679,-0.146799241,0.884516668,0.933416049,FALSE,TRUE,L-BSC,Bacteria,Planctomycetota,Planctomycetes,Gemmatales,Gemmataceae,Gemmata,Gemmata,ASV1356_Gemmata
ASV136,0.508377742,0.726806951,0.699467365,0.490984353,0.687560976,FALSE,TRUE,L-BSC,Bacteria,Verrucomicrobiota,Verrucomicrobiia,Verrucomicrobiales,Rubritaleaceae,Luteolibacter,Luteolibacter,ASV136_Luteolibacter
ASV1361,-0.230497508,0.704357311,-0.327245142,0.746319723,0.859785613,FALSE,TRUE,L-BSC,Bacteria,Bacteroidota,Bacteroidia,Cytophagales,Hymenobacteraceae,Adhaeribacter,Adhaeribacter,ASV1361_Adhaeribacter
ASV1365,-0.324360764,0.676252963,-0.47964413,0.635822596,0.806544193,FALSE,TRUE,L-BSC,Bacteria,Actinomycetota,Actinobacteria,Micrococcales,Cellulomonadaceae,Actinotalea,Actinotalea,ASV1365_Actinotalea
ASV1366,1.420167884,0.529199001,2.68361785,0.012984815,0.050663965,FALSE,TRUE,L-BSC,Bacteria,Abditibacteriota,Abditibacteriia,Abditibacteriales,Abditibacteriaceae,Abditibacterium,Abditibacterium,ASV1366_Abditibacterium
ASV1367,-1.361202746,0.515166966,-2.642255491,0.014269562,0.054699986,FALSE,FALSE,L-BSC,Bacteria,Actinomycetota,Thermoleophilia,Solirubrobacterales,Solirubrobacteraceae,Solirubrobacter,Solirubrobacter,ASV1367_Solirubrobacter
ASV137,-2.398232278,0.659364787,-3.637185856,0.001310472,0.009090102,TRUE,TRUE,L-BSC,Bacteria,Bacteroidota,Bacteroidia,Cytophagales,Cytophagaceae,Rhodocytophaga,Rhodocytophaga,ASV137_Rhodocytophaga
ASV1376,-1.764669888,0.537183283,-3.28504245,0.003123807,0.017961891,TRUE,TRUE,L-BSC,Bacteria,Planctomycetota,Phycisphaerae,Tepidisphaerales,Tepidisphaeraceae,Tepidisphaera,Tepidisphaera,ASV1376_Tepidisphaera
ASV1379,-2.498406719,0.636880122,-3.922883808,6.40E-04,0.005132789,TRUE,TRUE,L-BSC,Bacteria,Myxococcota,Polyangiia,Polyangiales,Polyangiaceae,Aetherobacter,Aetherobacter,ASV1379_Aetherobacter
ASV1381,-0.586742854,0.568892992,-1.031376484,0.312646522,0.512669906,FALSE,TRUE,L-BSC,Bacteria,Planctomycetota,Planctomycetes,Gemmatales,Gemmataceae,Gemmata,Gemmata,ASV1381_Gemmata
ASV1383,-1.118866042,0.649917696,-1.721550359,0.098018023,0.227839767,FALSE,TRUE,L-BSC,Bacteria,Chloroflexota,Chloroflexia,Kallotenuales,AKIW781,NA,AKIW781,ASV1383_AKIW781
ASV139,-2.997165665,0.617403242,-4.854470243,6.01E-05,8.21E-04,TRUE,TRUE,L-BSC,Bacteria,Chloroflexota,Chloroflexia,Thermomicrobiales,JG30-KF-CM45,NA,JG30-KF-CM45,ASV139_JG30-KF-CM45
ASV1396,-1.975780556,0.617780445,-3.198192129,0.003857531,0.02081162,TRUE,TRUE,L-BSC,Bacteria,Bacillota,Bacilli,Bacillales,Planococcaceae,Planococcus,Planococcus,ASV1396_Planococcus
ASV14,-0.217753809,0.442494353,-0.492105284,0.627116255,0.800576579,FALSE,TRUE,L-BSC,Bacteria,Pseudomonadota,Alphaproteobacteria,Hyphomicrobiales,Beijerinckiaceae,NA,Beijerinckiaceae,ASV14_Beijerinckiaceae
ASV140,-4.335051999,0.517287988,-8.380345375,1.37E-08,1.09E-06,TRUE,TRUE,L-BSC,Bacteria,Actinomycetota,Actinobacteria,Propionibacteriales,Nocardioidaceae,Marmoricola,Marmoricola,ASV140_Marmoricola
ASV1404,-1.431276914,0.535340561,-2.673582051,0.013286153,0.051609324,FALSE,FALSE,L-BSC,Bacteria,Pseudomonadota,Alphaproteobacteria,Caulobacterales,Caulobacteraceae,PMMR1,PMMR1,ASV1404_PMMR1
ASV1409,0.802203397,0.555446514,1.444249585,0.161597927,0.320992247,FALSE,TRUE,L-BSC,Bacteria,Gemmatimonadota,Gemmatimonadia,Gemmatimonadales,Gemmatimonadaceae,Gemmatimonas,Gemmatimonas,ASV1409_Gemmatimonas
ASV1410,-0.900738657,0.543488541,-1.65732778,0.110469532,0.24443132,FALSE,TRUE,L-BSC,Bacteria,Pseudomonadota,Gammaproteobacteria,Burkholderiales,Oxalobacteraceae,NA,Oxalobacteraceae,ASV1410_Oxalobacteraceae
ASV1415,-1.248644638,0.632565443,-1.973937483,0.06000684,0.157969814,FALSE,TRUE,L-BSC,Bacteria,Actinomycetota,Actinobacteria,Micrococcales,Microbacteriaceae,Marisediminicola,Marisediminicola,ASV1415_Marisediminicola
ASV1419,-0.344618793,0.454821598,-0.757701028,0.456005789,0.651106184,FALSE,TRUE,L-BSC,Bacteria,Acidobacteriota,Vicinamibacteria,Vicinamibacterales,Vicinamibacteraceae,NA,Vicinamibacteraceae,ASV1419_Vicinamibacteraceae
ASV1423,-1.307883732,0.545508669,-2.397548941,0.024641738,0.08036149,FALSE,TRUE,L-BSC,Bacteria,Planctomycetota,Phycisphaerae,Tepidisphaerales,WD2101 soil group,NA,WD2101_soil_group,ASV1423_WD2101_soil_group
ASV1426,-1.369929256,0.499113291,-2.74472606,0.011284303,0.04544922,TRUE,TRUE,L-BSC,Bacteria,Planctomycetota,Phycisphaerae,Tepidisphaerales,WD2101 soil group,NA,WD2101_soil_group,ASV1426_WD2101_soil_group
ASV1427,-0.245918014,0.564804722,-0.435403608,0.667160215,0.821264828,FALSE,TRUE,L-BSC,Bacteria,Bacteroidota,Bacteroidia,Chitinophagales,Chitinophagaceae,Flavisolibacter,Flavisolibacter,ASV1427_Flavisolibacter
ASV143,-3.272332171,0.64769901,-5.052242043,3.64E-05,5.79E-04,TRUE,TRUE,L-BSC,Bacteria,Chloroflexota,Chloroflexia,Thermomicrobiales,JG30-KF-CM45,NA,JG30-KF-CM45,ASV143_JG30-KF-CM45
ASV1430,0.957952581,0.672202737,1.425094736,0.167005735,0.327840833,FALSE,TRUE,L-BSC,Bacteria,Bacillota,Bacilli,Paenibacillales,Paenibacillaceae,Paenibacillus,Paenibacillus,ASV1430_Paenibacillus
ASV1431,-0.823303939,0.525042121,-1.568072173,0.12995593,0.275015697,FALSE,TRUE,L-BSC,Bacteria,Planctomycetota,Phycisphaerae,Tepidisphaerales,WD2101 soil group,NA,WD2101_soil_group,ASV1431_WD2101_soil_group
ASV1435,-0.636569788,0.563608817,-1.12945321,0.269869506,0.466138237,FALSE,TRUE,L-BSC,Bacteria,Pseudomonadota,Alphaproteobacteria,Hyphomicrobiales,Beijerinckiaceae,Microvirga,Microvirga,ASV1435_Microvirga
ASV1439,-0.850723258,0.550745984,-1.544674463,0.135510019,0.281989898,FALSE,TRUE,L-BSC,Bacteria,Actinomycetota,Thermoleophilia,Solirubrobacterales,Solirubrobacteraceae,Parviterribacter,Parviterribacter,ASV1439_Parviterribacter
ASV1449,-1.563357168,0.527581844,-2.963250513,0.006770821,0.031145775,TRUE,TRUE,L-BSC,Bacteria,Pseudomonadota,Alphaproteobacteria,Hyphomicrobiales,Beijerinckiaceae,NA,Beijerinckiaceae,ASV1449_Beijerinckiaceae
ASV145,-4.081067224,0.577390822,-7.06811932,2.63E-07,9.57E-06,TRUE,TRUE,L-BSC,Bacteria,Actinomycetota,Actinobacteria,Micromonosporales,Micromonosporaceae,Mangrovihabitans,Mangrovihabitans,ASV145_Mangrovihabitans
ASV1457,-1.182056407,0.526003601,-2.247240142,0.034088241,0.104786341,FALSE,TRUE,L-BSC,Bacteria,Bacillota,Bacilli,Alicyclobacillales,Alicyclobacillaceae,Tumebacillus,Tumebacillus,ASV1457_Tumebacillus
ASV1459,-1.838573157,0.486717622,-3.777494536,9.23E-04,0.006952104,TRUE,TRUE,L-BSC,Bacteria,Chloroflexota,Chloroflexia,Kallotenuales,AKIW781,NA,AKIW781,ASV1459_AKIW781
ASV146,-0.252660251,0.724453833,-0.34875963,0.730310862,0.859073611,FALSE,TRUE,L-BSC,Bacteria,Gemmatimonadota,Longimicrobiia,Longimicrobiales,Longimicrobiaceae,NA,Longimicrobiaceae,ASV146_Longimicrobiaceae
ASV1460,0.43866651,0.583318625,0.752018693,0.459352062,0.652239257,FALSE,TRUE,L-BSC,Bacteria,Pseudomonadota,Alphaproteobacteria,Rhodobacterales,Paracoccaceae,Pararhodobacter,Pararhodobacter,ASV1460_Pararhodobacter
ASV1461,0.16091597,0.607244679,0.264993627,0.793277077,0.882091813,FALSE,TRUE,L-BSC,Bacteria,Abditibacteriota,Abditibacteriia,Abditibacteriales,Abditibacteriaceae,Abditibacterium,Abditibacterium,ASV1461_Abditibacterium
ASV1465,0.192472582,0.717568392,0.268228903,0.790815156,0.881597508,FALSE,TRUE,L-BSC,Bacteria,Planctomycetota,Planctomycetes,Isosphaerales,Isosphaeraceae,Tautonia,Tautonia,ASV1465_Tautonia
ASV1475,0.145373591,0.526028582,0.276360631,0.784637071,0.880324518,FALSE,TRUE,L-BSC,Bacteria,Acidobacteriota,Blastocatellia,Blastocatellales,Blastocatellaceae,NA,Blastocatellaceae,ASV1475_Blastocatellaceae
ASV1479,0.012642046,0.463207601,0.027292397,0.978452197,0.988039194,FALSE,TRUE,L-BSC,Bacteria,Actinomycetota,Actinobacteria,Micrococcales,Intrasporangiaceae,Pedococcus-Phycicoccus,Pedococcus-Phycicoccus,ASV1479_Pedococcus-Phycicoccus
ASV148,-0.601586273,1.018893357,-0.590431048,0.560420842,0.747942307,FALSE,TRUE,L-BSC,Bacteria,Chloroflexota,Anaerolineae,Ardenticatenales,Ardenticatenaceae,NA,Ardenticatenaceae,ASV148_Ardenticatenaceae
ASV1482,-1.824488676,0.453070622,-4.026941027,4.92E-04,0.004259414,TRUE,TRUE,L-BSC,Bacteria,Myxococcota,Polyangiia,Nannocystales,Nannocystaceae,Nannocystis,Nannocystis,ASV1482_Nannocystis
ASV1491,-1.309783358,0.518983665,-2.52374679,0.018640344,0.065958139,FALSE,TRUE,L-BSC,Bacteria,Planctomycetota,Phycisphaerae,Tepidisphaerales,WD2101 soil group,NA,WD2101_soil_group,ASV1491_WD2101_soil_group
ASV1492,-2.548994765,0.458840897,-5.555291128,1.03E-05,2.12E-04,TRUE,TRUE,L-BSC,Bacteria,Pseudomonadota,Alphaproteobacteria,Hyphomicrobiales,Beijerinckiaceae,Enterovirga,Enterovirga,ASV1492_Enterovirga
ASV1494,-2.540139933,0.505710336,-5.022914802,3.92E-05,5.87E-04,TRUE,TRUE,L-BSC,Bacteria,Planctomycetota,Planctomycetes,Isosphaerales,Isosphaeraceae,Tautonia,Tautonia,ASV1494_Tautonia
ASV1497,-0.319129782,0.603708965,-0.528615277,0.601927164,0.784030315,FALSE,TRUE,L-BSC,Bacteria,Planctomycetota,Phycisphaerae,Tepidisphaerales,WD2101 soil group,NA,WD2101_soil_group,ASV1497_WD2101_soil_group
ASV1498,0.390929825,0.619546096,0.630993929,0.534008116,0.7258524,FALSE,TRUE,L-BSC,Bacteria,Verrucomicrobiota,Verrucomicrobiia,Chthoniobacterales,Chthoniobacteraceae,Chthoniobacter,Chthoniobacter,ASV1498_Chthoniobacter
ASV15,1.393501431,0.665095229,2.095190841,0.046884594,0.132673472,FALSE,TRUE,L-BSC,Bacteria,Verrucomicrobiota,Verrucomicrobiia,Chthoniobacterales,Chthoniobacteraceae,NA,Chthoniobacteraceae,ASV15_Chthoniobacteraceae
ASV151,-1.284062652,0.557986086,-2.301244931,0.030368175,0.095474046,FALSE,TRUE,L-BSC,Bacteria,Bacteroidota,Bacteroidia,Cytophagales,Hymenobacteraceae,Adhaeribacter,Adhaeribacter,ASV151_Adhaeribacter
ASV1511,-0.795667345,0.442317015,-1.798862168,0.084629546,0.204326584,FALSE,TRUE,L-BSC,Bacteria,Planctomycetota,Phycisphaerae,Tepidisphaerales,Tepidisphaeraceae,NA,Tepidisphaeraceae,ASV1511_Tepidisphaeraceae
ASV1513,1.105352699,0.624041326,1.771281249,0.089213937,0.211883101,FALSE,TRUE,L-BSC,Bacteria,Armatimonadota,Armatimonadia,Armatimonadales,Armatimonadaceae,NA,Armatimonadaceae,ASV1513_Armatimonadaceae
ASV1515,-1.727545674,0.698053991,-2.474802374,0.020785746,0.071242125,FALSE,TRUE,L-BSC,Bacteria,Verrucomicrobiota,Verrucomicrobiia,Chthoniobacterales,Chthoniobacteraceae,Chthoniobacter,Chthoniobacter,ASV1515_Chthoniobacter
ASV1517,-1.098236323,0.641181933,-1.712831051,0.099635399,0.228513022,FALSE,TRUE,L-BSC,Bacteria,Bacteroidota,Bacteroidia,Chitinophagales,Chitinophagaceae,Cnuella,Cnuella,ASV1517_Cnuella
ASV1518,-1.164649297,0.61286996,-1.900320415,0.069469219,0.176500284,FALSE,TRUE,L-BSC,Bacteria,Acidobacteriota,Acidobacteriae,Bryobacterales,Bryobacteraceae,Bryobacter,Bryobacter,ASV1518_Bryobacter
ASV152,2.950747622,0.789766533,3.736227731,0.001023232,0.007452539,TRUE,TRUE,L-BSC,Bacteria,Deinococcota,Deinococci,Deinococcales,Deinococcaceae,Deinococcus,Deinococcus,ASV152_Deinococcus
ASV1526,-0.005116709,0.556503058,-0.009194396,0.992740039,0.995016966,FALSE,TRUE,L-BSC,Bacteria,Gemmatimonadota,Gemmatimonadia,Gemmatimonadales,Gemmatimonadaceae,Roseisolibacter,Roseisolibacter,ASV1526_Roseisolibacter
ASV153,3.3009257,0.621366227,5.312367423,1.89E-05,3.24E-04,TRUE,TRUE,L-BSC,Bacteria,Bacteroidota,Bacteroidia,Chitinophagales,Chitinophagaceae,Segetibacter,Segetibacter,ASV153_Segetibacter
ASV1531,-0.188240214,0.582639801,-0.323081625,0.74943154,0.859785613,FALSE,TRUE,L-BSC,Bacteria,Myxococcota,Polyangiia,Polyangiales,Polyangiaceae,Pajaroellobacter,Pajaroellobacter,ASV1531_Pajaroellobacter
ASV1533,0.805537814,0.696449371,1.156635138,0.258805009,0.456960763,FALSE,TRUE,L-BSC,Bacteria,Deinococcota,Deinococci,Deinococcales,Deinococcaceae,NA,Deinococcaceae,ASV1533_Deinococcaceae
ASV1535,-0.135821811,0.612771146,-0.221651773,0.826460133,0.900656055,FALSE,TRUE,L-BSC,Bacteria,Planctomycetota,Phycisphaerae,Tepidisphaerales,WD2101 soil group,NA,WD2101_soil_group,ASV1535_WD2101_soil_group
ASV155,-0.244186767,0.4967253,-0.491593175,0.62747298,0.800576579,FALSE,TRUE,L-BSC,Bacteria,Bacteroidota,Bacteroidia,Cytophagales,Cytophagaceae,Siphonobacter,Siphonobacter,ASV155_Siphonobacter
ASV1552,0.175473047,0.644826395,0.272124479,0.787853717,0.88054239,FALSE,TRUE,L-BSC,Bacteria,Myxococcota,Polyangiia,Haliangiales,Haliangiaceae,NA,Haliangiaceae,ASV1552_Haliangiaceae
ASV1554,-0.104344512,0.506884791,-0.205854494,0.838640775,0.90714361,FALSE,TRUE,L-BSC,Bacteria,Planctomycetota,Planctomycetes,Gemmatales,Gemmataceae,Gemmata,Gemmata,ASV1554_Gemmata
ASV1558,-1.303580691,0.580369477,-2.246122069,0.034169459,0.104786341,FALSE,TRUE,L-BSC,Bacteria,Bacteroidota,Bacteroidia,Cytophagales,Hymenobacteraceae,Adhaeribacter,Adhaeribacter,ASV1558_Adhaeribacter
ASV1562,-0.399014609,0.65041759,-0.613474505,0.545333573,0.737315185,FALSE,TRUE,L-BSC,Bacteria,Armatimonadota,Chthonomonadia,Chthonomonadales,Chthonomonadaceae,Chthonomonas,Chthonomonas,ASV1562_Chthonomonas
ASV1563,-1.348072214,0.582601122,-2.313885373,0.029552755,0.093583725,FALSE,TRUE,L-BSC,Bacteria,Abditibacteriota,Abditibacteriia,Abditibacteriales,Abditibacteriaceae,Abditibacterium,Abditibacterium,ASV1563_Abditibacterium
ASV1568,-1.110896865,0.595150846,-1.866580333,0.074225261,0.185007279,FALSE,TRUE,L-BSC,Bacteria,Myxococcota,Myxococcia,Myxococcales,Myxococcaceae,NA,Myxococcaceae,ASV1568_Myxococcaceae
ASV157,-0.566660808,0.740493471,-0.765247541,0.451584336,0.648855909,FALSE,TRUE,L-BSC,Bacteria,Verrucomicrobiota,Verrucomicrobiia,Chthoniobacterales,Chthoniobacteraceae,Chthoniobacter,Chthoniobacter,ASV157_Chthoniobacter
ASV1576,0.180028382,0.520453841,0.345906529,0.732426856,0.859785613,FALSE,TRUE,L-BSC,Bacteria,Planctomycetota,Planctomycetes,Isosphaerales,Isosphaeraceae,Tautonia,Tautonia,ASV1576_Tautonia
ASV158,-1.388674857,0.571809513,-2.428562007,0.023020663,0.076738414,FALSE,TRUE,L-BSC,Bacteria,Bacteroidota,Bacteroidia,Cytophagales,Cytophagaceae,Rhodocytophaga,Rhodocytophaga,ASV158_Rhodocytophaga
ASV1588,0.169683381,0.599479194,0.283051327,0.779564591,0.878014758,FALSE,TRUE,L-BSC,Bacteria,Sumerlaeota,Sumerlaeia,Sumerlaeales,Sumerlaeaceae,Sumerlaea,Sumerlaea,ASV1588_Sumerlaea
ASV1589,0.080254288,0.574965537,0.13958104,0.890155767,0.933416049,FALSE,TRUE,L-BSC,Bacteria,Acidobacteriota,Vicinamibacteria,Vicinamibacterales,Vicinamibacteraceae,NA,Vicinamibacteraceae,ASV1589_Vicinamibacteraceae
ASV159,-0.084855209,0.598615426,-0.14175246,0.888458745,0.933416049,FALSE,TRUE,L-BSC,Bacteria,Pseudomonadota,Alphaproteobacteria,Hyphomicrobiales,Beijerinckiaceae,Microvirga,Microvirga,ASV159_Microvirga
ASV1591,0.357492955,0.536956458,0.665776431,0.511902816,0.709038131,FALSE,TRUE,L-BSC,Bacteria,Myxococcota,Polyangiia,Polyangiales,Phaselicystaceae,Phaselicystis,Phaselicystis,ASV1591_Phaselicystis
ASV1598,-1.110616926,0.411642885,-2.698010745,0.012563845,0.049463067,TRUE,TRUE,L-BSC,Bacteria,Abditibacteriota,Abditibacteriia,Abditibacteriales,Abditibacteriaceae,Abditibacterium,Abditibacterium,ASV1598_Abditibacterium
ASV16,-0.610272901,0.43748079,-1.394970739,0.175801761,0.342206546,FALSE,TRUE,L-BSC,Bacteria,Verrucomicrobiota,Verrucomicrobiia,Chthoniobacterales,Chthoniobacteraceae,Chthoniobacter,Chthoniobacter,ASV16_Chthoniobacter
ASV160,1.270003496,0.801693914,1.584150103,0.126249343,0.269972611,FALSE,TRUE,L-BSC,Bacteria,Pseudomonadota,Alphaproteobacteria,Sphingomonadales,Sphingomonadaceae,NA,Sphingomonadaceae,ASV160_Sphingomonadaceae
ASV1603,-0.247903552,0.584683885,-0.423995869,0.675345049,0.825247712,FALSE,TRUE,L-BSC,Bacteria,Chloroflexota,Chloroflexia,Chloroflexales,Chloroflexaceae,FFCH7168,FFCH7168,ASV1603_FFCH7168
ASV1607,1.302346609,0.682620158,1.907864271,0.068442945,0.174805978,FALSE,TRUE,L-BSC,Bacteria,Pseudomonadota,Alphaproteobacteria,Caulobacterales,Caulobacteraceae,Caulobacter,Caulobacter,ASV1607_Caulobacter
ASV1609,-0.248621347,0.541513282,-0.459123267,0.65027696,0.808605457,FALSE,TRUE,L-BSC,Bacteria,Chloroflexota,Chloroflexia,Kallotenuales,AKIW781,NA,AKIW781,ASV1609_AKIW781
ASV1610,0.012372613,0.490776279,0.025210291,0.980095677,0.988039194,FALSE,TRUE,L-BSC,Bacteria,Hydrogenedentes,Hydrogenedentia,Hydrogenedentiales,Hydrogenedensaceae,NA,Hydrogenedensaceae,ASV1610_Hydrogenedensaceae
ASV1616,-0.96468462,0.404285689,-2.386145852,0.025263764,0.082083753,FALSE,TRUE,L-BSC,Bacteria,Planctomycetota,Phycisphaerae,Tepidisphaerales,WD2101 soil group,NA,WD2101_soil_group,ASV1616_WD2101_soil_group
ASV1618,0.695477346,0.669770288,1.038381902,0.309441346,0.510218205,FALSE,TRUE,L-BSC,Bacteria,Pseudomonadota,Alphaproteobacteria,Caulobacterales,Caulobacteraceae,Caulobacter,Caulobacter,ASV1618_Caulobacter
ASV1623,-0.31579622,0.431135309,-0.732475892,0.470971697,0.664990732,FALSE,TRUE,L-BSC,Bacteria,Planctomycetota,Planctomycetes,Pirellulales,Pirellulaceae,Pirellula,Pirellula,ASV1623_Pirellula
ASV1626,-0.215891118,0.537395628,-0.401735903,0.691433489,0.836998434,FALSE,TRUE,L-BSC,Bacteria,Gemmatimonadota,Gemmatimonadia,Gemmatimonadales,Gemmatimonadaceae,Gemmatimonas,Gemmatimonas,ASV1626_Gemmatimonas
ASV1630,-0.929461976,0.73588124,-1.263059752,0.218701204,0.401564816,FALSE,TRUE,L-BSC,Bacteria,Actinomycetota,Actinobacteria,Micromonosporales,Micromonosporaceae,Actinoplanes,Actinoplanes,ASV1630_Actinoplanes
ASV1631,-0.139350328,0.547268961,-0.254628598,0.801179112,0.887011928,FALSE,TRUE,L-BSC,Bacteria,Planctomycetota,Phycisphaerae,Tepidisphaerales,WD2101 soil group,NA,WD2101_soil_group,ASV1631_WD2101_soil_group
ASV1632,0.120282125,0.530885359,0.226568925,0.822677608,0.898775286,FALSE,TRUE,L-BSC,Bacteria,Sumerlaeota,Sumerlaeia,Sumerlaeales,Sumerlaeaceae,Sumerlaea,Sumerlaea,ASV1632_Sumerlaea
ASV1634,-1.509694651,0.598093837,-2.524176906,0.018622437,0.065958139,FALSE,TRUE,L-BSC,Bacteria,Pseudomonadota,Alphaproteobacteria,Acetobacterales,Acetobacteraceae,NA,Acetobacteraceae,ASV1634_Acetobacteraceae
ASV1635,-0.213590352,0.540589221,-0.395106567,0.696254065,0.838190155,FALSE,TRUE,L-BSC,Bacteria,Planctomycetota,Phycisphaerae,Tepidisphaerales,WD2101 soil group,NA,WD2101_soil_group,ASV1635_WD2101_soil_group
ASV1637,-1.74925189,0.528319965,-3.310970636,0.002932302,0.017244914,TRUE,TRUE,L-BSC,Bacteria,Deinococcota,Deinococci,Deinococcales,Deinococcaceae,Deinococcus,Deinococcus,ASV1637_Deinococcus
ASV1654,0.009063583,0.460695326,0.019673703,0.984466318,0.990130682,FALSE,TRUE,L-BSC,Bacteria,Acidobacteriota,Blastocatellia,Blastocatellales,Blastocatellaceae,NA,Blastocatellaceae,ASV1654_Blastocatellaceae
ASV1658,-0.245454899,0.47449753,-0.517294367,0.609685824,0.791776242,FALSE,TRUE,L-BSC,Bacteria,Acidobacteriota,Acidobacteriae,Bryobacterales,Bryobacteraceae,Bryobacter,Bryobacter,ASV1658_Bryobacter
ASV166,-1.797560265,0.791154295,-2.27207294,0.032328985,0.100520124,FALSE,TRUE,L-BSC,Bacteria,Pseudomonadota,Alphaproteobacteria,Sphingomonadales,Sphingomonadaceae,Altererythrobacter,Altererythrobacter,ASV166_Altererythrobacter
ASV1669,0.111432257,0.662107766,0.168299275,0.867758116,0.927164539,FALSE,TRUE,L-BSC,Bacteria,Chloroflexota,Chloroflexia,Kallotenuales,AKIW781,NA,AKIW781,ASV1669_AKIW781
ASV1677,0.375471304,0.537631254,0.698380724,0.491651341,0.687560976,FALSE,TRUE,L-BSC,Bacteria,Armatimonadota,Armatimonadia,Armatimonadales,Armatimonadaceae,NA,Armatimonadaceae,ASV1677_Armatimonadaceae
ASV1682,-1.258072512,0.472630422,-2.661852586,0.013646669,0.052542683,FALSE,FALSE,L-BSC,Bacteria,Actinomycetota,Rubrobacteria,Rubrobacterales,Rubrobacteriaceae,Rubrobacter,Rubrobacter,ASV1682_Rubrobacter
ASV1683,-1.686553364,0.530642043,-3.17832593,0.004047395,0.02130978,TRUE,TRUE,L-BSC,Bacteria,Chloroflexota,Anaerolineae,Caldilineales,Caldilineaceae,NA,Caldilineaceae,ASV1683_Caldilineaceae
ASV1689,-2.119609687,0.529266148,-4.004808723,5.21E-04,0.004417044,TRUE,TRUE,L-BSC,Bacteria,Pseudomonadota,Alphaproteobacteria,Acetobacterales,Acetobacteraceae,Roseicella,Roseicella,ASV1689_Roseicella
ASV169,-1.895619272,0.656769176,-2.886279293,0.008117586,0.03547385,TRUE,TRUE,L-BSC,Bacteria,Gemmatimonadota,Gemmatimonadia,Gemmatimonadales,Gemmatimonadaceae,Roseisolibacter,Roseisolibacter,ASV169_Roseisolibacter
ASV1692,0.813442851,0.612006427,1.329141027,0.196299361,0.372159743,FALSE,TRUE,L-BSC,Bacteria,Actinomycetota,Thermoleophilia,Solirubrobacterales,Solirubrobacteraceae,NA,Solirubrobacteraceae,ASV1692_Solirubrobacteraceae
ASV1706,0.919216813,0.592455256,1.55153795,0.133860918,0.280235977,FALSE,TRUE,L-BSC,Bacteria,Chloroflexota,Chloroflexia,Kallotenuales,AKIW781,NA,AKIW781,ASV1706_AKIW781
ASV1708,0.109887122,0.502574238,0.218648537,0.828772491,0.902051254,FALSE,TRUE,L-BSC,Bacteria,Gemmatimonadota,Longimicrobiia,Longimicrobiales,Longimicrobiaceae,NA,Longimicrobiaceae,ASV1708_Longimicrobiaceae
ASV1709,0.692915472,0.598209141,1.158316423,0.258131769,0.456960763,FALSE,TRUE,L-BSC,Bacteria,Deinococcota,Deinococci,Deinococcales,Deinococcaceae,NA,Deinococcaceae,ASV1709_Deinococcaceae
ASV1712,-0.895044489,0.479641331,-1.866070398,0.074299262,0.185007279,FALSE,TRUE,L-BSC,Bacteria,Planctomycetota,Phycisphaerae,Tepidisphaerales,WD2101 soil group,NA,WD2101_soil_group,ASV1712_WD2101_soil_group
ASV1714,-0.529510584,0.496949613,-1.065521677,0.297242538,0.498637194,FALSE,TRUE,L-BSC,Bacteria,Gemmatimonadota,Gemmatimonadia,Gemmatimonadales,Gemmatimonadaceae,NA,Gemmatimonadaceae,ASV1714_Gemmatimonadaceae
ASV1715,0.131243409,0.563566852,0.232879931,0.817829287,0.898775286,FALSE,TRUE,L-BSC,Bacteria,Armatimonadota,Armatimonadia,Armatimonadales,Armatimonadaceae,NA,Armatimonadaceae,ASV1715_Armatimonadaceae
ASV172,-1.633725849,0.606854331,-2.692121925,0.012734508,0.049910136,FALSE,FALSE,L-BSC,Bacteria,Pseudomonadota,Alphaproteobacteria,Hyphomicrobiales,Beijerinckiaceae,Microvirga,Microvirga,ASV172_Microvirga
ASV1722,-1.890382787,0.569801726,-3.317615059,0.002885089,0.01715352,TRUE,TRUE,L-BSC,Bacteria,Bacteroidota,Bacteroidia,Chitinophagales,Chitinophagaceae,NA,Chitinophagaceae,ASV1722_Chitinophagaceae
ASV1731,-0.576234158,0.529297503,-1.088677264,0.287108039,0.487247429,FALSE,TRUE,L-BSC,Bacteria,Planctomycetota,Planctomycetes,Gemmatales,Gemmataceae,Gemmata,Gemmata,ASV1731_Gemmata
ASV1732,-0.502279452,0.464863174,-1.080488799,0.290663186,0.492324854,FALSE,TRUE,L-BSC,Bacteria,Planctomycetota,Phycisphaerae,Tepidisphaerales,Tepidisphaeraceae,Tepidisphaera,Tepidisphaera,ASV1732_Tepidisphaera
ASV1733,-1.381307728,0.534400764,-2.584778727,0.016253552,0.060449382,FALSE,TRUE,L-BSC,Bacteria,Verrucomicrobiota,Verrucomicrobiia,Verrucomicrobiales,Verrucomicrobiaceae,NA,Verrucomicrobiaceae,ASV1733_Verrucomicrobiaceae
ASV174,-0.582048647,0.570886599,-1.019552128,0.318109097,0.517741808,FALSE,TRUE,L-BSC,Bacteria,Bacteroidota,Bacteroidia,Cytophagales,Hymenobacteraceae,Adhaeribacter,Adhaeribacter,ASV174_Adhaeribacter
ASV1741,-1.168494215,0.720419352,-1.621963946,0.117876053,0.257559175,FALSE,TRUE,L-BSC,Bacteria,Bacteroidota,Bacteroidia,Cytophagales,Hymenobacteraceae,Hymenobacter,Hymenobacter,ASV1741_Hymenobacter
ASV1764,-1.472772893,0.576248882,-2.555793059,0.017349156,0.063179844,FALSE,TRUE,L-BSC,Bacteria,Bacteroidota,Bacteroidia,Cytophagales,Spirosomataceae,NA,Spirosomataceae,ASV1764_Spirosomataceae
ASV1765,0.346461525,0.545709932,0.634882206,0.531511761,0.723584546,FALSE,TRUE,L-BSC,Bacteria,Sumerlaeota,Sumerlaeia,Sumerlaeales,Sumerlaeaceae,Sumerlaea,Sumerlaea,ASV1765_Sumerlaea
ASV1766,-0.489247287,0.581529904,-0.841310624,0.408478723,0.614475738,FALSE,TRUE,L-BSC,Bacteria,Bacillota,Clostridia,Peptostreptococcales-Tissierellales,Peptostreptococcaceae,Sporacetigenium,Sporacetigenium,ASV1766_Sporacetigenium
ASV1788,-0.063656346,0.552395163,-0.115236972,0.909216037,0.943770566,FALSE,TRUE,L-BSC,Bacteria,Planctomycetota,Phycisphaerae,Tepidisphaerales,WD2101 soil group,NA,WD2101_soil_group,ASV1788_WD2101_soil_group
ASV1789,0.878181637,0.68717298,1.277962992,0.213485275,0.395309598,FALSE,TRUE,L-BSC,Bacteria,Pseudomonadota,Gammaproteobacteria,Burkholderiales,Oxalobacteraceae,Massilia,Massilia,ASV1789_Massilia
ASV179,-1.187680859,0.583309543,-2.036107369,0.05292015,0.14453816,FALSE,TRUE,L-BSC,Bacteria,Deinococcota,Deinococci,Deinococcales,Trueperaceae,Truepera,Truepera,ASV179_Truepera
ASV1809,-0.742348331,0.454013155,-1.635081103,0.115081819,0.25335393,FALSE,TRUE,L-BSC,Bacteria,Pseudomonadota,Alphaproteobacteria,Acetobacterales,Acetobacteraceae,Rhodovarius,Rhodovarius,ASV1809_Rhodovarius
ASV1810,-0.176382469,0.452065212,-0.39017041,0.699851942,0.839914757,FALSE,TRUE,L-BSC,Bacteria,Abditibacteriota,Abditibacteriia,Abditibacteriales,Abditibacteriaceae,Abditibacterium,Abditibacterium,ASV1810_Abditibacterium
ASV1817,-0.804133575,0.596493122,-1.348102007,0.190212674,0.363776536,FALSE,TRUE,L-BSC,Bacteria,Planctomycetota,Planctomycetes,Isosphaerales,Isosphaeraceae,NA,Isosphaeraceae,ASV1817_Isosphaeraceae
ASV1822,-0.012292704,0.497893509,-0.024689425,0.980506829,0.988039194,FALSE,TRUE,L-BSC,Bacteria,Bacteroidota,Bacteroidia,Cytophagales,Hymenobacteraceae,Nibribacter,Nibribacter,ASV1822_Nibribacter
ASV1827,-1.164310627,0.530797235,-2.193512984,0.038195437,0.114717566,FALSE,TRUE,L-BSC,Bacteria,Planctomycetota,Planctomycetes,Isosphaerales,Isosphaeraceae,NA,Isosphaeraceae,ASV1827_Isosphaeraceae
ASV183,-2.367313867,0.631463348,-3.748933132,9.91E-04,0.007279798,TRUE,TRUE,L-BSC,Bacteria,Bacteroidota,Bacteroidia,Cytophagales,Spirosomataceae,Fibrella,Fibrella,ASV183_Fibrella
ASV1840,-0.293666829,0.460673513,-0.63747279,0.52985205,0.723584546,FALSE,TRUE,L-BSC,Bacteria,Bacteroidota,Bacteroidia,Cytophagales,Hymenobacteraceae,Hymenobacter,Hymenobacter,ASV1840_Hymenobacter
ASV1846,-0.611733615,0.636213629,-0.961522336,0.345877717,0.549631137,FALSE,TRUE,L-BSC,Bacteria,Actinomycetota,Actinobacteria,Micromonosporales,Micromonosporaceae,Micromonospora,Micromonospora,ASV1846_Micromonospora
ASV1848,0.160303034,0.485796803,0.329979597,0.744278374,0.859785613,FALSE,TRUE,L-BSC,Bacteria,Gemmatimonadota,Gemmatimonadia,Gemmatimonadales,Gemmatimonadaceae,Gemmatimonas,Gemmatimonas,ASV1848_Gemmatimonas
ASV185,0.743914527,0.708635634,1.049784249,0.304273962,0.506543701,FALSE,TRUE,L-BSC,Bacteria,Pseudomonadota,Alphaproteobacteria,Sphingomonadales,Sphingomonadaceae,NA,Sphingomonadaceae,ASV185_Sphingomonadaceae
ASV1850,-0.389833151,0.467936403,-0.833090028,0.413008223,0.619158126,FALSE,TRUE,L-BSC,Bacteria,Bacteroidota,Bacteroidia,Sphingobacteriales,Sphingobacteriaceae,NA,Sphingobacteriaceae,ASV1850_Sphingobacteriaceae
ASV1851,0.480659399,0.492799674,0.975364684,0.33910874,0.54381842,FALSE,TRUE,L-BSC,Bacteria,Verrucomicrobiota,Verrucomicrobiia,Verrucomicrobiales,Verrucomicrobiaceae,NA,Verrucomicrobiaceae,ASV1851_Verrucomicrobiaceae
ASV1859,-1.397092793,0.478963804,-2.916906834,0.007553672,0.033855943,TRUE,TRUE,L-BSC,Bacteria,Actinomycetota,Actinobacteria,Propionibacteriales,Propionibacteriaceae,Microlunatus,Microlunatus,ASV1859_Microlunatus
ASV186,-2.998404507,0.594705445,-5.041831265,3.74E-05,5.84E-04,TRUE,TRUE,L-BSC,Bacteria,Actinomycetota,Actinobacteria,Frankiales,Geodermatophilaceae,Blastococcus,Blastococcus,ASV186_Blastococcus
ASV1863,-3.250796406,0.409237863,-7.943537733,3.58E-08,1.94E-06,TRUE,TRUE,L-BSC,Bacteria,Actinomycetota,Acidimicrobiia,Microtrichales,Ilumatobacteraceae,CL500-29 marine group,CL500-29_marine_group,ASV1863_CL500-29_marine_group
ASV1867,0.095656984,0.502577288,0.190332884,0.850649061,0.915600097,FALSE,TRUE,L-BSC,Bacteria,Bacteroidota,Bacteroidia,Chitinophagales,Chitinophagaceae,Flavisolibacter,Flavisolibacter,ASV1867_Flavisolibacter
ASV1870,0.177230871,0.646664181,0.27406941,0.786376386,0.88054239,FALSE,TRUE,L-BSC,Bacteria,Armatimonadota,Armatimonadia,Armatimonadales,Armatimonadaceae,NA,Armatimonadaceae,ASV1870_Armatimonadaceae
ASV1872,-0.419294094,0.429572798,-0.976072264,0.338765174,0.54381842,FALSE,TRUE,L-BSC,Bacteria,Myxococcota,Polyangiia,Polyangiales,Polyangiaceae,Jahnella,Jahnella,ASV1872_Jahnella
ASV1879,-0.238419074,0.517452638,-0.460755356,0.649122123,0.808605457,FALSE,TRUE,L-BSC,Bacteria,Chloroflexota,Anaerolineae,Aggregatilineales,A4b,NA,A4b,ASV1879_A4b
ASV1884,-1.603466541,0.572710783,-2.799784096,0.009934162,0.041345035,TRUE,TRUE,L-BSC,Bacteria,Myxococcota,Myxococcia,Myxococcales,Myxococcaceae,Cystobacter,Cystobacter,ASV1884_Cystobacter
ASV1889,0.738672424,0.650096982,1.136249582,0.267071155,0.464056042,FALSE,TRUE,L-BSC,Bacteria,Chloroflexota,Chloroflexia,Chloroflexales,Roseiflexaceae,NA,Roseiflexaceae,ASV1889_Roseiflexaceae
ASV189,-0.669873665,0.588993476,-1.137319328,0.266632635,0.464056042,FALSE,TRUE,L-BSC,Bacteria,Acidobacteriota,Blastocatellia,Blastocatellales,Blastocatellaceae,JGI 0001001-H03,JGI_0001001-H03,ASV189_JGI_0001001-H03
ASV1892,0.159659322,0.476599805,0.334996616,0.740538003,0.859785613,FALSE,TRUE,L-BSC,Bacteria,Sumerlaeota,Sumerlaeia,Sumerlaeales,Sumerlaeaceae,Sumerlaea,Sumerlaea,ASV1892_Sumerlaea
ASV19,-0.775453627,0.547224963,-1.41706552,0.16931515,0.331054679,FALSE,TRUE,L-BSC,Bacteria,Acidobacteriota,Blastocatellia,Blastocatellales,Blastocatellaceae,Aridibacter,Aridibacter,ASV19_Aridibacter
ASV1901,-0.881368612,0.459284484,-1.919003674,0.066951759,0.172613091,FALSE,TRUE,L-BSC,Bacteria,Actinomycetota,Thermoleophilia,Solirubrobacterales,67-14,NA,67-14,ASV1901_67-14
ASV1904,-1.237436821,0.492078559,-2.51471396,0.019020118,0.066229416,FALSE,TRUE,L-BSC,Bacteria,Acidobacteriota,Acidobacteriae,Bryobacterales,Bryobacteraceae,Bryobacter,Bryobacter,ASV1904_Bryobacter
ASV1906,0.495616333,0.578981928,0.856013477,0.400456347,0.608693647,FALSE,TRUE,L-BSC,Bacteria,Armatimonadota,Armatimonadia,Armatimonadales,Armatimonadaceae,NA,Armatimonadaceae,ASV1906_Armatimonadaceae
ASV1909,-0.82759308,0.492308457,-1.681045833,0.10572418,0.238151889,FALSE,TRUE,L-BSC,Bacteria,Pseudomonadota,Alphaproteobacteria,Hyphomicrobiales,Beijerinckiaceae,Methylobacterium,Methylobacterium,ASV1909_Methylobacterium
ASV1910,-0.661592783,0.462904377,-1.429221272,0.165828663,0.327621706,FALSE,TRUE,L-BSC,Bacteria,Deinococcota,Deinococci,Deinococcales,Deinococcaceae,NA,Deinococcaceae,ASV1910_Deinococcaceae
ASV1911,0.487591103,0.607841357,0.802168358,0.430327434,0.632111223,FALSE,TRUE,L-BSC,Bacteria,Actinomycetota,Actinobacteria,Frankiales,Cryptosporangiaceae,Cryptosporangium,Cryptosporangium,ASV1911_Cryptosporangium
ASV192,1.147586468,0.752426531,1.52518076,0.140284952,0.289172283,FALSE,TRUE,L-BSC,Bacteria,Acidobacteriota,Blastocatellia,Blastocatellales,Blastocatellaceae,Blastocatella,Blastocatella,ASV192_Blastocatella
ASV193,-3.361714022,0.625660881,-5.373060905,1.62E-05,2.88E-04,TRUE,TRUE,L-BSC,Bacteria,Actinomycetota,Actinobacteria,Micrococcales,Micrococcaceae,NA,Micrococcaceae,ASV193_Micrococcaceae
ASV1930,-2.006036987,0.51414619,-3.901685991,6.75E-04,0.005222803,TRUE,TRUE,L-BSC,Bacteria,Planctomycetota,Planctomycetes,Isosphaerales,Isosphaeraceae,Tautonia,Tautonia,ASV1930_Tautonia
ASV1933,-1.45611242,0.514601521,-2.829592142,0.009268494,0.038947599,TRUE,TRUE,L-BSC,Bacteria,Chloroflexota,Chloroflexia,Thermomicrobiales,JG30-KF-CM45,NA,JG30-KF-CM45,ASV1933_JG30-KF-CM45
ASV194,-2.717072409,0.54759151,-4.961860001,4.58E-05,6.56E-04,TRUE,TRUE,L-BSC,Bacteria,Pseudomonadota,Alphaproteobacteria,Acetobacterales,Acetobacteraceae,Belnapia,Belnapia,ASV194_Belnapia
ASV1943,0.131501974,0.54099538,0.243074117,0.810013491,0.893878524,FALSE,TRUE,L-BSC,Bacteria,Abditibacteriota,Abditibacteriia,Abditibacteriales,Abditibacteriaceae,Abditibacterium,Abditibacterium,ASV1943_Abditibacterium
ASV1947,-1.266088739,0.502554471,-2.51930649,0.018826141,0.066083179,FALSE,TRUE,L-BSC,Bacteria,Chloroflexota,Chloroflexia,Thermomicrobiales,JG30-KF-CM45,NA,JG30-KF-CM45,ASV1947_JG30-KF-CM45
ASV1957,0.060996558,0.662812968,0.092026802,0.927440597,0.954750391,FALSE,TRUE,L-BSC,Bacteria,Chloroflexota,Anaerolineae,Aggregatilineales,A4b,OLB13,OLB13,ASV1957_OLB13
ASV196,0.350275857,0.679137637,0.515765639,0.610737135,0.791964771,FALSE,TRUE,L-BSC,Bacteria,Verrucomicrobiota,Verrucomicrobiia,Verrucomicrobiales,Rubritaleaceae,Luteolibacter,Luteolibacter,ASV196_Luteolibacter
ASV1963,-0.063225885,0.505390576,-0.125103016,0.901484012,0.937972651,FALSE,TRUE,L-BSC,Bacteria,Myxococcota,Polyangiia,Polyangiales,Phaselicystaceae,Phaselicystis,Phaselicystis,ASV1963_Phaselicystis
ASV1965,-0.485143874,0.588137348,-0.824881935,0.417562277,0.62384518,FALSE,TRUE,L-BSC,Bacteria,Bacteroidota,Bacteroidia,Sphingobacteriales,Sphingobacteriaceae,Pedobacter,Pedobacter,ASV1965_Pedobacter
ASV1976,0.6103148,0.583458445,1.046029594,0.305968751,0.507195295,FALSE,TRUE,L-BSC,Bacteria,Armatimonadota,Armatimonadia,Armatimonadales,Armatimonadaceae,NA,Armatimonadaceae,ASV1976_Armatimonadaceae
ASV1982,-0.405269359,0.463867576,-0.873674686,0.390953892,0.598256198,FALSE,TRUE,L-BSC,Bacteria,Planctomycetota,Phycisphaerae,Tepidisphaerales,WD2101 soil group,NA,WD2101_soil_group,ASV1982_WD2101_soil_group
ASV1987,0.728407814,0.595425646,1.223339672,0.233077468,0.423512904,FALSE,TRUE,L-BSC,Bacteria,Planctomycetota,Planctomycetes,Gemmatales,Gemmataceae,Fimbriiglobus,Fimbriiglobus,ASV1987_Fimbriiglobus
ASV1988,0.339963567,0.558373386,0.608846295,0.548346533,0.737315185,FALSE,TRUE,L-BSC,Bacteria,Planctomycetota,Planctomycetes,Isosphaerales,Isosphaeraceae,NA,Isosphaeraceae,ASV1988_Isosphaeraceae
ASV1989,-1.580835993,0.526828549,-3.000665011,0.006195939,0.028969865,TRUE,TRUE,L-BSC,Bacteria,Bacteroidota,Bacteroidia,Chitinophagales,Chitinophagaceae,Aurantisolimonas,Aurantisolimonas,ASV1989_Aurantisolimonas
ASV199,-0.565073355,0.690893552,-0.817887725,0.421467572,0.62665289,FALSE,TRUE,L-BSC,Bacteria,Pseudomonadota,Alphaproteobacteria,Sphingomonadales,Sphingomonadaceae,Rhizorhabdus,Rhizorhabdus,ASV199_Rhizorhabdus
ASV1993,0.310524481,0.628658428,0.493947854,0.625833524,0.800576579,FALSE,TRUE,L-BSC,Bacteria,Verrucomicrobiota,Verrucomicrobiia,Pedosphaerales,Pedosphaeraceae,Pedosphaera,Pedosphaera,ASV1993_Pedosphaera
ASV1994,0.256432364,0.55795239,0.459595423,0.649942779,0.808605457,FALSE,TRUE,L-BSC,Bacteria,Actinomycetota,Thermoleophilia,Solirubrobacterales,Solirubrobacteraceae,JCM 18997,JCM_18997,ASV1994_JCM_18997
ASV1999,0.558832593,0.637528038,0.876561593,0.38941457,0.59815173,FALSE,TRUE,L-BSC,Bacteria,Abditibacteriota,Abditibacteriia,Abditibacteriales,Abditibacteriaceae,Abditibacterium,Abditibacterium,ASV1999_Abditibacterium
ASV20,4.26608671,0.60196191,7.08697119,2.51E-07,9.55E-06,TRUE,TRUE,L-BSC,Bacteria,Abditibacteriota,Abditibacteriia,Abditibacteriales,Abditibacteriaceae,Abditibacterium,Abditibacterium,ASV20_Abditibacterium
ASV2006,0.451569171,0.59869929,0.754250386,0.458036098,0.651992752,FALSE,TRUE,L-BSC,Bacteria,Actinomycetota,Acidimicrobiia,Acidimicrobiales,Acidimicrobiaceae,NA,Acidimicrobiaceae,ASV2006_Acidimicrobiaceae
ASV2008,-0.833935345,0.5722225,-1.457362031,0.157977725,0.314516018,FALSE,TRUE,L-BSC,Bacteria,Armatimonadota,Armatimonadia,Armatimonadales,Armatimonadaceae,NA,Armatimonadaceae,ASV2008_Armatimonadaceae
ASV201,-1.027917485,0.789476607,-1.302023994,0.205266494,0.384984797,FALSE,TRUE,L-BSC,Bacteria,Actinomycetota,Acidimicrobiia,Acidimicrobiales,Acidimicrobiaceae,NA,Acidimicrobiaceae,ASV201_Acidimicrobiaceae
ASV2018,-0.438863024,0.452272627,-0.97035062,0.341550135,0.546654062,FALSE,TRUE,L-BSC,Bacteria,Actinomycetota,Thermoleophilia,Solirubrobacterales,Solirubrobacteraceae,NA,Solirubrobacteraceae,ASV2018_Solirubrobacteraceae
ASV202,-5.29863652,0.344061284,-15.40026957,6.11E-14,5.34E-11,TRUE,TRUE,L-BSC,Bacteria,Actinomycetota,Actinobacteria,Propionibacteriales,Propionibacteriaceae,Microlunatus,Microlunatus,ASV202_Microlunatus
ASV2032,1.056560506,0.71433183,1.479089217,0.152123157,0.306349398,FALSE,TRUE,L-BSC,Bacteria,Bacteroidota,Bacteroidia,Chitinophagales,Chitinophagaceae,Segetibacter,Segetibacter,ASV2032_Segetibacter
ASV2045,-0.865899886,0.628649754,-1.377396364,0.181100721,0.350957939,FALSE,TRUE,L-BSC,Bacteria,Actinomycetota,Actinobacteria,Propionibacteriales,Nocardioidaceae,Nocardioides,Nocardioides,ASV2045_Nocardioides
ASV2051,0.510003486,0.533799928,0.955420673,0.348890349,0.55041546,FALSE,TRUE,L-BSC,Bacteria,Actinomycetota,Acidimicrobiia,Acidimicrobiales,Acidimicrobiaceae,NA,Acidimicrobiaceae,ASV2051_Acidimicrobiaceae
ASV206,3.88627579,0.610608845,6.364591374,1.40E-06,4.22E-05,TRUE,TRUE,L-BSC,Bacteria,Armatimonadota,Armatimonadia,Armatimonadales,Armatimonadaceae,NA,Armatimonadaceae,ASV206_Armatimonadaceae
ASV207,1.099921519,0.679500068,1.618721722,0.118575374,0.257798201,FALSE,TRUE,L-BSC,Bacteria,Acidobacteriota,Blastocatellia,Blastocatellales,Blastocatellaceae,Blastocatella,Blastocatella,ASV207_Blastocatella
ASV2070,-0.388309872,0.504125467,-0.770264345,0.448659342,0.648746023,FALSE,TRUE,L-BSC,Bacteria,Chloroflexota,Chloroflexia,Chloroflexales,Roseiflexaceae,NA,Roseiflexaceae,ASV2070_Roseiflexaceae
ASV2074,-0.442834956,0.550921896,-0.803807145,0.429398432,0.631808468,FALSE,TRUE,L-BSC,Bacteria,Planctomycetota,Phycisphaerae,Tepidisphaerales,WD2101 soil group,NA,WD2101_soil_group,ASV2074_WD2101_soil_group
ASV2077,0.147801577,0.512134718,0.28859902,0.775366213,0.875542727,FALSE,TRUE,L-BSC,Bacteria,Chloroflexota,Chloroflexia,Kallotenuales,AKIW781,NA,AKIW781,ASV2077_AKIW781
ASV208,0.285697538,0.752074808,0.379879149,0.707376057,0.845754684,FALSE,TRUE,L-BSC,Bacteria,Acidobacteriota,Blastocatellia,Blastocatellales,Blastocatellaceae,NA,Blastocatellaceae,ASV208_Blastocatellaceae
ASV2087,1.210462443,0.585335189,2.067981672,0.049583284,0.138453003,FALSE,TRUE,L-BSC,Bacteria,Actinomycetota,Thermoleophilia,Solirubrobacterales,Solirubrobacteraceae,Solirubrobacter,Solirubrobacter,ASV2087_Solirubrobacter
ASV2093,0.013378157,0.55501291,0.024104227,0.980968769,0.988039194,FALSE,TRUE,L-BSC,Bacteria,Bacteroidota,Bacteroidia,Chitinophagales,Chitinophagaceae,Flavisolibacter,Flavisolibacter,ASV2093_Flavisolibacter
ASV2097,0.440280594,0.640286141,0.687630992,0.498277394,0.694568489,FALSE,TRUE,L-BSC,Bacteria,Bacteroidota,Bacteroidia,Cytophagales,Cytophagaceae,Cytophaga,Cytophaga,ASV2097_Cytophaga
ASV21,1.095556259,0.639953799,1.711930237,0.099803777,0.228513022,FALSE,TRUE,L-BSC,Bacteria,Pseudomonadota,Alphaproteobacteria,Rhodobacterales,Paracoccaceae,Rubellimicrobium,Rubellimicrobium,ASV21_Rubellimicrobium
ASV210,-0.285599165,0.606828427,-0.470642364,0.642145502,0.808605457,FALSE,TRUE,L-BSC,Bacteria,Acidobacteriota,Blastocatellia,Blastocatellales,Blastocatellaceae,Blastocatella,Blastocatella,ASV210_Blastocatella
ASV2109,-1.103923743,0.538716394,-2.049174213,0.051528781,0.142069888,FALSE,TRUE,L-BSC,Bacteria,Chloroflexota,Chloroflexia,Chloroflexales,Roseiflexaceae,NA,Roseiflexaceae,ASV2109_Roseiflexaceae
ASV2110,-0.387625197,0.606877866,-0.638720274,0.529053824,0.723584546,FALSE,TRUE,L-BSC,Bacteria,Bacteroidota,Bacteroidia,Chitinophagales,Chitinophagaceae,Cnuella,Cnuella,ASV2110_Cnuella
ASV2112,-1.20559727,0.5183068,-2.326030198,0.028788209,0.091494164,FALSE,TRUE,L-BSC,Bacteria,Myxococcota,Polyangiia,Haliangiales,Haliangiaceae,NA,Haliangiaceae,ASV2112_Haliangiaceae
ASV212,-1.233197169,0.668785861,-1.843934271,0.077573973,0.190448463,FALSE,TRUE,L-BSC,Bacteria,Bacteroidota,Bacteroidia,Chitinophagales,Chitinophagaceae,Flavisolibacter,Flavisolibacter,ASV212_Flavisolibacter
ASV2120,-0.517405882,0.634781534,-0.815092837,0.423034481,0.627728585,FALSE,TRUE,L-BSC,Bacteria,Pseudomonadota,Alphaproteobacteria,Rhodobacterales,Paracoccaceae,NA,Paracoccaceae,ASV2120_Paracoccaceae
ASV2135,0.080220777,0.490890542,0.163418869,0.871556983,0.928917291,FALSE,TRUE,L-BSC,Bacteria,Planctomycetota,Planctomycetes,Gemmatales,Gemmataceae,Gemmata,Gemmata,ASV2135_Gemmata
ASV214,1.732379576,0.713747547,2.427160111,0.023091765,0.076738414,FALSE,TRUE,L-BSC,Bacteria,Deinococcota,Deinococci,Deinococcales,Deinococcaceae,NA,Deinococcaceae,ASV214_Deinococcaceae
ASV2142,-1.403925681,0.507703382,-2.765247839,0.010761974,0.044121139,TRUE,TRUE,L-BSC,Bacteria,Planctomycetota,Planctomycetes,Pirellulales,Pirellulaceae,Pirellula,Pirellula,ASV2142_Pirellula
ASV2145,0.360840873,0.481005227,0.750180772,0.46043752,0.652239257,FALSE,TRUE,L-BSC,Bacteria,Planctomycetota,Planctomycetes,Gemmatales,Gemmataceae,Zavarzinella,Zavarzinella,ASV2145_Zavarzinella
ASV2154,-0.798807498,0.461464399,-1.731027355,0.096285446,0.22440928,FALSE,TRUE,L-BSC,Bacteria,Planctomycetota,Planctomycetes,Isosphaerales,Isosphaeraceae,Tundrisphaera,Tundrisphaera,ASV2154_Tundrisphaera
ASV2155,0.171105389,0.460161664,0.371837556,0.713276678,0.848186817,FALSE,TRUE,L-BSC,Bacteria,Planctomycetota,Planctomycetes,Gemmatales,Gemmataceae,Gemmata,Gemmata,ASV2155_Gemmata
ASV2157,-0.785898138,0.603085771,-1.303128304,0.204895231,0.384984797,FALSE,TRUE,L-BSC,Bacteria,Bacteroidota,Bacteroidia,Cytophagales,Hymenobacteraceae,Hymenobacter,Hymenobacter,ASV2157_Hymenobacter
ASV216,2.272806954,0.773873244,2.936924067,0.007205493,0.032842074,FALSE,FALSE,L-BSC,Bacteria,Deinococcota,Deinococci,Deinococcales,Deinococcaceae,Deinococcus,Deinococcus,ASV216_Deinococcus
ASV2171,-0.355391567,0.456094705,-0.779205642,0.443474663,0.644919893,FALSE,TRUE,L-BSC,Bacteria,Bacillota,Bacilli,Bacillales,Bacillaceae,Halalkalibacter,Halalkalibacter,ASV2171_Halalkalibacter
ASV2179,0.147452719,0.510168569,0.289027448,0.775042276,0.875542727,FALSE,TRUE,L-BSC,Bacteria,Gemmatimonadota,Longimicrobiia,Longimicrobiales,Longimicrobiaceae,NA,Longimicrobiaceae,ASV2179_Longimicrobiaceae
ASV218,0.17266312,0.613852374,0.281277922,0.780908117,0.878396003,FALSE,TRUE,L-BSC,Bacteria,Gemmatimonadota,Gemmatimonadia,Gemmatimonadales,Gemmatimonadaceae,NA,Gemmatimonadaceae,ASV218_Gemmatimonadaceae
ASV2185,0.116263096,0.509207493,0.228321651,0.821330375,0.898775286,FALSE,TRUE,L-BSC,Bacteria,Bdellovibrionota,Bdellovibrionia,Bdellovibrionales,Pseudobdellovibrionaceae,NA,Pseudobdellovibrionaceae,ASV2185_Pseudobdellovibrionaceae
ASV2191,0.003249094,0.479510949,0.00677585,0.994649705,0.995789051,FALSE,TRUE,L-BSC,Bacteria,Abditibacteriota,Abditibacteriia,Abditibacteriales,Abditibacteriaceae,Abditibacterium,Abditibacterium,ASV2191_Abditibacterium
ASV22,-1.397519108,0.568247803,-2.459348017,0.021509325,0.072864924,FALSE,TRUE,L-BSC,Bacteria,Pseudomonadota,Alphaproteobacteria,Sphingomonadales,Sphingomonadaceae,Sphingomonas,Sphingomonas,ASV22_Sphingomonas
ASV2204,0.088626501,0.49810726,0.17792654,0.860273934,0.923684789,FALSE,TRUE,L-BSC,Bacteria,Chloroflexota,Chloroflexia,Thermomicrobiales,AKYG1722,NA,AKYG1722,ASV2204_AKYG1722
ASV2209,-0.848986358,0.444723918,-1.909018887,0.068287044,0.174805978,FALSE,TRUE,L-BSC,Bacteria,Planctomycetota,Planctomycetes,Isosphaerales,Isosphaeraceae,Tautonia,Tautonia,ASV2209_Tautonia
ASV221,-2.653340395,0.675249953,-3.929419593,6.30E-04,0.005095645,TRUE,TRUE,L-BSC,Bacteria,Armatimonadota,Armatimonadia,Armatimonadales,Armatimonadaceae,NA,Armatimonadaceae,ASV221_Armatimonadaceae
ASV223,-1.055622821,0.823321319,-1.28215169,0.212036604,0.395309598,FALSE,TRUE,L-BSC,Bacteria,Deinococcota,Deinococci,Deinococcales,Deinococcaceae,Deinococcus,Deinococcus,ASV223_Deinococcus
ASV225,-0.461365661,0.789412327,-0.584441926,0.564377061,0.748506148,FALSE,TRUE,L-BSC,Bacteria,Acidobacteriota,Vicinamibacteria,Vicinamibacterales,Vicinamibacteraceae,NA,Vicinamibacteraceae,ASV225_Vicinamibacteraceae
ASV2255,-0.928910989,0.554964154,-1.673821601,0.107151019,0.239514042,FALSE,TRUE,L-BSC,Bacteria,Bacteroidota,Bacteroidia,Cytophagales,Cytophagaceae,Sporocytophaga,Sporocytophaga,ASV2255_Sporocytophaga
ASV226,-0.977033482,0.741086973,-1.318378973,0.19982101,0.378016369,FALSE,TRUE,L-BSC,Bacteria,Acidobacteriota,Blastocatellia,Blastocatellales,Blastocatellaceae,Stenotrophobacter,Stenotrophobacter,ASV226_Stenotrophobacter
ASV2265,0.153372799,0.508429135,0.301660131,0.765509583,0.871165854,FALSE,TRUE,L-BSC,Bacteria,Acidobacteriota,Blastocatellia,Blastocatellales,Blastocatellaceae,OLB17,OLB17,ASV2265_OLB17
ASV227,-0.478471838,0.844856158,-0.566335267,0.576424006,0.761700426,FALSE,TRUE,L-BSC,Bacteria,Gemmatimonadota,Gemmatimonadia,Gemmatimonadales,Gemmatimonadaceae,NA,Gemmatimonadaceae,ASV227_Gemmatimonadaceae
ASV2270,0.028614305,0.551599871,0.051875111,0.959057566,0.974670131,FALSE,TRUE,L-BSC,Bacteria,Chloroflexota,Chloroflexia,Kallotenuales,AKIW781,NA,AKIW781,ASV2270_AKIW781
ASV2271,0.615339657,0.560183201,1.098461462,0.282901145,0.48365675,FALSE,TRUE,L-BSC,Bacteria,Actinomycetota,Thermoleophilia,Solirubrobacterales,Solirubrobacteraceae,NA,Solirubrobacteraceae,ASV2271_Solirubrobacteraceae
ASV2273,-0.298631331,0.507039931,-0.588970045,0.561384615,0.747942307,FALSE,TRUE,L-BSC,Bacteria,Actinomycetota,Actinobacteria,Kineosporiales,Kineosporiaceae,Thalassiella,Thalassiella,ASV2273_Thalassiella
ASV228,-1.762513957,0.622117675,-2.833087741,0.009193261,0.038947599,TRUE,TRUE,L-BSC,Bacteria,Bacillota,Bacilli,Brevibacillales,Brevibacillaceae,Brevibacillus,Brevibacillus,ASV228_Brevibacillus
ASV2284,-0.552832604,0.529002598,-1.045047049,0.306413352,0.507195295,FALSE,TRUE,L-BSC,Bacteria,Chloroflexota,Chloroflexia,Thermomicrobiales,JG30-KF-CM45,NA,JG30-KF-CM45,ASV2284_JG30-KF-CM45
ASV229,-2.19005588,0.761737653,-2.875078936,0.008333635,0.036066422,TRUE,TRUE,L-BSC,Bacteria,Pseudomonadota,Alphaproteobacteria,Sphingomonadales,Sphingomonadaceae,Sphingomonas,Sphingomonas,ASV229_Sphingomonas
ASV23,-2.450131685,0.577617112,-4.24179207,2.86E-04,0.002712702,TRUE,TRUE,L-BSC,Bacteria,Chloroflexota,Chloroflexia,Kallotenuales,AKIW781,NA,AKIW781,ASV23_AKIW781
ASV2308,0.493335086,0.52284251,0.943563457,0.35479527,0.557717745,FALSE,TRUE,L-BSC,Bacteria,Actinomycetota,Acidimicrobiia,Acidimicrobiales,Acidimicrobiaceae,NA,Acidimicrobiaceae,ASV2308_Acidimicrobiaceae
ASV231,-1.344074848,0.588027194,-2.285735866,0.03139669,0.098353789,FALSE,TRUE,L-BSC,Bacteria,Bacteroidota,Bacteroidia,Cytophagales,Spirosomataceae,NA,Spirosomataceae,ASV231_Spirosomataceae
ASV2313,0.582763385,0.531013772,1.097454371,0.283332101,0.48365675,FALSE,TRUE,L-BSC,Bacteria,Chloroflexota,Chloroflexia,Kallotenuales,AKIW781,NA,AKIW781,ASV2313_AKIW781
ASV2317,0.144579197,0.537754797,0.268857104,0.790337376,0.881597508,FALSE,TRUE,L-BSC,Bacteria,Pseudomonadota,Alphaproteobacteria,Caulobacterales,Caulobacteraceae,Caulobacter,Caulobacter,ASV2317_Caulobacter
ASV2319,0.409987048,0.541899434,0.756574048,0.456668296,0.651106184,FALSE,TRUE,L-BSC,Bacteria,Planctomycetota,Planctomycetes,Gemmatales,Gemmataceae,NA,Gemmataceae,ASV2319_Gemmataceae
ASV232,-0.690252244,0.438855867,-1.572844972,0.128846351,0.273994431,FALSE,TRUE,L-BSC,Bacteria,Bacteroidota,Bacteroidia,Cytophagales,Spirosomataceae,Telluribacter,Telluribacter,ASV232_Telluribacter
ASV2336,-0.234085093,0.505173385,-0.463375744,0.64726986,0.808605457,FALSE,TRUE,L-BSC,Bacteria,Gemmatimonadota,Longimicrobiia,Longimicrobiales,Longimicrobiaceae,NA,Longimicrobiaceae,ASV2336_Longimicrobiaceae
ASV2343,-0.835098863,0.486206544,-1.717580467,0.098751628,0.228513022,FALSE,TRUE,L-BSC,Bacteria,Planctomycetota,Phycisphaerae,Tepidisphaerales,WD2101 soil group,NA,WD2101_soil_group,ASV2343_WD2101_soil_group
ASV235,-2.271239015,0.686194004,-3.309907987,0.002939922,0.017244914,TRUE,TRUE,L-BSC,Bacteria,Bacteroidota,Bacteroidia,Chitinophagales,Chitinophagaceae,Flavisolibacter,Flavisolibacter,ASV235_Flavisolibacter
ASV236,-1.424890078,0.710701253,-2.004907226,0.056378135,0.149926686,FALSE,TRUE,L-BSC,Bacteria,Gemmatimonadota,Gemmatimonadia,Gemmatimonadales,Gemmatimonadaceae,Gemmatimonas,Gemmatimonas,ASV236_Gemmatimonas
ASV2362,-0.947275918,0.625847016,-1.513590213,0.143188689,0.292491057,FALSE,TRUE,L-BSC,Bacteria,Chloroflexota,Chloroflexia,Kallotenuales,AKIW781,NA,AKIW781,ASV2362_AKIW781
ASV2364,-0.339137022,0.510470604,-0.664361511,0.512792038,0.709145951,FALSE,TRUE,L-BSC,Bacteria,Acidobacteriota,Acidobacteriae,Bryobacterales,Bryobacteraceae,Bryobacter,Bryobacter,ASV2364_Bryobacter
ASV237,-3.343772626,0.597639249,-5.594968254,9.30E-06,2.12E-04,TRUE,TRUE,L-BSC,Bacteria,Planctomycetota,Planctomycetes,Isosphaerales,Isosphaeraceae,NA,Isosphaeraceae,ASV237_Isosphaeraceae
ASV2370,0.77231861,0.609508115,1.267117846,0.217271371,0.400551489,FALSE,TRUE,L-BSC,Bacteria,Chloroflexota,Chloroflexia,Chloroflexales,Chloroflexaceae,FFCH7168,FFCH7168,ASV2370_FFCH7168
ASV2371,0.26078393,0.576008069,0.452743536,0.654799697,0.811765866,FALSE,TRUE,L-BSC,Bacteria,Pseudomonadota,Alphaproteobacteria,Sphingomonadales,Sphingomonadaceae,Sphingomonas,Sphingomonas,ASV2371_Sphingomonas
ASV238,-2.062156865,0.702278384,-2.936380946,0.007214735,0.032842074,TRUE,TRUE,L-BSC,Bacteria,Chloroflexota,Chloroflexia,Kallotenuales,AKIW781,NA,AKIW781,ASV238_AKIW781
ASV2384,0.22868754,0.490987262,0.465770822,0.645578889,0.808605457,FALSE,TRUE,L-BSC,Bacteria,Verrucomicrobiota,Verrucomicrobiia,Chthoniobacterales,Chthoniobacteraceae,Chthoniobacter,Chthoniobacter,ASV2384_Chthoniobacter
ASV239,-3.797762703,0.38905825,-9.761424412,7.86E-10,8.59E-08,TRUE,TRUE,L-BSC,Bacteria,Pseudomonadota,Alphaproteobacteria,Acetobacterales,Acetobacteraceae,NA,Acetobacteraceae,ASV239_Acetobacteraceae
ASV2419,0.038086216,0.470208163,0.080998628,0.936114731,0.958037793,FALSE,TRUE,L-BSC,Bacteria,Planctomycetota,Phycisphaerae,Tepidisphaerales,WD2101 soil group,NA,WD2101_soil_group,ASV2419_WD2101_soil_group
ASV2421,-0.214122693,0.508873966,-0.420777457,0.677661657,0.825247712,FALSE,TRUE,L-BSC,Bacteria,Planctomycetota,Planctomycetes,Isosphaerales,Isosphaeraceae,NA,Isosphaeraceae,ASV2421_Isosphaeraceae
ASV2428,-1.494496356,0.453931481,-3.292339086,0.003068723,0.01776201,TRUE,TRUE,L-BSC,Bacteria,Myxococcota,Myxococcia,Myxococcales,Myxococcaceae,NA,Myxococcaceae,ASV2428_Myxococcaceae
ASV243,1.225241185,0.674659697,1.816087711,0.081870355,0.199873436,FALSE,TRUE,L-BSC,Bacteria,Bacteroidota,Bacteroidia,Chitinophagales,Chitinophagaceae,Segetibacter,Segetibacter,ASV243_Segetibacter
ASV2444,0.455182847,0.593075583,0.767495509,0.450272266,0.648855909,FALSE,TRUE,L-BSC,Bacteria,Actinomycetota,Acidimicrobiia,Microtrichales,Ilumatobacteraceae,NA,Ilumatobacteraceae,ASV2444_Ilumatobacteraceae
ASV2445,-0.45125682,0.560319826,-0.805355797,0.428521666,0.63158168,FALSE,TRUE,L-BSC,Bacteria,Chloroflexota,Chloroflexia,Kallotenuales,AKIW781,NA,AKIW781,ASV2445_AKIW781
ASV245,-0.431570617,0.662867015,-0.651066665,0.521188982,0.715100738,FALSE,TRUE,L-BSC,Bacteria,Acidobacteriota,Blastocatellia,Pyrinomonadales,Pyrinomonadaceae,NA,Pyrinomonadaceae,ASV245_Pyrinomonadaceae
ASV2451,-0.804727578,0.427685223,-1.881588457,0.072075805,0.182064317,FALSE,TRUE,L-BSC,Bacteria,Pseudomonadota,Gammaproteobacteria,Burkholderiales,B1-7BS,NA,B1-7BS,ASV2451_B1-7BS
ASV2465,-0.533598467,0.480984151,-1.109388878,0.278255425,0.477790258,FALSE,TRUE,L-BSC,Bacteria,Planctomycetota,Planctomycetes,Gemmatales,Gemmataceae,NA,Gemmataceae,ASV2465_Gemmataceae
ASV2468,1.280083951,0.55488659,2.306928974,0.029998994,0.094653867,FALSE,TRUE,L-BSC,Bacteria,Gemmatimonadota,Longimicrobiia,Longimicrobiales,Longimicrobiaceae,NA,Longimicrobiaceae,ASV2468_Longimicrobiaceae
ASV248,-0.703982389,0.593593584,-1.185966977,0.247244364,0.444632868,FALSE,TRUE,L-BSC,Bacteria,Actinomycetota,Thermoleophilia,Solirubrobacterales,Solirubrobacteraceae,NA,Solirubrobacteraceae,ASV248_Solirubrobacteraceae
ASV249,-1.459902501,0.639383176,-2.283298271,0.031561203,0.09851604,FALSE,TRUE,L-BSC,Bacteria,Verrucomicrobiota,Verrucomicrobiia,Chthoniobacterales,Chthoniobacteraceae,Candidatus Udaeobacter,Candidatus_Udaeobacter,ASV249_Candidatus_Udaeobacter
ASV25,-1.715703871,0.57537495,-2.981888368,0.006478353,0.029958098,TRUE,TRUE,L-BSC,Bacteria,Verrucomicrobiota,Verrucomicrobiia,Chthoniobacterales,Chthoniobacteraceae,Candidatus Udaeobacter,Candidatus_Udaeobacter,ASV25_Candidatus_Udaeobacter
ASV252,2.401841769,0.610741173,3.932667186,6.25E-04,0.005095645,TRUE,TRUE,L-BSC,Bacteria,Deinococcota,Deinococci,Deinococcales,Deinococcaceae,NA,Deinococcaceae,ASV252_Deinococcaceae
ASV2524,-0.775905005,0.484334008,-1.602003973,0.122236352,0.264442008,FALSE,TRUE,L-BSC,Bacteria,Planctomycetota,Phycisphaerae,Tepidisphaerales,WD2101 soil group,NA,WD2101_soil_group,ASV2524_WD2101_soil_group
ASV253,1.434499758,0.739939075,1.938672799,0.064388086,0.166988687,FALSE,TRUE,L-BSC,Bacteria,Planctomycetota,Planctomycetes,Gemmatales,Gemmataceae,Gemmata,Gemmata,ASV253_Gemmata
ASV2530,0.094308332,0.51840674,0.181919572,0.857173643,0.921488025,FALSE,TRUE,L-BSC,Bacteria,Pseudomonadota,Alphaproteobacteria,Sphingomonadales,Sphingomonadaceae,Sphingoaurantiacus,Sphingoaurantiacus,ASV2530_Sphingoaurantiacus
ASV2534,0.638414556,0.61652041,1.035512444,0.310751402,0.510520161,FALSE,TRUE,L-BSC,Bacteria,Chloroflexota,Chloroflexia,Chloroflexales,Chloroflexaceae,Chloronema,Chloronema,ASV2534_Chloronema
ASV2537,0.618363081,0.624246765,0.990574746,0.331775816,0.535992723,FALSE,TRUE,L-BSC,Bacteria,Bacillota,Bacilli,Paenibacillales,Paenibacillaceae,Gorillibacterium,Gorillibacterium,ASV2537_Gorillibacterium
ASV2546,-0.194933397,0.491597154,-0.396530767,0.695217337,0.838096486,FALSE,TRUE,L-BSC,Bacteria,Bacteroidota,Bacteroidia,Flavobacteriales,Weeksellaceae,Chryseobacterium,Chryseobacterium,ASV2546_Chryseobacterium
ASV255,-0.92379166,0.790232378,-1.169012668,0.253878875,0.452837014,FALSE,TRUE,L-BSC,Bacteria,Bacteroidota,Bacteroidia,Cytophagales,Hymenobacteraceae,Hymenobacter,Hymenobacter,ASV255_Hymenobacter
ASV2550,0.238511958,0.525222371,0.454116144,0.653825478,0.811709472,FALSE,TRUE,L-BSC,Bacteria,Bacteroidota,Bacteroidia,Cytophagales,Hymenobacteraceae,Hymenobacter,Hymenobacter,ASV2550_Hymenobacter
ASV2553,0.072283528,0.497676938,0.145241868,0.885732824,0.933416049,FALSE,TRUE,L-BSC,Bacteria,Planctomycetota,Planctomycetes,Gemmatales,Gemmataceae,Gemmata,Gemmata,ASV2553_Gemmata
ASV256,-0.523436171,0.822065974,-0.636732558,0.530326009,0.723584546,FALSE,TRUE,L-BSC,Bacteria,Planctomycetota,Planctomycetes,Isosphaerales,Isosphaeraceae,Tautonia,Tautonia,ASV256_Tautonia
ASV2560,-1.037966033,0.495457101,-2.09496651,0.046906296,0.132673472,FALSE,TRUE,L-BSC,Bacteria,Pseudomonadota,Alphaproteobacteria,Tistrellales,Geminicoccaceae,NA,Geminicoccaceae,ASV2560_Geminicoccaceae
ASV257,-1.287579708,0.76736313,-1.677927513,0.106338094,0.238404856,FALSE,TRUE,L-BSC,Bacteria,Pseudomonadota,Gammaproteobacteria,Burkholderiales,Oxalobacteraceae,Noviherbaspirillum,Noviherbaspirillum,ASV257_Noviherbaspirillum
ASV2574,0.836088538,0.616186981,1.356874722,0.187446999,0.360716591,FALSE,TRUE,L-BSC,Bacteria,Chloroflexota,Chloroflexia,Chloroflexales,Chloroflexaceae,Chloronema,Chloronema,ASV2574_Chloronema
ASV2576,-1.544930169,0.598758766,-2.58022138,0.016421422,0.060814927,FALSE,TRUE,L-BSC,Bacteria,Pseudomonadota,Alphaproteobacteria,Acetobacterales,Acetobacteraceae,NA,Acetobacteraceae,ASV2576_Acetobacteraceae
ASV258,-2.18418522,0.638020688,-3.423376797,0.002225849,0.013995624,TRUE,TRUE,L-BSC,Bacteria,Pseudomonadota,Alphaproteobacteria,Acetobacterales,Acetobacteraceae,Roseomonas,Roseomonas,ASV258_Roseomonas
ASV2580,-0.298631331,0.445689984,-0.670042724,0.509226805,0.707574288,FALSE,TRUE,L-BSC,Bacteria,Chloroflexota,Chloroflexia,Kallotenuales,AKIW781,NA,AKIW781,ASV2580_AKIW781
ASV259,-3.562797093,0.808680017,-4.405694486,1.88E-04,0.002006624,TRUE,TRUE,L-BSC,Bacteria,Actinomycetota,Actinobacteria,Frankiales,Geodermatophilaceae,Geodermatophilus,Geodermatophilus,ASV259_Geodermatophilus
ASV2591,0.514516119,0.492934639,1.043781626,0.306986626,0.507195295,FALSE,TRUE,L-BSC,Bacteria,Gemmatimonadota,Longimicrobiia,Longimicrobiales,Longimicrobiaceae,NA,Longimicrobiaceae,ASV2591_Longimicrobiaceae
ASV2597,-1.713079556,0.462260033,-3.705878583,0.001103959,0.00797405,TRUE,TRUE,L-BSC,Bacteria,Bdellovibrionota,Oligoflexia,Oligoflexales,Oligoflexaceae,Oligoflexus,Oligoflexus,ASV2597_Oligoflexus
ASV26,3.919370941,0.730266632,5.367040984,1.65E-05,2.88E-04,TRUE,TRUE,L-BSC,Bacteria,Deinococcota,Deinococci,Deinococcales,Deinococcaceae,Deinococcus,Deinococcus,ASV26_Deinococcus
ASV260,-0.026867875,0.78677083,-0.034149556,0.973040328,0.985442927,FALSE,TRUE,L-BSC,Bacteria,Gemmatimonadota,Gemmatimonadia,Gemmatimonadales,Gemmatimonadaceae,Roseisolibacter,Roseisolibacter,ASV260_Roseisolibacter
ASV261,1.590606784,0.749058019,2.123476078,0.044219169,0.127261141,FALSE,TRUE,L-BSC,Bacteria,Deinococcota,Deinococci,Deinococcales,Deinococcaceae,Deinococcus,Deinococcus,ASV261_Deinococcus
ASV2611,-0.692974955,0.473756118,-1.462725079,0.15651599,0.31303198,FALSE,TRUE,L-BSC,Bacteria,Verrucomicrobiota,Verrucomicrobiia,Opitutales,Opitutaceae,Opitutus,Opitutus,ASV2611_Opitutus
ASV263,0.948767349,0.914745539,1.03719265,0.309983829,0.510218205,FALSE,TRUE,L-BSC,Bacteria,Planctomycetota,Planctomycetes,Isosphaerales,Isosphaeraceae,Tautonia,Tautonia,ASV263_Tautonia
ASV264,-1.890525678,0.614001504,-3.079024506,0.005139551,0.025235774,TRUE,TRUE,L-BSC,Bacteria,Gemmatimonadota,Longimicrobiia,Longimicrobiales,Longimicrobiaceae,NA,Longimicrobiaceae,ASV264_Longimicrobiaceae
ASV2642,0.059803928,0.434865276,0.137522887,0.891764761,0.933416049,FALSE,TRUE,L-BSC,Bacteria,Planctomycetota,Phycisphaerae,Tepidisphaerales,WD2101 soil group,NA,WD2101_soil_group,ASV2642_WD2101_soil_group
ASV265,-2.258182817,0.563519717,-4.007282708,5.17E-04,0.004417044,TRUE,TRUE,L-BSC,Bacteria,Actinomycetota,Rubrobacteria,Rubrobacterales,Rubrobacteriaceae,Rubrobacter,Rubrobacter,ASV265_Rubrobacter
ASV2653,-0.302105208,0.628279603,-0.480845162,0.634981099,0.806544193,FALSE,TRUE,L-BSC,Bacteria,Chloroflexota,Chloroflexia,Chloroflexales,Chloroflexaceae,Chloronema,Chloronema,ASV2653_Chloronema
ASV266,2.611258,0.591211216,4.416793741,1.83E-04,0.001999539,TRUE,TRUE,L-BSC,Bacteria,Abditibacteriota,Abditibacteriia,Abditibacteriales,Abditibacteriaceae,Abditibacterium,Abditibacterium,ASV266_Abditibacterium
ASV2663,-0.692356725,0.58149705,-1.190645292,0.245436579,0.442291897,FALSE,TRUE,L-BSC,Bacteria,Gemmatimonadota,Longimicrobiia,Longimicrobiales,Longimicrobiaceae,NA,Longimicrobiaceae,ASV2663_Longimicrobiaceae
ASV2669,-1.179153305,0.464189831,-2.540239414,0.017965062,0.06461508,FALSE,TRUE,L-BSC,Bacteria,Bacteroidota,Bacteroidia,Cytophagales,Spirosomataceae,NA,Spirosomataceae,ASV2669_Spirosomataceae
ASV267,1.541362134,0.760850908,2.025839909,0.05403675,0.147128098,FALSE,TRUE,L-BSC,Bacteria,Bacteroidota,Bacteroidia,Chitinophagales,Chitinophagaceae,Segetibacter,Segetibacter,ASV267_Segetibacter
ASV27,1.618068334,0.893622655,1.810684102,0.082727439,0.201403292,FALSE,TRUE,L-BSC,Bacteria,Acidobacteriota,Blastocatellia,Blastocatellales,Blastocatellaceae,Aridibacter,Aridibacter,ASV27_Aridibacter
ASV2701,0.667713435,0.583830549,1.143676767,0.264037403,0.462330873,FALSE,TRUE,L-BSC,Bacteria,Planctomycetota,Planctomycetes,Gemmatales,Gemmataceae,Gemmata,Gemmata,ASV2701_Gemmata
ASV2715,-0.119915453,0.536285337,-0.223603825,0.824957996,0.900141434,FALSE,TRUE,L-BSC,Bacteria,Bacteroidota,Bacteroidia,Cytophagales,Hymenobacteraceae,Adhaeribacter,Adhaeribacter,ASV2715_Adhaeribacter
ASV272,2.17893392,0.624053821,3.491580126,0.001881129,0.012178567,TRUE,TRUE,L-BSC,Bacteria,Abditibacteriota,Abditibacteriia,Abditibacteriales,Abditibacteriaceae,Abditibacterium,Abditibacterium,ASV272_Abditibacterium
ASV2728,-1.069155657,0.425022969,-2.515524421,0.018985752,0.066229416,FALSE,TRUE,L-BSC,Bacteria,Bacteroidota,Bacteroidia,Chitinophagales,Chitinophagaceae,NA,Chitinophagaceae,ASV2728_Chitinophagaceae
ASV273,-4.181743276,0.515945126,-8.105015561,2.50E-08,1.56E-06,TRUE,TRUE,L-BSC,Bacteria,Actinomycetota,Actinobacteria,Frankiales,Geodermatophilaceae,Blastococcus,Blastococcus,ASV273_Blastococcus
ASV2732,0.168170637,0.540605467,0.311078314,0.758426972,0.867426282,FALSE,TRUE,L-BSC,Bacteria,Armatimonadota,Armatimonadia,Armatimonadales,Armatimonadaceae,NA,Armatimonadaceae,ASV2732_Armatimonadaceae
ASV274,-4.508899717,0.445340926,-10.1246022,3.86E-10,5.62E-08,TRUE,TRUE,L-BSC,Bacteria,Actinomycetota,Actinobacteria,Micrococcales,Micrococcaceae,Kocuria,Kocuria,ASV274_Kocuria
ASV2744,0.207944189,0.530557167,0.391935501,0.698564569,0.839814902,FALSE,TRUE,L-BSC,Bacteria,Chloroflexota,Chloroflexia,Kallotenuales,AKIW781,NA,AKIW781,ASV2744_AKIW781
ASV2764,0.04220073,0.493579441,0.085499368,0.932573669,0.957778362,FALSE,TRUE,L-BSC,Bacteria,Chloroflexota,Anaerolineae,Ardenticatenales,Ardenticatenaceae,NA,Ardenticatenaceae,ASV2764_Ardenticatenaceae
ASV28,-0.363694388,0.790063403,-0.460335699,0.64941898,0.808605457,FALSE,TRUE,L-BSC,Bacteria,Pseudomonadota,Alphaproteobacteria,Sphingomonadales,Sphingomonadaceae,NA,Sphingomonadaceae,ASV28_Sphingomonadaceae
ASV280,-0.444563638,0.510227605,-0.871304557,0.392220596,0.598256198,FALSE,TRUE,L-BSC,Bacteria,Bacteroidota,Bacteroidia,Cytophagales,Spirosomataceae,Nibrella,Nibrella,ASV280_Nibrella
ASV2803,0.15070468,0.528007717,0.285421358,0.777770156,0.877124021,FALSE,TRUE,L-BSC,Bacteria,Abditibacteriota,Abditibacteriia,Abditibacteriales,Abditibacteriaceae,Abditibacterium,Abditibacterium,ASV2803_Abditibacterium
ASV281,0.841116041,0.555774502,1.513412433,0.143233607,0.292491057,FALSE,TRUE,L-BSC,Bacteria,Actinomycetota,Actinobacteria,Frankiales,Sporichthyaceae,Sporichthya,Sporichthya,ASV281_Sporichthya
ASV2813,-0.180195305,0.52651142,-0.342243867,0.735146432,0.859785613,FALSE,TRUE,L-BSC,Bacteria,Bacillota,Bacilli,Bacillales,Bacillaceae,Ferdinandcohnia,Ferdinandcohnia,ASV2813_Ferdinandcohnia
ASV2823,-1.704285953,0.558141677,-3.053500612,0.00546308,0.026379734,TRUE,TRUE,L-BSC,Bacteria,Bacteroidota,Bacteroidia,Cytophagales,Cytophagaceae,Sporocytophaga,Sporocytophaga,ASV2823_Sporocytophaga
ASV2842,-1.533927875,0.470175259,-3.262459787,0.003300425,0.018730984,TRUE,TRUE,L-BSC,Bacteria,Chloroflexota,Chloroflexia,Chloroflexales,Chloroflexaceae,FFCH7168,FFCH7168,ASV2842_FFCH7168
ASV2865,0.037455696,0.479691196,0.078082933,0.938409445,0.959262988,FALSE,TRUE,L-BSC,Bacteria,Actinomycetota,Acidimicrobiia,Microtrichales,Microtrichaceae,NA,Microtrichaceae,ASV2865_Microtrichaceae
ASV287,-0.374897765,0.759404764,-0.49367318,0.626024666,0.800576579,FALSE,TRUE,L-BSC,Bacteria,Bacteroidota,Bacteroidia,Cytophagales,Hymenobacteraceae,Hymenobacter,Hymenobacter,ASV287_Hymenobacter
ASV288,-0.969792545,0.908246777,-1.067763266,0.296250475,0.497928683,FALSE,TRUE,L-BSC,Bacteria,Pseudomonadota,Alphaproteobacteria,Sphingomonadales,Sphingomonadaceae,Sphingomonas,Sphingomonas,ASV288_Sphingomonas
ASV2885,0.076530508,0.492097322,0.155519049,0.877712781,0.932103244,FALSE,TRUE,L-BSC,Bacteria,Chloroflexota,Chloroflexia,Kallotenuales,AKIW781,NA,AKIW781,ASV2885_AKIW781
ASV2886,0.361424916,0.529616119,0.682428089,0.501502484,0.697950909,FALSE,TRUE,L-BSC,Bacteria,Planctomycetota,Planctomycetes,Isosphaerales,Isosphaeraceae,Singulisphaera,Singulisphaera,ASV2886_Singulisphaera
ASV2899,-0.189259077,0.575853059,-0.32865863,0.745264277,0.859785613,FALSE,TRUE,L-BSC,Bacteria,Acidobacteriota,Vicinamibacteria,Vicinamibacterales,Vicinamibacteraceae,NA,Vicinamibacteraceae,ASV2899_Vicinamibacteraceae
ASV29,-0.363718162,0.528924749,-0.687655781,0.498262057,0.694568489,FALSE,TRUE,L-BSC,Bacteria,Pseudomonadota,Alphaproteobacteria,Rhodobacterales,Paracoccaceae,Rubellimicrobium,Rubellimicrobium,ASV29_Rubellimicrobium
ASV2916,-0.63428135,0.557182638,-1.138372425,0.266201455,0.464056042,FALSE,TRUE,L-BSC,Bacteria,Chloroflexota,Chloroflexia,Kallotenuales,AKIW781,NA,AKIW781,ASV2916_AKIW781
ASV292,-2.727768219,0.569888053,-4.786498344,7.15E-05,9.46E-04,TRUE,TRUE,L-BSC,Bacteria,Acidobacteriota,Blastocatellia,Pyrinomonadales,Pyrinomonadaceae,NA,Pyrinomonadaceae,ASV292_Pyrinomonadaceae
ASV293,1.583704412,0.885796707,1.787886995,0.086428962,0.207070446,FALSE,TRUE,L-BSC,Bacteria,Actinomycetota,Actinobacteria,Kineosporiales,Kineosporiaceae,Thalassiella,Thalassiella,ASV293_Thalassiella
ASV296,2.129621206,0.655949706,3.2466227,0.00343001,0.019216852,TRUE,TRUE,L-BSC,Bacteria,Pseudomonadota,Alphaproteobacteria,Hyphomicrobiales,Devosiaceae,Devosia,Devosia,ASV296_Devosia
ASV2977,0.180809334,0.481773587,0.375299391,0.71073425,0.847451207,FALSE,TRUE,L-BSC,Bacteria,Planctomycetota,Phycisphaerae,Tepidisphaerales,WD2101 soil group,NA,WD2101_soil_group,ASV2977_WD2101_soil_group
ASV298,-2.136035578,0.655412088,-3.259072599,0.003327736,0.018764137,TRUE,TRUE,L-BSC,Bacteria,Pseudomonadota,Alphaproteobacteria,Acetobacterales,Acetobacteraceae,NA,Acetobacteraceae,ASV298_Acetobacteraceae
ASV2981,0.317050549,0.518682445,0.611261383,0.546773223,0.737315185,FALSE,TRUE,L-BSC,Bacteria,Actinomycetota,Actinobacteria,Kineosporiales,Kineosporiaceae,Kineosporia,Kineosporia,ASV2981_Kineosporia
ASV3000,0.007677544,0.560424453,0.013699517,0.989182957,0.992590016,FALSE,TRUE,L-BSC,Bacteria,Myxococcota,Polyangiia,Polyangiales,Sandaracinaceae,NA,Sandaracinaceae,ASV3000_Sandaracinaceae
ASV3001,0.525963817,0.527082623,0.997877363,0.328294148,0.532335965,FALSE,TRUE,L-BSC,Bacteria,Acidobacteriota,Vicinamibacteria,Vicinamibacterales,Vicinamibacteraceae,NA,Vicinamibacteraceae,ASV3001_Vicinamibacteraceae
ASV3018,0.720892715,0.533273924,1.351824425,0.189035269,0.362317599,FALSE,TRUE,L-BSC,Bacteria,Armatimonadota,Armatimonadia,Armatimonadales,Armatimonadaceae,NA,Armatimonadaceae,ASV3018_Armatimonadaceae
ASV302,-3.732667299,0.45589548,-8.187550571,2.09E-08,1.52E-06,TRUE,TRUE,L-BSC,Bacteria,Deinococcota,Deinococci,Deinococcales,Trueperaceae,Truepera,Truepera,ASV302_Truepera
ASV303,-0.128647984,0.793651952,-0.162096223,0.872587066,0.928917291,FALSE,TRUE,L-BSC,Bacteria,Planctomycetota,Phycisphaerae,Tepidisphaerales,WD2101 soil group,NA,WD2101_soil_group,ASV303_WD2101_soil_group
ASV3036,-0.998671755,0.451339872,-2.212682317,0.036681255,0.110932239,FALSE,TRUE,L-BSC,Bacteria,Pseudomonadota,Alphaproteobacteria,Azospirillales,Azospirillaceae,Azospirillum,Azospirillum,ASV3036_Azospirillum
ASV3039,-0.972570432,0.523356762,-1.858331645,0.075430188,0.187289729,FALSE,TRUE,L-BSC,Bacteria,Planctomycetota,Planctomycetes,Isosphaerales,Isosphaeraceae,Tautonia,Tautonia,ASV3039_Tautonia
ASV305,1.42655268,0.926021645,1.540517641,0.136516874,0.282738739,FALSE,TRUE,L-BSC,Bacteria,Actinomycetota,Thermoleophilia,Solirubrobacterales,Solirubrobacteraceae,Solirubrobacter,Solirubrobacter,ASV305_Solirubrobacter
ASV307,-1.015932264,0.561927001,-1.807943492,0.083165083,0.201906341,FALSE,TRUE,L-BSC,Bacteria,Pseudomonadota,Gammaproteobacteria,Burkholderiales,Burkholderiaceae,Lautropia,Lautropia,ASV307_Lautropia
ASV3080,-0.320760721,0.504576356,-0.635703035,0.530985576,0.723584546,FALSE,TRUE,L-BSC,Bacteria,Actinomycetota,Acidimicrobiia,Acidimicrobiales,Acidimicrobiaceae,NA,Acidimicrobiaceae,ASV3080_Acidimicrobiaceae
ASV3082,0.205480401,0.552639204,0.371816548,0.713292117,0.848186817,FALSE,TRUE,L-BSC,Bacteria,Chloroflexota,Chloroflexia,Chloroflexales,Roseiflexaceae,NA,Roseiflexaceae,ASV3082_Roseiflexaceae
ASV3083,0.288588174,0.573929439,0.502828665,0.619667957,0.797628563,FALSE,TRUE,L-BSC,Bacteria,Pseudomonadota,Gammaproteobacteria,Burkholderiales,Comamonadaceae,Inhella,Inhella,ASV3083_Inhella
ASV309,-1.036680119,0.595257849,-1.741564804,0.094389655,0.221170398,FALSE,TRUE,L-BSC,Bacteria,Bacteroidota,Bacteroidia,Chitinophagales,Chitinophagaceae,Cnuella,Cnuella,ASV309_Cnuella
ASV31,1.641618811,0.791598476,2.073802391,0.048994583,0.137247647,FALSE,TRUE,L-BSC,Bacteria,Deinococcota,Deinococci,Deinococcales,Deinococcaceae,Deinococcus,Deinococcus,ASV31_Deinococcus
ASV3104,0.219459901,0.501057599,0.437993359,0.665307925,0.820139811,FALSE,TRUE,L-BSC,Bacteria,Pseudomonadota,Gammaproteobacteria,Burkholderiales,Rhodocyclaceae,NA,Rhodocyclaceae,ASV3104_Rhodocyclaceae
ASV312,-3.27601467,0.535753992,-6.114774161,2.57E-06,7.25E-05,TRUE,TRUE,L-BSC,Bacteria,Actinomycetota,Actinobacteria,Propionibacteriales,Nocardioidaceae,Nocardioides,Nocardioides,ASV312_Nocardioides
ASV3136,-0.29048144,0.513613918,-0.565563802,0.57694014,0.761700426,FALSE,TRUE,L-BSC,Bacteria,Pseudomonadota,Alphaproteobacteria,Caulobacterales,Caulobacteraceae,PMMR1,PMMR1,ASV3136_PMMR1
ASV314,-1.89032427,0.66285322,-2.85179918,0.008800298,0.037703238,TRUE,TRUE,L-BSC,Bacteria,Pseudomonadota,Alphaproteobacteria,Sphingomonadales,Sphingomonadaceae,Sphingomonas,Sphingomonas,ASV314_Sphingomonas
ASV3142,0.238511958,0.509961798,0.467705539,0.644214363,0.808605457,FALSE,TRUE,L-BSC,Bacteria,Chloroflexota,Anaerolineae,Caldilineales,Caldilineaceae,Litorilinea,Litorilinea,ASV3142_Litorilinea
ASV315,0.319408237,0.794792477,0.401876271,0.691331562,0.836998434,FALSE,TRUE,L-BSC,Bacteria,Acidobacteriota,Blastocatellia,Blastocatellales,Blastocatellaceae,JGI 0001001-H03,JGI_0001001-H03,ASV315_JGI_0001001-H03
ASV3159,0.512370537,0.626626826,0.817664543,0.421592562,0.62665289,FALSE,TRUE,L-BSC,Bacteria,Myxococcota,Polyangiia,Polyangiales,Sandaracinaceae,NA,Sandaracinaceae,ASV3159_Sandaracinaceae
ASV316,-0.152060655,0.510222403,-0.298028182,0.768246481,0.873143595,FALSE,TRUE,L-BSC,Bacteria,Pseudomonadota,Alphaproteobacteria,Caulobacterales,Caulobacteraceae,PMMR1,PMMR1,ASV316_PMMR1
ASV3167,-0.545264001,0.58227537,-0.936436657,0.358376542,0.562335903,FALSE,TRUE,L-BSC,Bacteria,Chloroflexota,Chloroflexia,Chloroflexales,Chloroflexaceae,FFCH7168,FFCH7168,ASV3167_FFCH7168
ASV317,-0.125172738,0.733248784,-0.170709779,0.865882991,0.926293433,FALSE,TRUE,L-BSC,Bacteria,Actinomycetota,Actinobacteria,Euzebyales,Euzebyaceae,NA,Euzebyaceae,ASV317_Euzebyaceae
ASV3172,-0.210369604,0.497670458,-0.422708643,0.676271202,0.825247712,FALSE,TRUE,L-BSC,Bacteria,Acidobacteriota,Acidobacteriae,Bryobacterales,Bryobacteraceae,Bryobacter,Bryobacter,ASV3172_Bryobacter
ASV318,-1.269009375,0.601905742,-2.108319105,0.045630082,0.130756366,FALSE,TRUE,L-BSC,Bacteria,Planctomycetota,Planctomycetes,Gemmatales,Gemmataceae,Gemmata,Gemmata,ASV318_Gemmata
ASV319,-1.551703053,0.744118399,-2.085290533,0.047850958,0.134908831,FALSE,TRUE,L-BSC,Bacteria,Bacteroidota,Bacteroidia,Cytophagales,Hymenobacteraceae,Hymenobacter,Hymenobacter,ASV319_Hymenobacter
ASV320,1.614885183,0.741805438,2.176965954,0.039547665,0.117171453,FALSE,TRUE,L-BSC,Bacteria,Actinomycetota,Thermoleophilia,Solirubrobacterales,Solirubrobacteraceae,Solirubrobacter,Solirubrobacter,ASV320_Solirubrobacter
ASV3209,0.095656984,0.495890511,0.192899405,0.848660845,0.91458641,FALSE,TRUE,L-BSC,Bacteria,Gemmatimonadota,Longimicrobiia,Longimicrobiales,Longimicrobiaceae,NA,Longimicrobiaceae,ASV3209_Longimicrobiaceae
ASV325,0.156375143,0.775474963,0.201650795,0.841889151,0.909531667,FALSE,TRUE,L-BSC,Bacteria,Pseudomonadota,Alphaproteobacteria,Sphingomonadales,Sphingomonadaceae,NA,Sphingomonadaceae,ASV325_Sphingomonadaceae
ASV326,0.596287604,0.56100623,1.062889452,0.298410497,0.499637498,FALSE,TRUE,L-BSC,Bacteria,Verrucomicrobiota,Verrucomicrobiia,Chthoniobacterales,Chthoniobacteraceae,Chthoniobacter,Chthoniobacter,ASV326_Chthoniobacter
ASV327,0.998745345,0.743249514,1.343755126,0.191594857,0.364823322,FALSE,TRUE,L-BSC,Bacteria,Actinomycetota,Actinobacteria,Kitasatosporales,Streptomycetaceae,NA,Streptomycetaceae,ASV327_Streptomycetaceae
ASV329,-0.741383256,0.687856052,-1.07781745,0.291829779,0.493018263,FALSE,TRUE,L-BSC,Bacteria,Gemmatimonadota,Gemmatimonadia,Gemmatimonadales,Gemmatimonadaceae,Gemmatimonas,Gemmatimonas,ASV329_Gemmatimonas
ASV3294,-0.179697249,0.49745438,-0.361233626,0.721085372,0.853872691,FALSE,TRUE,L-BSC,Bacteria,Gemmatimonadota,Longimicrobiia,Longimicrobiales,Longimicrobiaceae,NA,Longimicrobiaceae,ASV3294_Longimicrobiaceae
ASV3295,-0.540349465,0.551757247,-0.979324636,0.337189036,0.543732874,FALSE,TRUE,L-BSC,Bacteria,Acidobacteriota,Blastocatellia,Pyrinomonadales,Pyrinomonadaceae,Brevitalea,Brevitalea,ASV3295_Brevitalea
ASV330,-2.923033732,0.619690288,-4.716926804,8.53E-05,0.001080383,TRUE,TRUE,L-BSC,Bacteria,Chloroflexota,Chloroflexia,Kallotenuales,AKIW781,NA,AKIW781,ASV330_AKIW781
ASV332,-1.049013601,0.646496627,-1.622612644,0.117736547,0.257559175,FALSE,TRUE,L-BSC,Bacteria,Planctomycetota,Phycisphaerae,Tepidisphaerales,WD2101 soil group,NA,WD2101_soil_group,ASV332_WD2101_soil_group
ASV333,-0.856293378,0.59947373,-1.428408511,0.166059972,0.327621706,FALSE,TRUE,L-BSC,Bacteria,Planctomycetota,Phycisphaerae,Tepidisphaerales,WD2101 soil group,NA,WD2101_soil_group,ASV333_WD2101_soil_group
ASV334,0.878226873,0.534002709,1.644611269,0.113086613,0.24959015,FALSE,TRUE,L-BSC,Bacteria,Myxococcota,Polyangiia,Polyangiales,Phaselicystaceae,Phaselicystis,Phaselicystis,ASV334_Phaselicystis
ASV3349,0.072654243,0.488382843,0.148764936,0.882982065,0.933416049,FALSE,TRUE,L-BSC,Bacteria,Actinomycetota,Actinobacteria,Mycobacteriales,Corynebacteriaceae,Corynebacterium,Corynebacterium,ASV3349_Corynebacterium
ASV335,-2.595755329,0.583653446,-4.447425689,1.69E-04,0.001873068,TRUE,TRUE,L-BSC,Bacteria,Pseudomonadota,Alphaproteobacteria,Acetobacterales,Acetobacteraceae,Rubritepida,Rubritepida,ASV335_Rubritepida
ASV336,0.213517964,0.581910435,0.366925822,0.716889751,0.851306579,FALSE,TRUE,L-BSC,Bacteria,Chloroflexota,Chloroflexia,Thermomicrobiales,JG30-KF-CM45,NA,JG30-KF-CM45,ASV336_JG30-KF-CM45
ASV3366,-0.17917998,0.531941944,-0.336841233,0.739164407,0.859785613,FALSE,TRUE,L-BSC,Bacteria,Myxococcota,Polyangiia,Polyangiales,Sandaracinaceae,NA,Sandaracinaceae,ASV3366_Sandaracinaceae
ASV337,-0.746262943,0.704926622,-1.058639183,0.30030328,0.501845251,FALSE,TRUE,L-BSC,Bacteria,Pseudomonadota,Alphaproteobacteria,Sphingomonadales,Sphingomonadaceae,Sandaracinobacter,Sandaracinobacter,ASV337_Sandaracinobacter
ASV3381,-0.87229017,0.579255304,-1.505882058,0.145146798,0.295019305,FALSE,TRUE,L-BSC,Bacteria,Gemmatimonadota,Gemmatimonadia,Gemmatimonadales,Gemmatimonadaceae,Gemmatirosa,Gemmatirosa,ASV3381_Gemmatirosa
ASV339,-0.990355482,0.660478365,-1.499451812,0.146796913,0.297680979,FALSE,TRUE,L-BSC,Bacteria,Actinomycetota,Actinobacteria,Micrococcales,Intrasporangiaceae,Ornithinimicrobium,Ornithinimicrobium,ASV339_Ornithinimicrobium
ASV34,-0.994904375,0.410641475,-2.42280538,0.023313925,0.076891963,FALSE,TRUE,L-BSC,Bacteria,Pseudomonadota,Alphaproteobacteria,Hyphomicrobiales,Beijerinckiaceae,Microvirga,Microvirga,ASV34_Microvirga
ASV340,3.834910627,0.590926256,6.489660233,1.04E-06,3.48E-05,TRUE,TRUE,L-BSC,Bacteria,Abditibacteriota,Abditibacteriia,Abditibacteriales,Abditibacteriaceae,Abditibacterium,Abditibacterium,ASV340_Abditibacterium
ASV3410,0.192199459,0.550123752,0.349374951,0.729854795,0.859073611,FALSE,TRUE,L-BSC,Bacteria,Armatimonadota,Fimbriimonadia,Fimbriimonadales,Fimbriimonadaceae,Fimbriimonas,Fimbriimonas,ASV3410_Fimbriimonas
ASV343,0.58151101,0.508953808,1.142561468,0.264491346,0.462330873,FALSE,TRUE,L-BSC,Bacteria,Abditibacteriota,Abditibacteriia,Abditibacteriales,Abditibacteriaceae,Abditibacterium,Abditibacterium,ASV343_Abditibacterium
ASV345,1.860156529,0.724483343,2.567562867,0.016896227,0.061787875,FALSE,TRUE,L-BSC,Bacteria,Pseudomonadota,Alphaproteobacteria,Rhodobacterales,Paracoccaceae,Rubellimicrobium,Rubellimicrobium,ASV345_Rubellimicrobium
ASV3453,-0.180721576,0.55977493,-0.322846856,0.749607137,0.859785613,FALSE,TRUE,L-BSC,Bacteria,Bacteroidota,Bacteroidia,Cytophagales,Hymenobacteraceae,Adhaeribacter,Adhaeribacter,ASV3453_Adhaeribacter
ASV3470,0.234708902,0.497464671,0.471810191,0.641323639,0.808605457,FALSE,TRUE,L-BSC,Bacteria,Pseudomonadota,Alphaproteobacteria,Acetobacterales,Acetobacteraceae,Roseomonas,Roseomonas,ASV3470_Roseomonas
ASV348,-0.198422244,0.617973309,-0.32108546,0.75092502,0.860168372,FALSE,TRUE,L-BSC,Bacteria,Bacteroidota,Bacteroidia,Chitinophagales,Chitinophagaceae,Flavisolibacter,Flavisolibacter,ASV348_Flavisolibacter
ASV3495,-0.98681401,0.565103758,-1.746252782,0.093556518,0.219807519,FALSE,TRUE,L-BSC,Bacteria,Pseudomonadota,Alphaproteobacteria,Hyphomicrobiales,Xanthobacteraceae,NA,Xanthobacteraceae,ASV3495_Xanthobacteraceae
ASV353,-4.480802246,0.368550193,-12.15791589,9.53E-12,2.78E-09,TRUE,TRUE,L-BSC,Bacteria,Pseudomonadota,Alphaproteobacteria,Azospirillales,Azospirillaceae,Skermanella,Skermanella,ASV353_Skermanella
ASV354,-2.398323079,0.613897513,-3.906715745,6.67E-04,0.005222803,TRUE,TRUE,L-BSC,Bacteria,Chloroflexota,Chloroflexia,Thermomicrobiales,JG30-KF-CM45,NA,JG30-KF-CM45,ASV354_JG30-KF-CM45
ASV355,2.482832985,0.443199472,5.602066653,9.13E-06,2.12E-04,TRUE,TRUE,L-BSC,Bacteria,Abditibacteriota,Abditibacteriia,Abditibacteriales,Abditibacteriaceae,Abditibacterium,Abditibacterium,ASV355_Abditibacterium
ASV357,-1.001255851,0.854055873,-1.172354037,0.252561013,0.452332635,FALSE,TRUE,L-BSC,Bacteria,Bacteroidota,Bacteroidia,Chitinophagales,Chitinophagaceae,Flavisolibacter,Flavisolibacter,ASV357_Flavisolibacter
ASV3573,-0.109870499,0.553923861,-0.19834946,0.844442244,0.911163607,FALSE,TRUE,L-BSC,Bacteria,Verrucomicrobiota,Verrucomicrobiia,Chthoniobacterales,Chthoniobacteraceae,Chthoniobacter,Chthoniobacter,ASV3573_Chthoniobacter
ASV36,0.430633243,0.819562762,0.525442667,0.604096701,0.785685292,FALSE,TRUE,L-BSC,Bacteria,Pseudomonadota,Alphaproteobacteria,Sphingomonadales,Sphingomonadaceae,Ellin6055,Ellin6055,ASV36_Ellin6055
ASV361,-0.112526154,0.838705583,-0.134166454,0.894389721,0.933926662,FALSE,TRUE,L-BSC,Bacteria,Chloroflexota,Chloroflexia,Chloroflexales,Chloroflexaceae,NA,Chloroflexaceae,ASV361_Chloroflexaceae
ASV363,-0.235704586,0.659546505,-0.357373717,0.723935543,0.853872691,FALSE,TRUE,L-BSC,Bacteria,Pseudomonadota,Alphaproteobacteria,Sphingomonadales,Sphingomonadaceae,Sphingomonas,Sphingomonas,ASV363_Sphingomonas
ASV364,-1.079062045,0.779142692,-1.384935078,0.178812424,0.347293463,FALSE,TRUE,L-BSC,Bacteria,Acidobacteriota,Blastocatellia,Blastocatellales,Blastocatellaceae,Aridibacter,Aridibacter,ASV364_Aridibacter
ASV366,-3.506624935,0.488748534,-7.174701693,2.05E-07,8.14E-06,TRUE,TRUE,L-BSC,Bacteria,Bacteroidota,Bacteroidia,Cytophagales,Cytophagaceae,Rhodocytophaga,Rhodocytophaga,ASV366_Rhodocytophaga
ASV367,-1.232317654,0.817117062,-1.508128653,0.144573854,0.29453974,FALSE,TRUE,L-BSC,Bacteria,Acidobacteriota,Acidobacteriae,Bryobacterales,Bryobacteraceae,Bryobacter,Bryobacter,ASV367_Bryobacter
ASV37,1.01346975,0.639912066,1.58376409,0.126337297,0.269972611,FALSE,TRUE,L-BSC,Bacteria,Acidobacteriota,Blastocatellia,Blastocatellales,Blastocatellaceae,Blastocatella,Blastocatella,ASV37_Blastocatella
ASV372,-0.471324811,0.617102562,-0.763770627,0.452447615,0.648855909,FALSE,TRUE,L-BSC,Bacteria,Bacteroidota,Bacteroidia,Chitinophagales,Chitinophagaceae,NA,Chitinophagaceae,ASV372_Chitinophagaceae
ASV373,-1.481660804,0.821077339,-1.804532575,0.083712552,0.202672495,FALSE,TRUE,L-BSC,Bacteria,Bacteroidota,Bacteroidia,Cytophagales,Spirosomataceae,Spirosoma,Spirosoma,ASV373_Spirosoma
ASV375,-2.900035806,0.702398616,-4.128760705,3.80E-04,0.003463006,TRUE,TRUE,L-BSC,Bacteria,Pseudomonadota,Alphaproteobacteria,Rhodobacterales,Paracoccaceae,NA,Paracoccaceae,ASV375_Paracoccaceae
ASV3757,-0.580443765,0.501431601,-1.157573165,0.258429233,0.456960763,FALSE,TRUE,L-BSC,Bacteria,Myxococcota,Polyangiia,Haliangiales,Haliangiaceae,NA,Haliangiaceae,ASV3757_Haliangiaceae
ASV376,-0.637578026,0.694594158,-0.917914467,0.367796768,0.573002451,FALSE,TRUE,L-BSC,Bacteria,Planctomycetota,Phycisphaerae,Tepidisphaerales,WD2101 soil group,NA,WD2101_soil_group,ASV376_WD2101_soil_group
ASV3780,-0.726732154,0.557910324,-1.302596714,0.205073884,0.384984797,FALSE,TRUE,L-BSC,Bacteria,Gemmatimonadota,Gemmatimonadia,Gemmatimonadales,Gemmatimonadaceae,Roseisolibacter,Roseisolibacter,ASV3780_Roseisolibacter
ASV379,-1.903274113,0.740297984,-2.570956768,0.016767684,0.061575446,FALSE,TRUE,L-BSC,Bacteria,Planctomycetota,Planctomycetes,Isosphaerales,Isosphaeraceae,Tundrisphaera,Tundrisphaera,ASV379_Tundrisphaera
ASV382,-0.555246349,0.715956042,-0.77553134,0.445600817,0.646935405,FALSE,TRUE,L-BSC,Bacteria,Chloroflexota,Anaerolineae,Caldilineales,Caldilineaceae,Litorilinea,Litorilinea,ASV382_Litorilinea
ASV3829,0.268115482,0.525155474,0.510544963,0.614333839,0.793098633,FALSE,TRUE,L-BSC,Bacteria,Bacteroidota,Bacteroidia,Chitinophagales,Chitinophagaceae,Segetibacter,Segetibacter,ASV3829_Segetibacter
ASV385,0.033158873,0.599990483,0.055265665,0.956384321,0.974218994,FALSE,TRUE,L-BSC,Bacteria,Pseudomonadota,Alphaproteobacteria,Sphingomonadales,Sphingomonadaceae,Sphingoaurantiacus,Sphingoaurantiacus,ASV385_Sphingoaurantiacus
ASV386,0.12982387,0.741458648,0.175092529,0.862475725,0.924912618,FALSE,TRUE,L-BSC,Bacteria,Bacteroidota,Bacteroidia,Chitinophagales,Chitinophagaceae,Segetibacter,Segetibacter,ASV386_Segetibacter
ASV387,-1.508127622,0.547094209,-2.756614122,0.010978878,0.044630417,TRUE,TRUE,L-BSC,Bacteria,Chloroflexota,Chloroflexia,Kallotenuales,AKIW781,NA,AKIW781,ASV387_AKIW781
ASV39,-4.792378074,0.605209602,-7.918542696,3.78E-08,1.94E-06,TRUE,TRUE,L-BSC,Bacteria,Actinomycetota,Actinobacteria,Frankiales,Geodermatophilaceae,Geodermatophilus,Geodermatophilus,ASV39_Geodermatophilus
ASV390,0.30192194,0.718215559,0.420377889,0.677949493,0.825247712,FALSE,TRUE,L-BSC,Bacteria,Pseudomonadota,Alphaproteobacteria,Tistrellales,Geminicoccaceae,Candidatus Alysiosphaera,Candidatus_Alysiosphaera,ASV390_Candidatus_Alysiosphaera
ASV391,-2.579587149,0.531272854,-4.855484578,6.00E-05,8.21E-04,TRUE,TRUE,L-BSC,Bacteria,Chloroflexota,Chloroflexia,Kallotenuales,AKIW781,NA,AKIW781,ASV391_AKIW781
ASV394,1.734230676,0.561557706,3.088250158,0.005027201,0.024964624,TRUE,TRUE,L-BSC,Bacteria,Bacteroidota,Bacteroidia,Chitinophagales,Chitinophagaceae,Segetibacter,Segetibacter,ASV394_Segetibacter
ASV395,-0.407657704,0.691564828,-0.589471424,0.561053777,0.747942307,FALSE,TRUE,L-BSC,Bacteria,Chloroflexota,Chloroflexia,Chloroflexales,Herpetosiphonaceae,Herpetosiphon,Herpetosiphon,ASV395_Herpetosiphon
ASV3957,-0.161859848,0.493590808,-0.327923141,0.7458134,0.859785613,FALSE,TRUE,L-BSC,Bacteria,Pseudomonadota,Alphaproteobacteria,Acetobacterales,Acetobacteraceae,Roseomonas,Roseomonas,ASV3957_Roseomonas
ASV396,-4.355040934,0.424279412,-10.26455871,2.94E-10,5.15E-08,TRUE,TRUE,L-BSC,Bacteria,Deinococcota,Deinococci,Deinococcales,Deinococcaceae,Deinococcus,Deinococcus,ASV396_Deinococcus
ASV398,-0.544541543,0.697587588,-0.780606696,0.442665561,0.644919893,FALSE,TRUE,L-BSC,Bacteria,Pseudomonadota,Alphaproteobacteria,Rhodobacterales,Paracoccaceae,Rubellimicrobium,Rubellimicrobium,ASV398_Rubellimicrobium
ASV3992,-0.011118283,0.468336245,-0.023739959,0.981256316,0.988039194,FALSE,TRUE,L-BSC,Bacteria,Actinomycetota,Thermoleophilia,Solirubrobacterales,Solirubrobacteraceae,Solirubrobacter,Solirubrobacter,ASV3992_Solirubrobacter
ASV4,0.658225628,0.425519819,1.546874195,0.134979678,0.281556656,FALSE,TRUE,L-BSC,Bacteria,Pseudomonadota,Gammaproteobacteria,Burkholderiales,Comamonadaceae,Ramlibacter,Ramlibacter,ASV4_Ramlibacter
ASV400,-3.675612743,0.452527094,-8.122414755,2.41E-08,1.56E-06,TRUE,TRUE,L-BSC,Bacteria,Chloroflexota,Chloroflexia,Thermomicrobiales,JG30-KF-CM45,NA,JG30-KF-CM45,ASV400_JG30-KF-CM45
ASV402,-0.312997092,0.631941504,-0.495294407,0.624896863,0.800576579,FALSE,TRUE,L-BSC,Bacteria,Pseudomonadota,Alphaproteobacteria,Rhodobacterales,Paracoccaceae,Oceanicella,Oceanicella,ASV402_Oceanicella
ASV4053,0.14233266,0.471505787,0.301868322,0.765352793,0.871165854,FALSE,TRUE,L-BSC,Bacteria,Planctomycetota,Planctomycetes,Gemmatales,Gemmataceae,Fimbriiglobus,Fimbriiglobus,ASV4053_Fimbriiglobus
ASV407,0.908882229,0.782109222,1.162091181,0.25662494,0.455874386,FALSE,TRUE,L-BSC,Bacteria,Gemmatimonadota,Gemmatimonadia,Gemmatimonadales,Gemmatimonadaceae,Gemmatimonas,Gemmatimonas,ASV407_Gemmatimonas
ASV408,-1.499458666,0.720866052,-2.080079457,0.048366724,0.135924493,FALSE,TRUE,L-BSC,Bacteria,Bacteroidota,Bacteroidia,Chitinophagales,Chitinophagaceae,Segetibacter,Segetibacter,ASV408_Segetibacter
ASV4098,0.49303044,0.514282223,0.958676808,0.347280467,0.549860739,FALSE,TRUE,L-BSC,Bacteria,Gemmatimonadota,Longimicrobiia,Longimicrobiales,Longimicrobiaceae,NA,Longimicrobiaceae,ASV4098_Longimicrobiaceae
ASV41,5.055442737,0.550619964,9.181364767,2.54E-09,2.46E-07,TRUE,TRUE,L-BSC,Bacteria,Abditibacteriota,Abditibacteriia,Abditibacteriales,Abditibacteriaceae,Abditibacterium,Abditibacterium,ASV41_Abditibacterium
ASV410,-1.761705262,0.571087659,-3.084824607,0.005068639,0.025028197,TRUE,TRUE,L-BSC,Bacteria,Bacteroidota,Bacteroidia,Cytophagales,Cytophagaceae,Rhodocytophaga,Rhodocytophaga,ASV410_Rhodocytophaga
ASV411,0.264765202,0.597006098,0.443488271,0.661384948,0.817610247,FALSE,TRUE,L-BSC,Bacteria,Chloroflexota,Chloroflexia,Kallotenuales,AKIW781,NA,AKIW781,ASV411_AKIW781
ASV412,-1.541326693,0.708020104,-2.176953287,0.039548717,0.117171453,FALSE,TRUE,L-BSC,Bacteria,Gemmatimonadota,Gemmatimonadia,Gemmatimonadales,Gemmatimonadaceae,Roseisolibacter,Roseisolibacter,ASV412_Roseisolibacter
ASV413,-0.351701688,0.744207097,-0.472585776,0.640778077,0.808605457,FALSE,TRUE,L-BSC,Bacteria,Verrucomicrobiota,Verrucomicrobiia,Chthoniobacterales,Chthoniobacteraceae,Chthoniobacter,Chthoniobacter,ASV413_Chthoniobacter
ASV414,-2.582910163,0.709893193,-3.638448979,0.001306353,0.009090102,TRUE,TRUE,L-BSC,Bacteria,Actinomycetota,Actinobacteria,Pseudonocardiales,Pseudonocardiaceae,Pseudonocardia,Pseudonocardia,ASV414_Pseudonocardia
ASV416,-2.095797172,0.574207357,-3.649896062,0.001269598,0.008948619,TRUE,TRUE,L-BSC,Bacteria,Abditibacteriota,Abditibacteriia,Abditibacteriales,Abditibacteriaceae,Abditibacterium,Abditibacterium,ASV416_Abditibacterium
ASV417,2.670989618,0.579757973,4.607076989,1.13E-04,0.001369121,TRUE,TRUE,L-BSC,Bacteria,Gemmatimonadota,Gemmatimonadia,Gemmatimonadales,Gemmatimonadaceae,NA,Gemmatimonadaceae,ASV417_Gemmatimonadaceae
ASV418,-1.548548237,0.758569115,-2.041406916,0.052351875,0.14343429,FALSE,TRUE,L-BSC,Bacteria,Actinomycetota,Acidimicrobiia,Microtrichales,Ilumatobacteraceae,CL500-29 marine group,CL500-29_marine_group,ASV418_CL500-29_marine_group
ASV419,1.773052749,0.819865017,2.162615445,0.040755205,0.119932824,FALSE,TRUE,L-BSC,Bacteria,Deinococcota,Deinococci,Deinococcales,Deinococcaceae,NA,Deinococcaceae,ASV419_Deinococcaceae
ASV42,-0.874278873,0.902092526,-0.969167627,0.342127885,0.546654062,FALSE,TRUE,L-BSC,Bacteria,Pseudomonadota,Alphaproteobacteria,Sphingomonadales,Sphingomonadaceae,Ellin6055,Ellin6055,ASV42_Ellin6055
ASV420,-2.045944958,0.670607543,-3.05088271,0.005497347,0.026399346,TRUE,TRUE,L-BSC,Bacteria,Actinomycetota,Actinobacteria,Micrococcales,Intrasporangiaceae,Aquipuribacter,Aquipuribacter,ASV420_Aquipuribacter
ASV421,-1.37617944,0.54502567,-2.524980961,0.018589005,0.065958139,FALSE,TRUE,L-BSC,Bacteria,Pseudomonadota,Alphaproteobacteria,Acetobacterales,Acetobacteraceae,NA,Acetobacteraceae,ASV421_Acetobacteraceae
ASV4214,-1.440189869,0.479959331,-3.000649799,0.006196163,0.028969865,TRUE,TRUE,L-BSC,Bacteria,Bdellovibrionota,Oligoflexia,Silvanigrellales,Silvanigrellaceae,NA,Silvanigrellaceae,ASV4214_Silvanigrellaceae
ASV422,-2.008142258,0.600148072,-3.346077997,0.002691048,0.016220527,TRUE,TRUE,L-BSC,Bacteria,Myxococcota,Myxococcia,Myxococcales,Myxococcaceae,Myxococcus,Myxococcus,ASV422_Myxococcus
ASV4227,0.153135015,0.530386157,0.288723628,0.775271992,0.875542727,FALSE,TRUE,L-BSC,Bacteria,Chloroflexota,Chloroflexia,Kallotenuales,AKIW781,NA,AKIW781,ASV4227_AKIW781
ASV424,-1.50621871,0.716510128,-2.102159694,0.046214872,0.131999341,FALSE,TRUE,L-BSC,Bacteria,Planctomycetota,Planctomycetes,Isosphaerales,Isosphaeraceae,Tautonia,Tautonia,ASV424_Tautonia
ASV4246,-0.768573453,0.505019504,-1.521868851,0.141109717,0.289506791,FALSE,TRUE,L-BSC,Bacteria,Planctomycetota,Phycisphaerae,Tepidisphaerales,WD2101 soil group,NA,WD2101_soil_group,ASV4246_WD2101_soil_group
ASV425,-0.043853528,0.730686319,-0.0600169,0.952639147,0.971536306,FALSE,TRUE,L-BSC,Bacteria,Deinococcota,Deinococci,Deinococcales,Deinococcaceae,Deinococcus,Deinococcus,ASV425_Deinococcus
ASV426,-0.464055606,0.603021537,-0.769550635,0.449074764,0.648746023,FALSE,TRUE,L-BSC,Bacteria,Actinomycetota,Thermoleophilia,Solirubrobacterales,Solirubrobacteraceae,Parviterribacter,Parviterribacter,ASV426_Parviterribacter
ASV427,-1.485871948,0.678818305,-2.188909663,0.038567365,0.115437934,FALSE,TRUE,L-BSC,Bacteria,Gemmatimonadota,Longimicrobiia,Longimicrobiales,Longimicrobiaceae,NA,Longimicrobiaceae,ASV427_Longimicrobiaceae
ASV43,-3.624036026,0.721124102,-5.025537235,3.90E-05,5.87E-04,TRUE,TRUE,L-BSC,Bacteria,Acidobacteriota,Blastocatellia,Pyrinomonadales,Pyrinomonadaceae,Arenimicrobium,Arenimicrobium,ASV43_Arenimicrobium
ASV430,1.100634918,0.615706065,1.78759798,0.086476788,0.207070446,FALSE,TRUE,L-BSC,Bacteria,Deinococcota,Deinococci,Deinococcales,Deinococcaceae,Deinococcus,Deinococcus,ASV430_Deinococcus
ASV431,-1.409135077,0.703023862,-2.004391533,0.056436933,0.149926686,FALSE,TRUE,L-BSC,Bacteria,Pseudomonadota,Alphaproteobacteria,Hyphomicrobiales,Beijerinckiaceae,Enterovirga,Enterovirga,ASV431_Enterovirga
ASV4311,0.110000998,0.481560097,0.228426313,0.821249944,0.898775286,FALSE,TRUE,L-BSC,Bacteria,Abditibacteriota,Abditibacteriia,Abditibacteriales,Abditibacteriaceae,Abditibacterium,Abditibacterium,ASV4311_Abditibacterium
ASV432,-2.189478265,0.551194993,-3.972239034,5.65E-04,0.004749695,TRUE,TRUE,L-BSC,Bacteria,Pseudomonadota,Alphaproteobacteria,Acetobacterales,Acetobacteraceae,Rubritepida,Rubritepida,ASV432_Rubritepida
ASV433,0.475133304,0.801826478,0.59256375,0.559015507,0.747942307,FALSE,TRUE,L-BSC,Bacteria,Gemmatimonadota,Gemmatimonadia,Gemmatimonadales,Gemmatimonadaceae,Gemmatimonas,Gemmatimonas,ASV433_Gemmatimonas
ASV4338,0.11471796,0.502883297,0.228120443,0.821485005,0.898775286,FALSE,TRUE,L-BSC,Bacteria,Pseudomonadota,Gammaproteobacteria,Burkholderiales,Comamonadaceae,NA,Comamonadaceae,ASV4338_Comamonadaceae
ASV434,-0.285818008,0.467083743,-0.611920266,0.546344407,0.737315185,FALSE,TRUE,L-BSC,Bacteria,Gemmatimonadota,Longimicrobiia,Longimicrobiales,Longimicrobiaceae,NA,Longimicrobiaceae,ASV434_Longimicrobiaceae
ASV437,0.244811671,0.584438365,0.418883643,0.679026341,0.825408932,FALSE,TRUE,L-BSC,Bacteria,Rhodothermota,Rhodothermia,Rhodothermales,Rhodothermaceae,NA,Rhodothermaceae,ASV437_Rhodothermaceae
ASV438,-0.699986719,0.640211877,-1.093367281,0.285085907,0.485596325,FALSE,TRUE,L-BSC,Bacteria,Bacteroidota,Bacteroidia,Chitinophagales,Chitinophagaceae,Segetibacter,Segetibacter,ASV438_Segetibacter
ASV439,-0.676126147,0.660949968,-1.022961162,0.316527421,0.516128668,FALSE,TRUE,L-BSC,Bacteria,Verrucomicrobiota,Verrucomicrobiia,Chthoniobacterales,Chthoniobacteraceae,Chthoniobacter,Chthoniobacter,ASV439_Chthoniobacter
ASV44,-2.647629508,0.824695145,-3.210434212,0.003744843,0.020584862,TRUE,TRUE,L-BSC,Bacteria,Pseudomonadota,Alphaproteobacteria,Sphingomonadales,Sphingomonadaceae,Sphingomonas,Sphingomonas,ASV44_Sphingomonas
ASV440,1.359619098,0.71307967,1.906686104,0.068602346,0.174805978,FALSE,TRUE,L-BSC,Bacteria,Bacteroidota,Bacteroidia,Chitinophagales,Chitinophagaceae,Segetibacter,Segetibacter,ASV440_Segetibacter
ASV4405,0.146041247,0.536245369,0.272340342,0.787689712,0.88054239,FALSE,TRUE,L-BSC,Bacteria,Gemmatimonadota,Longimicrobiia,Longimicrobiales,Longimicrobiaceae,NA,Longimicrobiaceae,ASV4405_Longimicrobiaceae
ASV442,-0.657305215,0.722788159,-0.909402302,0.372180518,0.577772243,FALSE,TRUE,L-BSC,Bacteria,Gemmatimonadota,Gemmatimonadia,Gemmatimonadales,Gemmatimonadaceae,Gemmatimonas,Gemmatimonas,ASV442_Gemmatimonas
ASV445,-0.407555827,0.749697683,-0.543626899,0.591712733,0.775347719,FALSE,TRUE,L-BSC,Bacteria,Chloroflexota,Anaerolineae,Caldilineales,Caldilineaceae,NA,Caldilineaceae,ASV445_Caldilineaceae
ASV446,-0.009468135,0.690082741,-0.01372029,0.989166556,0.992590016,FALSE,TRUE,L-BSC,Bacteria,Deinococcota,Deinococci,Deinococcales,Trueperaceae,Truepera,Truepera,ASV446_Truepera
ASV45,-0.476488902,0.807495413,-0.590082487,0.560650698,0.747942307,FALSE,TRUE,L-BSC,Bacteria,Pseudomonadota,Alphaproteobacteria,Sphingomonadales,Sphingomonadaceae,NA,Sphingomonadaceae,ASV45_Sphingomonadaceae
ASV450,0.538466767,0.672816307,0.800317652,0.43137806,0.632591316,FALSE,TRUE,L-BSC,Bacteria,Armatimonadota,Armatimonadia,Armatimonadales,Armatimonadaceae,NA,Armatimonadaceae,ASV450_Armatimonadaceae
ASV451,1.27646119,0.718323318,1.77700091,0.088246125,0.210155622,FALSE,TRUE,L-BSC,Bacteria,Gemmatimonadota,Gemmatimonadia,Gemmatimonadales,Gemmatimonadaceae,Roseisolibacter,Roseisolibacter,ASV451_Roseisolibacter
ASV4530,-0.060858835,0.438464172,-0.138800017,0.890766288,0.933416049,FALSE,TRUE,L-BSC,Bacteria,Acidobacteriota,Acidobacteriae,Bryobacterales,Bryobacteraceae,Bryobacter,Bryobacter,ASV4530_Bryobacter
ASV456,-1.099253932,0.68321999,-1.608931162,0.120708137,0.2617839,FALSE,TRUE,L-BSC,Bacteria,Verrucomicrobiota,Verrucomicrobiia,Chthoniobacterales,Chthoniobacteraceae,Chthoniobacter,Chthoniobacter,ASV456_Chthoniobacter
ASV4567,-0.17208087,0.502208444,-0.342648301,0.734845961,0.859785613,FALSE,TRUE,L-BSC,Bacteria,Chloroflexota,Chloroflexia,Kallotenuales,AKIW781,NA,AKIW781,ASV4567_AKIW781
ASV4576,0.069637265,0.499878806,0.139308296,0.890368961,0.933416049,FALSE,TRUE,L-BSC,Bacteria,Chloroflexota,Chloroflexia,Kallotenuales,AKIW781,NA,AKIW781,ASV4576_AKIW781
ASV458,-0.270620026,0.48549382,-0.557411887,0.582408139,0.767186939,FALSE,TRUE,L-BSC,Bacteria,Gemmatimonadota,Gemmatimonadia,Gemmatimonadales,Gemmatimonadaceae,NA,Gemmatimonadaceae,ASV458_Gemmatimonadaceae
ASV459,-2.051281237,0.622839561,-3.293434402,0.003060535,0.01776201,TRUE,TRUE,L-BSC,Bacteria,Deinococcota,Deinococci,Deinococcales,Trueperaceae,Truepera,Truepera,ASV459_Truepera
ASV46,-1.770851543,0.68827013,-2.572901925,0.016694425,0.061565093,FALSE,FALSE,L-BSC,Bacteria,Pseudomonadota,Alphaproteobacteria,Rhodobacterales,Paracoccaceae,Rubellimicrobium,Rubellimicrobium,ASV46_Rubellimicrobium
ASV462,-1.39342332,0.711884154,-1.957373699,0.062030908,0.161354208,FALSE,TRUE,L-BSC,Bacteria,Bacteroidota,Bacteroidia,Chitinophagales,Chitinophagaceae,Flavisolibacter,Flavisolibacter,ASV462_Flavisolibacter
ASV463,0.600851616,0.69779042,0.86107748,0.397716716,0.605582596,FALSE,TRUE,L-BSC,Bacteria,Gemmatimonadota,Gemmatimonadia,Gemmatimonadales,Gemmatimonadaceae,NA,Gemmatimonadaceae,ASV463_Gemmatimonadaceae
ASV464,2.405181277,0.691520432,3.478105874,0.001944824,0.012498356,FALSE,FALSE,L-BSC,Bacteria,Pseudomonadota,Gammaproteobacteria,Burkholderiales,Comamonadaceae,Caenimonas,Caenimonas,ASV464_Caenimonas
ASV465,-2.494655072,0.798959175,-3.122381154,0.004631715,0.023673212,TRUE,TRUE,L-BSC,Bacteria,Bacteroidota,Bacteroidia,Chitinophagales,Chitinophagaceae,Segetibacter,Segetibacter,ASV465_Segetibacter
ASV4650,-0.076295042,0.444739328,-0.171550023,0.865229556,0.926293433,FALSE,TRUE,L-BSC,Bacteria,Chloroflexota,Chloroflexia,Thermomicrobiales,JG30-KF-CM45,NA,JG30-KF-CM45,ASV4650_JG30-KF-CM45
ASV4655,0.298661394,0.527054127,0.566661713,0.576205672,0.761700426,FALSE,TRUE,L-BSC,Bacteria,Armatimonadota,Armatimonadia,Armatimonadales,Armatimonadaceae,NA,Armatimonadaceae,ASV4655_Armatimonadaceae
ASV466,0.02964754,0.755953748,0.039218722,0.969040428,0.9836717,FALSE,TRUE,L-BSC,Bacteria,Gemmatimonadota,Gemmatimonadia,Gemmatimonadales,Gemmatimonadaceae,Roseisolibacter,Roseisolibacter,ASV466_Roseisolibacter
ASV469,-2.491266703,0.663935317,-3.752273208,9.83E-04,0.007279798,TRUE,TRUE,L-BSC,Bacteria,Pseudomonadota,Alphaproteobacteria,Rhodobacterales,Paracoccaceae,Amaricoccus,Amaricoccus,ASV469_Amaricoccus
ASV47,-2.652826023,0.560652111,-4.731679362,8.22E-05,0.00105591,TRUE,TRUE,L-BSC,Bacteria,Actinomycetota,Rubrobacteria,Rubrobacterales,Rubrobacteriaceae,Rubrobacter,Rubrobacter,ASV47_Rubrobacter
ASV470,0.248174658,0.800595438,0.309987599,0.759246117,0.867426282,FALSE,TRUE,L-BSC,Bacteria,Actinomycetota,Acidimicrobiia,Acidimicrobiales,Acidimicrobiaceae,NA,Acidimicrobiaceae,ASV470_Acidimicrobiaceae
ASV471,-1.254414516,0.638936852,-1.963284027,0.061301883,0.160412713,FALSE,TRUE,L-BSC,Bacteria,Chloroflexota,Anaerolineae,Caldilineales,Caldilineaceae,NA,Caldilineaceae,ASV471_Caldilineaceae
ASV473,-4.032651443,0.545432677,-7.393490732,1.24E-07,5.41E-06,TRUE,TRUE,L-BSC,Bacteria,Actinomycetota,Actinobacteria,Propionibacteriales,Nocardioidaceae,Marmoricola,Marmoricola,ASV473_Marmoricola
ASV475,0.048919347,0.522846944,0.093563417,0.926232686,0.95463133,FALSE,TRUE,L-BSC,Bacteria,Planctomycetota,Planctomycetes,Gemmatales,Gemmataceae,Gemmata,Gemmata,ASV475_Gemmata
ASV479,0.304894879,0.719238172,0.42391365,0.675404189,0.825247712,FALSE,TRUE,L-BSC,Bacteria,Bacteroidota,Bacteroidia,Cytophagales,Spirosomataceae,Nibrella,Nibrella,ASV479_Nibrella
ASV481,0.166042099,0.626070977,0.265212899,0.79311015,0.882091813,FALSE,TRUE,L-BSC,Bacteria,Actinomycetota,Thermoleophilia,Solirubrobacterales,67-14,NA,67-14,ASV481_67-14
ASV483,1.086718477,0.647741125,1.677704927,0.10638203,0.238404856,FALSE,TRUE,L-BSC,Bacteria,Verrucomicrobiota,Verrucomicrobiia,Chthoniobacterales,Chthoniobacteraceae,Chthoniobacter,Chthoniobacter,ASV483_Chthoniobacter
ASV484,1.298780207,0.510370092,2.544781184,0.017783141,0.064441638,FALSE,TRUE,L-BSC,Bacteria,Pseudomonadota,Alphaproteobacteria,Caulobacterales,Caulobacteraceae,PMMR1,PMMR1,ASV484_PMMR1
ASV485,-1.459433788,0.725006471,-2.012994154,0.055463144,0.148634943,FALSE,TRUE,L-BSC,Bacteria,Planctomycetota,Planctomycetes,Isosphaerales,Isosphaeraceae,NA,Isosphaeraceae,ASV485_Isosphaeraceae
ASV486,1.263348372,0.628005584,2.011683341,0.055610556,0.148634943,FALSE,TRUE,L-BSC,Bacteria,Verrucomicrobiota,Verrucomicrobiia,Chthoniobacterales,Chthoniobacteraceae,NA,Chthoniobacteraceae,ASV486_Chthoniobacteraceae
ASV489,0.872897523,0.649171373,1.344633419,0.191314953,0.364823322,FALSE,TRUE,L-BSC,Bacteria,Armatimonadota,Fimbriimonadia,Fimbriimonadales,Fimbriimonadaceae,NA,Fimbriimonadaceae,ASV489_Fimbriimonadaceae
ASV491,0.173168752,0.674052759,0.256906821,0.799440364,0.887011928,FALSE,TRUE,L-BSC,Bacteria,Verrucomicrobiota,Verrucomicrobiia,Chthoniobacterales,Chthoniobacteraceae,Chthoniobacter,Chthoniobacter,ASV491_Chthoniobacter
ASV492,1.162531859,0.753475166,1.542893398,0.135940675,0.282214133,FALSE,TRUE,L-BSC,Bacteria,Actinomycetota,Thermoleophilia,Solirubrobacterales,Solirubrobacteraceae,Solirubrobacter,Solirubrobacter,ASV492_Solirubrobacter
ASV493,-1.468389447,0.712437416,-2.061078508,0.05028963,0.139978142,FALSE,TRUE,L-BSC,Bacteria,Pseudomonadota,Alphaproteobacteria,Rhodobacterales,Paracoccaceae,Paracoccus,Paracoccus,ASV493_Paracoccus
ASV494,-0.97004173,0.606111608,-1.600434172,0.122584893,0.264541226,FALSE,TRUE,L-BSC,Bacteria,Actinomycetota,Thermoleophilia,Gaiellales,Gaiellaceae,Gaiella,Gaiella,ASV494_Gaiella
ASV495,1.039658248,0.607439482,1.711542103,0.099876401,0.228513022,FALSE,TRUE,L-BSC,Bacteria,Abditibacteriota,Abditibacteriia,Abditibacteriales,Abditibacteriaceae,Abditibacterium,Abditibacterium,ASV495_Abditibacterium
ASV498,0.517971154,0.63691666,0.813247928,0.424070784,0.628199772,FALSE,TRUE,L-BSC,Bacteria,Pseudomonadota,Gammaproteobacteria,Burkholderiales,Oxalobacteraceae,Massilia,Massilia,ASV498_Massilia
ASV499,-1.52846162,0.729063215,-2.096473376,0.046760691,0.132673472,FALSE,TRUE,L-BSC,Bacteria,Planctomycetota,Planctomycetes,Isosphaerales,Isosphaeraceae,Tautonia,Tautonia,ASV499_Tautonia
ASV50,1.65323284,0.778732273,2.122979743,0.044264745,0.127261141,FALSE,TRUE,L-BSC,Bacteria,Pseudomonadota,Gammaproteobacteria,Lysobacterales,Lysobacteraceae,Lysobacter,Lysobacter,ASV50_Lysobacter
ASV503,2.874685947,0.583252115,4.928719281,4.98E-05,7.02E-04,TRUE,TRUE,L-BSC,Bacteria,Actinomycetota,Thermoleophilia,Solirubrobacterales,Solirubrobacteraceae,Solirubrobacter,Solirubrobacter,ASV503_Solirubrobacter
ASV504,1.705412658,0.704883957,2.419423283,0.023487823,0.077174276,FALSE,TRUE,L-BSC,Bacteria,Acidobacteriota,Blastocatellia,Blastocatellales,Blastocatellaceae,Blastocatella,Blastocatella,ASV504_Blastocatella
ASV507,-0.254905469,0.757157826,-0.336660944,0.73929862,0.859785613,FALSE,TRUE,L-BSC,Bacteria,Pseudomonadota,Alphaproteobacteria,Azospirillales,Azospirillaceae,Desertibacter,Desertibacter,ASV507_Desertibacter
ASV508,-1.999984288,0.654847216,-3.054123524,0.005454957,0.026379734,TRUE,TRUE,L-BSC,Bacteria,Bacteroidota,Bacteroidia,Cytophagales,Hymenobacteraceae,Hymenobacter,Hymenobacter,ASV508_Hymenobacter
ASV510,1.100204574,0.722273493,1.523252044,0.14076478,0.28947863,FALSE,TRUE,L-BSC,Bacteria,Chloroflexota,Anaerolineae,Aggregatilineales,A4b,NA,A4b,ASV510_A4b
ASV511,1.189238375,0.801341077,1.484060171,0.150808673,0.30440365,FALSE,TRUE,L-BSC,Bacteria,Actinomycetota,Actinobacteria,Kitasatosporales,Streptomycetaceae,E1B-B3-114,E1B-B3-114,ASV511_E1B-B3-114
ASV512,1.714944244,0.64277158,2.668046159,0.013455175,0.052034615,FALSE,TRUE,L-BSC,Bacteria,Planctomycetota,Planctomycetes,Gemmatales,Gemmataceae,Fimbriiglobus,Fimbriiglobus,ASV512_Fimbriiglobus
ASV516,-2.360675402,0.754071228,-3.130573498,0.004541339,0.023347827,TRUE,TRUE,L-BSC,Bacteria,Actinomycetota,Actinobacteria,Propionibacteriales,Nocardioidaceae,Marmoricola,Marmoricola,ASV516_Marmoricola
ASV517,0.224072914,0.666019135,0.33643615,0.739465977,0.859785613,FALSE,TRUE,L-BSC,Bacteria,Planctomycetota,Phycisphaerae,Tepidisphaerales,WD2101 soil group,NA,WD2101_soil_group,ASV517_WD2101_soil_group
ASV519,2.162840731,0.550226327,3.93082015,6.27E-04,0.005095645,TRUE,TRUE,L-BSC,Bacteria,Pseudomonadota,Gammaproteobacteria,Burkholderiales,TRA3-20,NA,TRA3-20,ASV519_TRA3-20
ASV52,-0.328567801,0.660358664,-0.497559613,0.623322642,0.800576579,FALSE,TRUE,L-BSC,Bacteria,Gemmatimonadota,Longimicrobiia,Longimicrobiales,Longimicrobiaceae,NA,Longimicrobiaceae,ASV52_Longimicrobiaceae
ASV520,-0.704169797,0.556249361,-1.265924684,0.217691027,0.400551489,FALSE,TRUE,L-BSC,Bacteria,Bacteroidota,Bacteroidia,Cytophagales,Hymenobacteraceae,Hymenobacter,Hymenobacter,ASV520_Hymenobacter
ASV525,-1.301979349,0.650846646,-2.000439515,0.056889339,0.150670552,FALSE,TRUE,L-BSC,Bacteria,Armatimonadota,Armatimonadia,Armatimonadales,Armatimonadaceae,NA,Armatimonadaceae,ASV525_Armatimonadaceae
ASV528,0.529505289,0.54848771,0.965391347,0.343976592,0.547755964,FALSE,TRUE,L-BSC,Bacteria,Actinomycetota,Actinobacteria,Propionibacteriales,Propionibacteriaceae,Cutibacterium,Cutibacterium,ASV528_Cutibacterium
ASV531,0.094347084,0.697771047,0.135212094,0.893571826,0.933926662,FALSE,TRUE,L-BSC,Bacteria,Acidobacteriota,Blastocatellia,Blastocatellales,Blastocatellaceae,Aridibacter,Aridibacter,ASV531_Aridibacter
ASV532,-0.070965314,0.689729784,-0.102888574,0.918906297,0.949253793,FALSE,TRUE,L-BSC,Bacteria,Planctomycetota,Phycisphaerae,Tepidisphaerales,WD2101 soil group,NA,WD2101_soil_group,ASV532_WD2101_soil_group
ASV534,-0.249440569,0.663710152,-0.375827563,0.710346652,0.847451207,FALSE,TRUE,L-BSC,Bacteria,Bacteroidota,Bacteroidia,Flavobacteriales,Flavobacteriaceae,Flavobacterium,Flavobacterium,ASV534_Flavobacterium
ASV535,-0.724745133,0.619031214,-1.170773164,0.253183889,0.452520898,FALSE,TRUE,L-BSC,Bacteria,Bacteroidota,Bacteroidia,Cytophagales,Hymenobacteraceae,Hymenobacter,Hymenobacter,ASV535_Hymenobacter
ASV539,0.080908991,0.585501205,0.138187575,0.891245078,0.933416049,FALSE,TRUE,L-BSC,Bacteria,Acidobacteriota,Vicinamibacteria,Vicinamibacterales,Vicinamibacteraceae,NA,Vicinamibacteraceae,ASV539_Vicinamibacteraceae
ASV54,3.699226955,0.667381197,5.542899578,1.06E-05,2.12E-04,TRUE,TRUE,L-BSC,Bacteria,Deinococcota,Deinococci,Deinococcales,Deinococcaceae,Deinococcus,Deinococcus,ASV54_Deinococcus
ASV541,0.757251316,0.623788058,1.213956096,0.23657569,0.428977496,FALSE,TRUE,L-BSC,Bacteria,Actinomycetota,Actinobacteria,Euzebyales,Euzebyaceae,Euzebya,Euzebya,ASV541_Euzebya
ASV542,-2.127895383,0.650850751,-3.269406049,0.003245094,0.018537335,TRUE,TRUE,L-BSC,Bacteria,Planctomycetota,Phycisphaerae,Tepidisphaerales,WD2101 soil group,NA,WD2101_soil_group,ASV542_WD2101_soil_group
ASV548,-1.112110041,0.761077731,-1.461230562,0.156922231,0.313127921,FALSE,TRUE,L-BSC,Bacteria,Acidobacteriota,Vicinamibacteria,Vicinamibacterales,Vicinamibacteraceae,Luteitalea,Luteitalea,ASV548_Luteitalea
ASV549,-0.838084192,0.730791525,-1.146817066,0.262762327,0.462330873,FALSE,TRUE,L-BSC,Bacteria,Bacteroidota,Bacteroidia,Sphingobacteriales,Sphingobacteriaceae,Arcticibacter,Arcticibacter,ASV549_Arcticibacter
ASV552,-2.134273696,0.545286567,-3.914040479,6.55E-04,0.005200782,TRUE,TRUE,L-BSC,Bacteria,Planctomycetota,Planctomycetes,Isosphaerales,Isosphaeraceae,NA,Isosphaeraceae,ASV552_Isosphaeraceae
ASV554,-1.050992293,0.676267454,-1.554107458,0.133247799,0.279948502,FALSE,TRUE,L-BSC,Bacteria,Bacteroidota,Bacteroidia,Chitinophagales,Chitinophagaceae,Segetibacter,Segetibacter,ASV554_Segetibacter
ASV556,0.15716288,0.485668795,0.323600943,0.749043163,0.859785613,FALSE,TRUE,L-BSC,Bacteria,Armatimonadota,Armatimonadia,Armatimonadales,Armatimonadaceae,NA,Armatimonadaceae,ASV556_Armatimonadaceae
ASV558,-0.328599896,0.760380408,-0.432151975,0.669488967,0.822632729,FALSE,TRUE,L-BSC,Bacteria,Planctomycetota,Phycisphaerae,Tepidisphaerales,WD2101 soil group,NA,WD2101_soil_group,ASV558_WD2101_soil_group
ASV56,-0.356331811,0.408957033,-0.871318458,0.392213159,0.598256198,FALSE,TRUE,L-BSC,Bacteria,Pseudomonadota,Alphaproteobacteria,Hyphomicrobiales,Beijerinckiaceae,Microvirga,Microvirga,ASV56_Microvirga
ASV564,-1.036663982,0.757540402,-1.368460321,0.183843032,0.355484093,FALSE,TRUE,L-BSC,Bacteria,Bacteroidota,Bacteroidia,Cytophagales,Hymenobacteraceae,Adhaeribacter,Adhaeribacter,ASV564_Adhaeribacter
ASV566,-2.74082571,0.494688316,-5.540510304,1.07E-05,2.12E-04,TRUE,TRUE,L-BSC,Bacteria,Planctomycetota,Planctomycetes,Isosphaerales,Isosphaeraceae,Tautonia,Tautonia,ASV566_Tautonia
ASV569,-1.753153688,0.711501957,-2.464018083,0.02128825,0.072679415,FALSE,TRUE,L-BSC,Bacteria,Planctomycetota,Planctomycetes,Isosphaerales,Isosphaeraceae,Tundrisphaera,Tundrisphaera,ASV569_Tundrisphaera
ASV571,0.756323295,0.73894048,1.023523972,0.316266825,0.516128668,FALSE,TRUE,L-BSC,Bacteria,Actinomycetota,Thermoleophilia,Solirubrobacterales,Solirubrobacteraceae,Solirubrobacter,Solirubrobacter,ASV571_Solirubrobacter
ASV576,1.779909649,0.655926042,2.713582836,0.012122864,0.048160834,FALSE,FALSE,L-BSC,Bacteria,Bacteroidota,Bacteroidia,Chitinophagales,Chitinophagaceae,Segetibacter,Segetibacter,ASV576_Segetibacter
ASV577,-1.527788343,0.497287481,-3.072243725,0.005223661,0.025505472,TRUE,TRUE,L-BSC,Bacteria,Planctomycetota,Planctomycetes,Pirellulales,Pirellulaceae,NA,Pirellulaceae,ASV577_Pirellulaceae
ASV58,-0.388734632,0.626483076,-0.620503007,0.540774794,0.733908649,FALSE,TRUE,L-BSC,Bacteria,Pseudomonadota,Alphaproteobacteria,Rhodobacterales,Paracoccaceae,Rubellimicrobium,Rubellimicrobium,ASV58_Rubellimicrobium
ASV581,-2.984753692,0.534488497,-5.584317925,9.55E-06,2.12E-04,TRUE,TRUE,L-BSC,Bacteria,Pseudomonadota,Alphaproteobacteria,Tistrellales,Geminicoccaceae,Candidatus Alysiosphaera,Candidatus_Alysiosphaera,ASV581_Candidatus_Alysiosphaera
ASV588,-2.530664374,0.522629897,-4.842172992,6.20E-05,8.34E-04,TRUE,TRUE,L-BSC,Bacteria,Bacteroidota,Bacteroidia,Cytophagales,Spirosomataceae,NA,Spirosomataceae,ASV588_Spirosomataceae
ASV592,0.985037796,0.607941672,1.620283396,0.118238103,0.25770599,FALSE,TRUE,L-BSC,Bacteria,Armatimonadota,Armatimonadia,Armatimonadales,Armatimonadaceae,NA,Armatimonadaceae,ASV592_Armatimonadaceae
ASV594,0.122045936,0.780783103,0.156312214,0.877094358,0.932103244,FALSE,TRUE,L-BSC,Bacteria,Planctomycetota,Phycisphaerae,Tepidisphaerales,WD2101 soil group,NA,WD2101_soil_group,ASV594_WD2101_soil_group
ASV595,2.020950376,0.767974348,2.631533699,0.014621537,0.05556184,FALSE,TRUE,L-BSC,Bacteria,Armatimonadota,Armatimonadia,Armatimonadales,Armatimonadaceae,NA,Armatimonadaceae,ASV595_Armatimonadaceae
ASV596,1.42568631,0.579056559,2.462084728,0.021379516,0.072706993,FALSE,TRUE,L-BSC,Bacteria,Acidobacteriota,Vicinamibacteria,Vicinamibacterales,Vicinamibacteraceae,NA,Vicinamibacteraceae,ASV596_Vicinamibacteraceae
ASV6,-0.175406347,0.69094064,-0.253866014,0.801761353,0.887011928,FALSE,TRUE,L-BSC,Bacteria,Pseudomonadota,Alphaproteobacteria,Sphingomonadales,Sphingomonadaceae,Ellin6055,Ellin6055,ASV6_Ellin6055
ASV60,-2.108726959,0.601581158,-3.505307524,0.001818331,0.011859858,TRUE,TRUE,L-BSC,Bacteria,Pseudomonadota,Alphaproteobacteria,Rhodobacterales,Paracoccaceae,Rubellimicrobium,Rubellimicrobium,ASV60_Rubellimicrobium
ASV602,0.080220777,0.489868882,0.163759692,0.871291586,0.928917291,FALSE,TRUE,L-BSC,Bacteria,Actinomycetota,Acidimicrobiia,Acidimicrobiales,Acidimicrobiaceae,NA,Acidimicrobiaceae,ASV602_Acidimicrobiaceae
ASV606,-0.095082222,0.649770136,-0.14633209,0.884881436,0.933416049,FALSE,TRUE,L-BSC,Bacteria,Pseudomonadota,Alphaproteobacteria,Sphingomonadales,Sphingomonadaceae,Sphingoaurantiacus,Sphingoaurantiacus,ASV606_Sphingoaurantiacus
ASV610,-0.228765288,0.543573554,-0.420854337,0.677606281,0.825247712,FALSE,TRUE,L-BSC,Bacteria,Gemmatimonadota,Longimicrobiia,Longimicrobiales,Longimicrobiaceae,YC-ZSS-LKJ147,YC-ZSS-LKJ147,ASV610_YC-ZSS-LKJ147
ASV612,0.815888194,0.637017307,1.28079439,0.2125052,0.395309598,FALSE,TRUE,L-BSC,Bacteria,Pseudomonadota,Alphaproteobacteria,Caulobacterales,Caulobacteraceae,PMMR1,PMMR1,ASV612_PMMR1
ASV613,-2.60028135,0.565234632,-4.600357447,1.15E-04,0.00137365,TRUE,TRUE,L-BSC,Bacteria,Bacteroidota,Bacteroidia,Cytophagales,Hymenobacteraceae,Pontibacter,Pontibacter,ASV613_Pontibacter
ASV616,0.058268083,0.663986367,0.087754938,0.930799575,0.957080975,FALSE,TRUE,L-BSC,Bacteria,Pseudomonadota,Alphaproteobacteria,Hyphomicrobiales,Rhizobiaceae,NA,Rhizobiaceae,ASV616_Rhizobiaceae
ASV618,0.669483164,0.847100028,0.790323624,0.437078839,0.639877563,FALSE,TRUE,L-BSC,Bacteria,Chloroflexota,Anaerolineae,Aggregatilineales,A4b,NA,A4b,ASV618_A4b
ASV619,-1.62781295,0.588398355,-2.766515127,0.010730479,0.044121139,FALSE,FALSE,L-BSC,Bacteria,Planctomycetota,Phycisphaerae,Tepidisphaerales,WD2101 soil group,NA,WD2101_soil_group,ASV619_WD2101_soil_group
ASV620,2.533042939,0.597127192,4.24204922,2.85E-04,0.002712702,TRUE,TRUE,L-BSC,Bacteria,Gemmatimonadota,Gemmatimonadia,Gemmatimonadales,Gemmatimonadaceae,NA,Gemmatimonadaceae,ASV620_Gemmatimonadaceae
ASV6200,-0.818989364,0.528091258,-1.550848175,0.134025902,0.280235977,FALSE,TRUE,L-BSC,Bacteria,Planctomycetota,Planctomycetes,Isosphaerales,Isosphaeraceae,NA,Isosphaeraceae,ASV6200_Isosphaeraceae
ASV624,-2.776570962,0.608911014,-4.559896109,1.27E-04,0.001481994,TRUE,TRUE,L-BSC,Bacteria,Planctomycetota,Phycisphaerae,Tepidisphaerales,WD2101 soil group,NA,WD2101_soil_group,ASV624_WD2101_soil_group
ASV627,-1.539942876,0.628781633,-2.449090106,0.022002401,0.073961916,FALSE,TRUE,L-BSC,Bacteria,Pseudomonadota,Alphaproteobacteria,Acetobacterales,Acetobacteraceae,Rubritepida,Rubritepida,ASV627_Rubritepida
ASV628,-1.288694435,0.455438418,-2.829569013,0.009268994,0.038947599,TRUE,TRUE,L-BSC,Bacteria,Chloroflexota,Chloroflexia,Kallotenuales,AKIW781,NA,AKIW781,ASV628_AKIW781
ASV630,-2.674680975,0.643306317,-4.157709791,3.53E-04,0.003286431,TRUE,TRUE,L-BSC,Bacteria,Pseudomonadota,Alphaproteobacteria,Acetobacterales,Acetobacteraceae,Roseomonas,Roseomonas,ASV630_Roseomonas
ASV631,-0.937807497,0.756749159,-1.239258064,0.227232504,0.413752517,FALSE,TRUE,L-BSC,Bacteria,Deinococcota,Deinococci,Deinococcales,Deinococcaceae,Deinococcus,Deinococcus,ASV631_Deinococcus
ASV633,-2.998843216,0.515633472,-5.8158428,5.37E-06,1.38E-04,TRUE,TRUE,L-BSC,Bacteria,Chloroflexota,Chloroflexia,Thermomicrobiales,AKYG1722,NA,AKYG1722,ASV633_AKYG1722
ASV636,-3.493843609,0.447885575,-7.800750471,4.92E-08,2.26E-06,TRUE,TRUE,L-BSC,Bacteria,Pseudomonadota,Alphaproteobacteria,Acetobacterales,Acetobacteraceae,NA,Acetobacteraceae,ASV636_Acetobacteraceae
ASV637,-2.343861408,0.56895069,-4.119621347,3.89E-04,0.003471818,TRUE,TRUE,L-BSC,Bacteria,Planctomycetota,Phycisphaerae,Tepidisphaerales,WD2101 soil group,NA,WD2101_soil_group,ASV637_WD2101_soil_group
ASV64,-1.801874671,0.641760776,-2.807704583,0.009752996,0.040785257,TRUE,TRUE,L-BSC,Bacteria,Acidobacteriota,Blastocatellia,Blastocatellales,Blastocatellaceae,Blastocatella,Blastocatella,ASV64_Blastocatella
ASV641,-2.854920017,0.506820767,-5.632997306,8.46E-06,2.05E-04,TRUE,TRUE,L-BSC,Bacteria,Planctomycetota,Planctomycetes,Isosphaerales,Isosphaeraceae,Tautonia,Tautonia,ASV641_Tautonia
ASV644,-1.572260984,0.537320705,-2.926112783,0.007391598,0.033300292,TRUE,TRUE,L-BSC,Bacteria,Abditibacteriota,Abditibacteriia,Abditibacteriales,Abditibacteriaceae,Abditibacterium,Abditibacterium,ASV644_Abditibacterium
ASV646,-2.07255473,0.651327761,-3.182045743,0.004011172,0.021247056,TRUE,TRUE,L-BSC,Bacteria,Pseudomonadota,Alphaproteobacteria,Acetobacterales,Acetobacteraceae,Rubritepida,Rubritepida,ASV646_Rubritepida
ASV650,2.071947204,0.657348726,3.151975692,0.004313173,0.022438768,TRUE,TRUE,L-BSC,Bacteria,Gemmatimonadota,Longimicrobiia,Longimicrobiales,Longimicrobiaceae,NA,Longimicrobiaceae,ASV650_Longimicrobiaceae
ASV651,-0.648348999,0.522016262,-1.242009199,0.226233689,0.412793829,FALSE,TRUE,L-BSC,Bacteria,Actinomycetota,Acidimicrobiia,Microtrichales,Iamiaceae,Iamia,Iamia,ASV651_Iamia
ASV652,-0.339073737,0.609020348,-0.556752722,0.582851404,0.767186939,FALSE,TRUE,L-BSC,Bacteria,Gemmatimonadota,Longimicrobiia,Longimicrobiales,Longimicrobiaceae,YC-ZSS-LKJ147,YC-ZSS-LKJ147,ASV652_YC-ZSS-LKJ147
ASV653,-1.522713505,0.587678197,-2.591066867,0.016024559,0.059852412,FALSE,TRUE,L-BSC,Bacteria,Actinomycetota,Rubrobacteria,Rubrobacterales,Rubrobacteriaceae,Rubrobacter,Rubrobacter,ASV653_Rubrobacter
ASV654,1.449737088,0.64605933,2.243968967,0.034326359,0.104899432,FALSE,TRUE,L-BSC,Bacteria,Pseudomonadota,Gammaproteobacteria,Burkholderiales,Oxalobacteraceae,Noviherbaspirillum,Noviherbaspirillum,ASV654_Noviherbaspirillum
ASV656,-2.522754424,0.530786289,-4.752862831,7.78E-05,0.001015481,TRUE,TRUE,L-BSC,Bacteria,Chloroflexota,Chloroflexia,Kallotenuales,AKIW781,NA,AKIW781,ASV656_AKIW781
ASV658,-2.235535207,0.512734425,-4.360025578,2.11E-04,0.002200068,TRUE,TRUE,L-BSC,Bacteria,Chloroflexota,Chloroflexia,Kallotenuales,AKIW781,NA,AKIW781,ASV658_AKIW781
ASV66,0.529099898,0.867797907,0.609704049,0.547787477,0.737315185,FALSE,TRUE,L-BSC,Bacteria,Pseudomonadota,Alphaproteobacteria,Sphingomonadales,Sphingomonadaceae,Sphingomonas,Sphingomonas,ASV66_Sphingomonas
ASV661,-2.357499241,0.525023075,-4.490277384,1.52E-04,0.001745909,TRUE,TRUE,L-BSC,Bacteria,Pseudomonadota,Alphaproteobacteria,Acetobacterales,Acetobacteraceae,Dankookia,Dankookia,ASV661_Dankookia
ASV665,0.475564482,0.544431838,0.873506009,0.391043953,0.598256198,FALSE,TRUE,L-BSC,Bacteria,Actinomycetota,Thermoleophilia,Solirubrobacterales,67-14,NA,67-14,ASV665_67-14
ASV668,0.248299621,0.719666351,0.345020467,0.733084443,0.859785613,FALSE,TRUE,L-BSC,Bacteria,Bacteroidota,Bacteroidia,Chitinophagales,Chitinophagaceae,Segetibacter,Segetibacter,ASV668_Segetibacter
ASV67,-0.18349939,0.716002874,-0.256283036,0.799916334,0.887011928,FALSE,TRUE,L-BSC,Bacteria,Pseudomonadota,Alphaproteobacteria,Acetobacterales,Acetobacteraceae,Roseomonas,Roseomonas,ASV67_Roseomonas
ASV674,-1.198878653,0.461864246,-2.59573817,0.0158564,0.059478515,FALSE,FALSE,L-BSC,Bacteria,Pseudomonadota,Alphaproteobacteria,Sphingomonadales,Sphingomonadaceae,Altererythrobacter,Altererythrobacter,ASV674_Altererythrobacter
ASV675,1.119674841,0.556252372,2.012890008,0.055474844,0.148634943,FALSE,TRUE,L-BSC,Bacteria,Sumerlaeota,Sumerlaeia,Sumerlaeales,Sumerlaeaceae,Sumerlaea,Sumerlaea,ASV675_Sumerlaea
ASV676,1.943411844,0.85591475,2.270567067,0.032433267,0.100520124,FALSE,TRUE,L-BSC,Bacteria,Chloroflexota,Chloroflexia,Chloroflexales,Chloroflexaceae,Chloronema,Chloronema,ASV676_Chloronema
ASV679,-1.042737126,0.6086262,-1.713263617,0.09955463,0.228513022,FALSE,TRUE,L-BSC,Bacteria,Bacteroidota,Bacteroidia,Cytophagales,Cytophagaceae,Sporocytophaga,Sporocytophaga,ASV679_Sporocytophaga
ASV68,-0.447985565,0.76513639,-0.585497659,0.563678641,0.748506148,FALSE,TRUE,L-BSC,Bacteria,Pseudomonadota,Alphaproteobacteria,Sphingomonadales,Sphingomonadaceae,NA,Sphingomonadaceae,ASV68_Sphingomonadaceae
ASV680,0.699407875,0.763798952,0.915696301,0.368935813,0.573754271,FALSE,TRUE,L-BSC,Bacteria,Planctomycetota,Planctomycetes,Isosphaerales,Isosphaeraceae,Tautonia,Tautonia,ASV680_Tautonia
ASV681,-0.276101766,0.851095298,-0.32440758,0.748440046,0.859785613,FALSE,TRUE,L-BSC,Bacteria,Chloroflexota,Chloroflexia,Kallotenuales,AKIW781,NA,AKIW781,ASV681_AKIW781
ASV683,1.345549458,0.57659463,2.333614273,0.028319999,0.09066549,FALSE,TRUE,L-BSC,Bacteria,Abditibacteriota,Abditibacteriia,Abditibacteriales,Abditibacteriaceae,Abditibacterium,Abditibacterium,ASV683_Abditibacterium
ASV688,-0.037096977,0.561852473,-0.066026188,0.947903912,0.967836471,FALSE,TRUE,L-BSC,Bacteria,Verrucomicrobiota,Verrucomicrobiia,Chthoniobacterales,Chthoniobacteraceae,Chthoniobacter,Chthoniobacter,ASV688_Chthoniobacter
ASV690,-1.362310285,0.727961518,-1.871404259,0.073528383,0.184666111,FALSE,TRUE,L-BSC,Bacteria,Actinomycetota,Actinobacteria,Micrococcales,Micrococcaceae,Pseudarthrobacter,Pseudarthrobacter,ASV690_Pseudarthrobacter
ASV692,0.434299233,0.723781172,0.600042181,0.554102045,0.743909658,FALSE,TRUE,L-BSC,Bacteria,Planctomycetota,Planctomycetes,Isosphaerales,Isosphaeraceae,Tautonia,Tautonia,ASV692_Tautonia
ASV695,-2.700808554,0.522068079,-5.173288048,2.68E-05,4.51E-04,TRUE,TRUE,L-BSC,Bacteria,Planctomycetota,Planctomycetes,Isosphaerales,Isosphaeraceae,Tundrisphaera,Tundrisphaera,ASV695_Tundrisphaera
ASV697,-0.378275692,0.540328221,-0.700085018,0.490605464,0.687560976,FALSE,TRUE,L-BSC,Bacteria,Actinomycetota,Acidimicrobiia,Acidimicrobiales,Acidimicrobiaceae,NA,Acidimicrobiaceae,ASV697_Acidimicrobiaceae
ASV698,0.56656909,0.725968128,0.780432457,0.442766135,0.644919893,FALSE,TRUE,L-BSC,Bacteria,Pseudomonadota,Gammaproteobacteria,Burkholderiales,Oxalobacteraceae,Noviherbaspirillum,Noviherbaspirillum,ASV698_Noviherbaspirillum
ASV704,-2.91146072,0.49850554,-5.840377859,5.05E-06,1.34E-04,TRUE,TRUE,L-BSC,Bacteria,Pseudomonadota,Alphaproteobacteria,Acetobacterales,Acetobacteraceae,Roseicella,Roseicella,ASV704_Roseicella
ASV705,-0.065103349,0.640867447,-0.101586295,0.919929019,0.949253793,FALSE,TRUE,L-BSC,Bacteria,Pseudomonadota,Alphaproteobacteria,Caulobacterales,Caulobacteraceae,NA,Caulobacteraceae,ASV705_Caulobacteraceae
ASV706,0.185427047,0.665106366,0.278793072,0.782791802,0.879383079,FALSE,TRUE,L-BSC,Bacteria,Chloroflexota,Chloroflexia,Thermomicrobiales,Thermomicrobiaceae,Sphaerobacter,Sphaerobacter,ASV706_Sphaerobacter
ASV707,-2.516901363,0.669480595,-3.75948367,9.65E-04,0.007211064,TRUE,TRUE,L-BSC,Bacteria,Pseudomonadota,Alphaproteobacteria,Acetobacterales,Acetobacteraceae,Roseomonas,Roseomonas,ASV707_Roseomonas
ASV710,-0.35039629,0.530732442,-0.660212685,0.515404341,0.711632534,FALSE,TRUE,L-BSC,Bacteria,Verrucomicrobiota,Verrucomicrobiia,Opitutales,Opitutaceae,Diplosphaera,Diplosphaera,ASV710_Diplosphaera
ASV711,-2.361204354,0.71156557,-3.318322938,0.002880102,0.01715352,TRUE,TRUE,L-BSC,Bacteria,Actinomycetota,Rubrobacteria,Rubrobacterales,Rubrobacteriaceae,Rubrobacter,Rubrobacter,ASV711_Rubrobacter
ASV713,-1.517922962,0.560267602,-2.70928206,0.012243178,0.048418721,FALSE,FALSE,L-BSC,Bacteria,Actinomycetota,Thermoleophilia,Solirubrobacterales,67-14,NA,67-14,ASV713_67-14
ASV715,1.01934329,0.74579498,1.366787547,0.184359992,0.355696762,FALSE,TRUE,L-BSC,Bacteria,Acidobacteriota,Acidobacteriae,Bryobacterales,Bryobacteraceae,Bryobacter,Bryobacter,ASV715_Bryobacter
ASV716,-0.979938449,0.771975874,-1.269389992,0.216473928,0.399996223,FALSE,TRUE,L-BSC,Bacteria,Chloroflexota,Chloroflexia,Kallotenuales,AKIW781,NA,AKIW781,ASV716_AKIW781
ASV718,-0.310350197,0.802750675,-0.386608454,0.702452651,0.841018654,FALSE,TRUE,L-BSC,Bacteria,Planctomycetota,Planctomycetes,Isosphaerales,Isosphaeraceae,Tautonia,Tautonia,ASV718_Tautonia
ASV719,-2.227593304,0.652124939,-3.415899577,0.002267189,0.014153738,TRUE,TRUE,L-BSC,Bacteria,Bacteroidota,Bacteroidia,Chitinophagales,Chitinophagaceae,Flavisolibacter,Flavisolibacter,ASV719_Flavisolibacter
ASV72,-2.887755812,0.646666112,-4.465605604,1.62E-04,0.001811342,TRUE,TRUE,L-BSC,Bacteria,Actinomycetota,Actinobacteria,Micrococcales,Cellulomonadaceae,Cellulomonas,Cellulomonas,ASV72_Cellulomonas
ASV720,-2.227363024,0.65392339,-3.406152858,0.0023222,0.014292979,TRUE,TRUE,L-BSC,Bacteria,Chloroflexota,Chloroflexia,Kallotenuales,AKIW781,NA,AKIW781,ASV720_AKIW781
ASV722,-0.148272643,0.706941789,-0.209738122,0.835642326,0.906304336,FALSE,TRUE,L-BSC,Bacteria,Acidobacteriota,Blastocatellia,Blastocatellales,Blastocatellaceae,Blastocatella,Blastocatella,ASV722_Blastocatella
ASV724,-1.426638685,0.646798697,-2.205691959,0.037227013,0.112194515,FALSE,TRUE,L-BSC,Bacteria,Actinomycetota,Thermoleophilia,Solirubrobacterales,67-14,NA,67-14,ASV724_67-14
ASV727,-0.844989846,0.673474842,-1.254671732,0.221679412,0.405330138,FALSE,TRUE,L-BSC,Bacteria,Pseudomonadota,Alphaproteobacteria,Sphingomonadales,Sphingomonadaceae,NA,Sphingomonadaceae,ASV727_Sphingomonadaceae
ASV730,-0.103726306,0.751064442,-0.138105734,0.891309063,0.933416049,FALSE,TRUE,L-BSC,Bacteria,Pseudomonadota,Alphaproteobacteria,Sphingomonadales,Sphingomonadaceae,Sphingomonas,Sphingomonas,ASV730_Sphingomonas
ASV732,-0.667580874,0.718152224,-0.929581294,0.361844156,0.566759485,FALSE,TRUE,L-BSC,Bacteria,Bacteroidota,Bacteroidia,Cytophagales,Spirosomataceae,Nibrella,Nibrella,ASV732_Nibrella
ASV734,-2.044862558,0.711263393,-2.874972306,0.008335718,0.036066422,TRUE,TRUE,L-BSC,Bacteria,Chloroflexota,Chloroflexia,Kallotenuales,AKIW781,NA,AKIW781,ASV734_AKIW781
ASV735,-2.403901714,0.594820189,-4.041392271,4.75E-04,0.004147618,TRUE,TRUE,L-BSC,Bacteria,Actinomycetota,Acidimicrobiia,Acidimicrobiales,Acidimicrobiaceae,NA,Acidimicrobiaceae,ASV735_Acidimicrobiaceae
ASV737,2.777867439,0.65284964,4.254988086,2.76E-04,0.002711731,TRUE,TRUE,L-BSC,Bacteria,Chloroflexota,Anaerolineae,Ardenticatenales,Ardenticatenaceae,NA,Ardenticatenaceae,ASV737_Ardenticatenaceae
ASV738,-0.732720397,0.476390963,-1.538065273,0.137113754,0.283303595,FALSE,TRUE,L-BSC,Bacteria,Armatimonadota,Armatimonadia,Armatimonadales,Armatimonadaceae,NA,Armatimonadaceae,ASV738_Armatimonadaceae
ASV741,1.613696741,0.784361254,2.057338673,0.05067603,0.140160918,FALSE,TRUE,L-BSC,Bacteria,Chloroflexota,Chloroflexia,Thermomicrobiales,AKYG1722,NA,AKYG1722,ASV741_AKYG1722
ASV742,-1.128503832,0.70655708,-1.59718707,0.123308464,0.265447284,FALSE,TRUE,L-BSC,Bacteria,Bacteroidota,Bacteroidia,Chitinophagales,Chitinophagaceae,Segetibacter,Segetibacter,ASV742_Segetibacter
ASV746,0.384184182,0.550139869,0.698339102,0.491676899,0.687560976,FALSE,TRUE,L-BSC,Bacteria,Actinomycetota,Thermoleophilia,Solirubrobacterales,Solirubrobacteraceae,Baekduia,Baekduia,ASV746_Baekduia
ASV747,0.8798104,0.792882159,1.109635763,0.278151105,0.477790258,FALSE,TRUE,L-BSC,Bacteria,Bacteroidota,Bacteroidia,Cytophagales,Hymenobacteraceae,Adhaeribacter,Adhaeribacter,ASV747_Adhaeribacter
ASV749,-2.76485379,0.513490199,-5.384433423,1.58E-05,2.87E-04,TRUE,TRUE,L-BSC,Bacteria,Actinomycetota,Acidimicrobiia,Microtrichales,Ilumatobacteraceae,Desertimonas,Desertimonas,ASV749_Desertimonas
ASV75,-3.856233446,0.598172776,-6.44668832,1.15E-06,3.72E-05,TRUE,TRUE,L-BSC,Bacteria,Actinomycetota,Actinobacteria,Propionibacteriales,Nocardioidaceae,NA,Nocardioidaceae,ASV75_Nocardioidaceae
ASV750,-1.681228904,0.579833806,-2.899501349,0.007869394,0.034562064,TRUE,TRUE,L-BSC,Bacteria,Actinomycetota,Actinobacteria,Pseudonocardiales,Pseudonocardiaceae,Actinomycetospora,Actinomycetospora,ASV750_Actinomycetospora
ASV753,1.121081049,0.719879459,1.557317735,0.132485034,0.279016674,FALSE,TRUE,L-BSC,Bacteria,Armatimonadota,Fimbriimonadia,Fimbriimonadales,Fimbriimonadaceae,NA,Fimbriimonadaceae,ASV753_Fimbriimonadaceae
ASV756,-0.291351215,0.662224452,-0.439958407,0.663903893,0.819564975,FALSE,TRUE,L-BSC,Bacteria,Bacteroidota,Bacteroidia,Sphingobacteriales,Sphingobacteriaceae,NA,Sphingobacteriaceae,ASV756_Sphingobacteriaceae
ASV758,-0.539274289,0.756815049,-0.712557565,0.482990255,0.680860457,FALSE,TRUE,L-BSC,Bacteria,Pseudomonadota,Alphaproteobacteria,Hyphomicrobiales,Beijerinckiaceae,Methylorubrum,Methylorubrum,ASV758_Methylorubrum
ASV759,-3.634671997,0.578041781,-6.28790533,1.69E-06,4.91E-05,TRUE,TRUE,L-BSC,Bacteria,Actinomycetota,Actinobacteria,Frankiales,Geodermatophilaceae,Modestobacter,Modestobacter,ASV759_Modestobacter
ASV76,-0.240618509,0.557989078,-0.431224407,0.670153894,0.822632729,FALSE,TRUE,L-BSC,Bacteria,Deinococcota,Deinococci,Deinococcales,Deinococcaceae,Deinococcus,Deinococcus,ASV76_Deinococcus
ASV763,0.62369729,0.555983758,1.121790484,0.273050152,0.47070184,FALSE,TRUE,L-BSC,Bacteria,Planctomycetota,Phycisphaerae,Tepidisphaerales,WD2101 soil group,NA,WD2101_soil_group,ASV763_WD2101_soil_group
ASV764,2.191117664,0.608247783,3.602343855,0.001429246,0.009683416,TRUE,TRUE,L-BSC,Bacteria,Actinomycetota,Acidimicrobiia,Microtrichales,Ilumatobacteraceae,NA,Ilumatobacteraceae,ASV764_Ilumatobacteraceae
ASV769,-1.014313364,0.607033292,-1.670935314,0.107725599,0.239572961,FALSE,TRUE,L-BSC,Bacteria,Verrucomicrobiota,Verrucomicrobiia,Chthoniobacterales,Chthoniobacteraceae,Chthoniobacter,Chthoniobacter,ASV769_Chthoniobacter
ASV770,-0.379386879,0.48323862,-0.785092216,0.440081242,0.643195662,FALSE,TRUE,L-BSC,Bacteria,Pseudomonadota,Alphaproteobacteria,Sphingomonadales,Sphingomonadaceae,Sphingomonas,Sphingomonas,ASV770_Sphingomonas
ASV772,0.627188332,0.609957731,1.028248844,0.31408499,0.514064196,FALSE,TRUE,L-BSC,Bacteria,Armatimonadota,Fimbriimonadia,Fimbriimonadales,Fimbriimonadaceae,NA,Fimbriimonadaceae,ASV772_Fimbriimonadaceae
ASV774,0.983103838,0.548554912,1.792170328,0.085722823,0.206395998,FALSE,TRUE,L-BSC,Bacteria,Acidobacteriota,Vicinamibacteria,Vicinamibacterales,Vicinamibacteraceae,NA,Vicinamibacteraceae,ASV774_Vicinamibacteraceae
ASV778,0.505713776,0.716070308,0.706234807,0.486842108,0.685185189,FALSE,TRUE,L-BSC,Bacteria,Gemmatimonadota,Longimicrobiia,Longimicrobiales,Longimicrobiaceae,NA,Longimicrobiaceae,ASV778_Longimicrobiaceae
ASV779,0.194053117,0.542853504,0.357468665,0.723865384,0.853872691,FALSE,TRUE,L-BSC,Bacteria,Actinomycetota,Thermoleophilia,Solirubrobacterales,Solirubrobacteraceae,Solirubrobacter,Solirubrobacter,ASV779_Solirubrobacter
ASV783,-1.00500841,0.750569301,-1.338994824,0.193117494,0.366923239,FALSE,TRUE,L-BSC,Bacteria,Gemmatimonadota,Gemmatimonadia,Gemmatimonadales,Gemmatimonadaceae,Roseisolibacter,Roseisolibacter,ASV783_Roseisolibacter
ASV785,-1.916859575,0.542621048,-3.532593475,0.001699524,0.011252911,TRUE,TRUE,L-BSC,Bacteria,Planctomycetota,Phycisphaerae,Tepidisphaerales,WD2101 soil group,NA,WD2101_soil_group,ASV785_WD2101_soil_group
ASV788,-1.069354712,0.670798449,-1.594152035,0.123987981,0.266254288,FALSE,TRUE,L-BSC,Bacteria,Planctomycetota,Phycisphaerae,Tepidisphaerales,WD2101 soil group,NA,WD2101_soil_group,ASV788_WD2101_soil_group
ASV79,1.002875263,0.589350744,1.701661146,0.101740362,0.231565302,FALSE,TRUE,L-BSC,Bacteria,Acidobacteriota,Blastocatellia,Blastocatellales,Blastocatellaceae,Blastocatella,Blastocatella,ASV79_Blastocatella
ASV790,-1.264449068,0.68531571,-1.845060678,0.077404367,0.190448463,FALSE,TRUE,L-BSC,Bacteria,Pseudomonadota,Alphaproteobacteria,Hyphomicrobiales,Beijerinckiaceae,Microvirga,Microvirga,ASV790_Microvirga
ASV791,-0.237547919,0.723273032,-0.328434642,0.745431494,0.859785613,FALSE,TRUE,L-BSC,Bacteria,Chloroflexota,Chloroflexia,Chloroflexales,Herpetosiphonaceae,Herpetosiphon,Herpetosiphon,ASV791_Herpetosiphon
ASV793,-1.028212436,0.650356881,-1.580997243,0.126969222,0.270661219,FALSE,TRUE,L-BSC,Bacteria,Bacteroidota,Bacteroidia,Chitinophagales,Chitinophagaceae,Ferruginibacter,Ferruginibacter,ASV793_Ferruginibacter
ASV794,2.603782911,0.601880534,4.326079288,2.31E-04,0.002366031,TRUE,TRUE,L-BSC,Bacteria,Deinococcota,Deinococci,Deinococcales,Deinococcaceae,NA,Deinococcaceae,ASV794_Deinococcaceae
ASV798,-0.180743631,0.849409762,-0.212787325,0.833289892,0.905840007,FALSE,TRUE,L-BSC,Bacteria,Actinomycetota,Actinobacteria,Kineosporiales,Kineosporiaceae,Kineosporia,Kineosporia,ASV798_Kineosporia
ASV799,1.261334099,0.681303523,1.851354142,0.076462643,0.18878065,FALSE,TRUE,L-BSC,Bacteria,Deinococcota,Deinococci,Thermales,Thermaceae,NA,Thermaceae,ASV799_Thermaceae
ASV8,-4.510361029,0.628577656,-7.175503277,2.05E-07,8.14E-06,TRUE,TRUE,L-BSC,Bacteria,Actinomycetota,Actinobacteria,Frankiales,Geodermatophilaceae,Geodermatophilus,Geodermatophilus,ASV8_Geodermatophilus
ASV80,-4.529026952,0.563097681,-8.043057364,2.87E-08,1.67E-06,TRUE,TRUE,L-BSC,Bacteria,Planctomycetota,Planctomycetes,Isosphaerales,Isosphaeraceae,NA,Isosphaeraceae,ASV80_Isosphaeraceae
ASV800,-0.752652358,0.664627432,-1.132442511,0.268636061,0.465849042,FALSE,TRUE,L-BSC,Bacteria,Pseudomonadota,Alphaproteobacteria,Sphingomonadales,Sphingomonadaceae,Sphingoaurantiacus,Sphingoaurantiacus,ASV800_Sphingoaurantiacus
ASV802,-0.523371662,0.649660566,-0.805607865,0.428379063,0.63158168,FALSE,TRUE,L-BSC,Bacteria,Planctomycetota,Phycisphaerae,Tepidisphaerales,WD2101 soil group,NA,WD2101_soil_group,ASV802_WD2101_soil_group
ASV803,-0.059497329,0.553297202,-0.107532314,0.915260589,0.947078965,FALSE,TRUE,L-BSC,Bacteria,Bacteroidota,Bacteroidia,Chitinophagales,Chitinophagaceae,NA,Chitinophagaceae,ASV803_Chitinophagaceae
ASV804,-0.929335979,0.559924267,-1.659752994,0.109976236,0.243957438,FALSE,TRUE,L-BSC,Bacteria,Actinomycetota,Actinobacteria,Pseudonocardiales,Pseudonocardiaceae,Pseudonocardia,Pseudonocardia,ASV804_Pseudonocardia
ASV810,-2.107230631,0.650740662,-3.238203409,0.003500889,0.019489027,TRUE,TRUE,L-BSC,Bacteria,Actinomycetota,Actinobacteria,Micromonosporales,Micromonosporaceae,Couchioplanes,Couchioplanes,ASV810_Couchioplanes
ASV811,-1.334435434,0.661145685,-2.018368213,0.054862398,0.148451194,FALSE,TRUE,L-BSC,Bacteria,Chloroflexota,Chloroflexia,Thermomicrobiales,AKYG1722,NA,AKYG1722,ASV811_AKYG1722
ASV814,-0.818314004,0.679766888,-1.203815629,0.240400302,0.43411129,FALSE,TRUE,L-BSC,Bacteria,Pseudomonadota,Alphaproteobacteria,Rhodobacterales,Paracoccaceae,Rubellimicrobium,Rubellimicrobium,ASV814_Rubellimicrobium
ASV815,-0.09918953,0.83291097,-0.119087795,0.906197013,0.941755278,FALSE,TRUE,L-BSC,Bacteria,Chloroflexota,Chloroflexia,Kallotenuales,AKIW781,NA,AKIW781,ASV815_AKIW781
ASV816,-2.3848682,0.610811231,-3.904427553,6.71E-04,0.005222803,TRUE,TRUE,L-BSC,Bacteria,Planctomycetota,Planctomycetes,Isosphaerales,Isosphaeraceae,Tautonia,Tautonia,ASV816_Tautonia
ASV82,4.569821972,0.583545851,7.831127521,4.59E-08,2.23E-06,TRUE,TRUE,L-BSC,Bacteria,Armatimonadota,Armatimonadia,Armatimonadales,Armatimonadaceae,NA,Armatimonadaceae,ASV82_Armatimonadaceae
ASV821,1.055380452,0.538844645,1.958598757,0.061879177,0.161354208,FALSE,TRUE,L-BSC,Bacteria,Abditibacteriota,Abditibacteriia,Abditibacteriales,Abditibacteriaceae,Abditibacterium,Abditibacterium,ASV821_Abditibacterium
ASV823,-1.74190964,0.637889078,-2.730740656,0.011653873,0.046509062,TRUE,TRUE,L-BSC,Bacteria,Planctomycetota,Planctomycetes,Isosphaerales,Isosphaeraceae,Tundrisphaera,Tundrisphaera,ASV823_Tundrisphaera
ASV824,0.553186322,0.599214459,0.923185871,0.365099217,0.569815564,FALSE,TRUE,L-BSC,Bacteria,Acidobacteriota,Vicinamibacteria,Vicinamibacterales,Vicinamibacteraceae,NA,Vicinamibacteraceae,ASV824_Vicinamibacteraceae
ASV826,-1.198596367,0.560788332,-2.13734184,0.042962864,0.125583755,FALSE,TRUE,L-BSC,Bacteria,Pseudomonadota,Alphaproteobacteria,Acetobacterales,Acetobacteraceae,NA,Acetobacteraceae,ASV826_Acetobacteraceae
ASV827,-0.59179135,0.788883783,-0.750162905,0.46044808,0.652239257,FALSE,TRUE,L-BSC,Bacteria,Actinomycetota,Actinobacteria,Frankiales,Sporichthyaceae,NA,Sporichthyaceae,ASV827_Sporichthyaceae
ASV828,0.543527178,0.713484234,0.761792836,0.453605218,0.648855909,FALSE,TRUE,L-BSC,Bacteria,Chloroflexota,Anaerolineae,Caldilineales,Caldilineaceae,NA,Caldilineaceae,ASV828_Caldilineaceae
ASV83,-2.691485152,0.538073216,-5.002079776,4.14E-05,6.02E-04,TRUE,TRUE,L-BSC,Bacteria,Pseudomonadota,Alphaproteobacteria,Hyphomicrobiales,Beijerinckiaceae,NA,Beijerinckiaceae,ASV83_Beijerinckiaceae
ASV830,1.963567738,0.657270723,2.987456567,0.006393345,0.029722251,TRUE,TRUE,L-BSC,Bacteria,Actinomycetota,Acidimicrobiia,Acidimicrobiales,Acidimicrobiaceae,NA,Acidimicrobiaceae,ASV830_Acidimicrobiaceae
ASV831,-1.536189959,0.604019367,-2.543279308,0.017843108,0.064441638,FALSE,TRUE,L-BSC,Bacteria,Planctomycetota,Phycisphaerae,Tepidisphaerales,WD2101 soil group,NA,WD2101_soil_group,ASV831_WD2101_soil_group
ASV832,0.709129003,0.608926206,1.164556552,0.255644312,0.455057289,FALSE,TRUE,L-BSC,Bacteria,Armatimonadota,Armatimonadia,Armatimonadales,Armatimonadaceae,NA,Armatimonadaceae,ASV832_Armatimonadaceae
ASV833,-0.149726283,0.71913902,-0.20820214,0.836827917,0.906304336,FALSE,TRUE,L-BSC,Bacteria,Bacteroidota,Bacteroidia,Cytophagales,Hymenobacteraceae,Adhaeribacter,Adhaeribacter,ASV833_Adhaeribacter
ASV837,-0.62270728,0.686517019,-0.90705294,0.373396477,0.578358769,FALSE,TRUE,L-BSC,Bacteria,Deinococcota,Deinococci,Deinococcales,Deinococcaceae,Deinococcus,Deinococcus,ASV837_Deinococcus
ASV838,-1.307550009,0.54901613,-2.381624032,0.025514399,0.082591055,FALSE,TRUE,L-BSC,Bacteria,Bacteroidota,Bacteroidia,Cytophagales,Microscillaceae,Flexibacter,Flexibacter,ASV838_Flexibacter
ASV839,0.26184482,0.884495124,0.296038737,0.769746957,0.873261784,FALSE,TRUE,L-BSC,Bacteria,Chloroflexota,Chloroflexia,Chloroflexales,Chloroflexaceae,Chloronema,Chloronema,ASV839_Chloronema
ASV853,0.039161284,0.743679808,0.052658797,0.958439633,0.974670131,FALSE,TRUE,L-BSC,Bacteria,Actinomycetota,Thermoleophilia,Solirubrobacterales,Solirubrobacteraceae,Solirubrobacter,Solirubrobacter,ASV853_Solirubrobacter
ASV855,-3.316359638,0.338977735,-9.783414361,7.53E-10,8.59E-08,TRUE,TRUE,L-BSC,Bacteria,Pseudomonadota,Alphaproteobacteria,Tistrellales,Geminicoccaceae,Geminicoccus,Geminicoccus,ASV855_Geminicoccus
ASV858,0.816065728,0.757742611,1.076969562,0.292200755,0.493018263,FALSE,TRUE,L-BSC,Bacteria,Pseudomonadota,Alphaproteobacteria,Caulobacterales,Caulobacteraceae,Phenylobacterium,Phenylobacterium,ASV858_Phenylobacterium
ASV859,-0.219356175,0.668273851,-0.328242941,0.745574617,0.859785613,FALSE,TRUE,L-BSC,Bacteria,Bacteroidota,Bacteroidia,Cytophagales,Spirosomataceae,Spirosoma,Spirosoma,ASV859_Spirosoma
ASV861,1.070945177,0.544042641,1.968494925,0.060665399,0.159223899,FALSE,TRUE,L-BSC,Bacteria,Abditibacteriota,Abditibacteriia,Abditibacteriales,Abditibacteriaceae,Abditibacterium,Abditibacterium,ASV861_Abditibacterium
ASV865,-2.05244415,0.700456441,-2.930152441,0.00732153,0.033155528,TRUE,TRUE,L-BSC,Bacteria,Pseudomonadota,Gammaproteobacteria,Burkholderiales,Burkholderiaceae,Lautropia,Lautropia,ASV865_Lautropia
ASV867,2.446342497,0.565999941,4.322160342,2.33E-04,0.002366031,TRUE,TRUE,L-BSC,Bacteria,Deinococcota,Deinococci,Deinococcales,Deinococcaceae,NA,Deinococcaceae,ASV867_Deinococcaceae
ASV869,-1.989113018,0.583244028,-3.410430148,0.002297901,0.014243726,TRUE,TRUE,L-BSC,Bacteria,Bacteroidota,Bacteroidia,Chitinophagales,Chitinophagaceae,NA,Chitinophagaceae,ASV869_Chitinophagaceae
ASV87,-3.309706559,0.607272172,-5.450120579,1.34E-05,2.48E-04,TRUE,TRUE,L-BSC,Bacteria,Pseudomonadota,Alphaproteobacteria,Azospirillales,Azospirillaceae,Skermanella,Skermanella,ASV87_Skermanella
ASV871,1.520231408,0.712214604,2.134513107,0.043216527,0.12561079,FALSE,TRUE,L-BSC,Bacteria,Gemmatimonadota,Longimicrobiia,Longimicrobiales,Longimicrobiaceae,NA,Longimicrobiaceae,ASV871_Longimicrobiaceae
ASV872,-1.304037909,0.740568451,-1.760860738,0.091000542,0.214958038,FALSE,TRUE,L-BSC,Bacteria,Armatimonadota,Armatimonadia,Armatimonadales,Armatimonadaceae,NA,Armatimonadaceae,ASV872_Armatimonadaceae
ASV873,-0.614580707,0.64103138,-0.958737319,0.347250597,0.549860739,FALSE,TRUE,L-BSC,Bacteria,Armatimonadota,Armatimonadia,Armatimonadales,Armatimonadaceae,NA,Armatimonadaceae,ASV873_Armatimonadaceae
ASV874,-2.110204925,0.658001768,-3.206989752,0.003776224,0.020627624,TRUE,TRUE,L-BSC,Bacteria,Pseudomonadota,Alphaproteobacteria,Acetobacterales,Acetobacteraceae,Roseomonas,Roseomonas,ASV874_Roseomonas
ASV876,-2.42915034,0.671060213,-3.619869416,0.001368241,0.009342522,TRUE,TRUE,L-BSC,Bacteria,Pseudomonadota,Alphaproteobacteria,Azospirillales,Azospirillaceae,Azospirillum,Azospirillum,ASV876_Azospirillum
ASV879,-0.275870796,0.544235343,-0.506896143,0.616853514,0.795176949,FALSE,TRUE,L-BSC,Bacteria,Acidobacteriota,Blastocatellia,Pyrinomonadales,Pyrinomonadaceae,Brevitalea,Brevitalea,ASV879_Brevitalea
ASV88,3.365389289,0.735573418,4.575191557,1.22E-04,0.00144469,TRUE,TRUE,L-BSC,Bacteria,Acidobacteriota,Blastocatellia,Blastocatellales,Blastocatellaceae,Blastocatella,Blastocatella,ASV88_Blastocatella
ASV885,1.025878845,0.653091826,1.570803375,0.12932002,0.274334217,FALSE,TRUE,L-BSC,Bacteria,Actinomycetota,Thermoleophilia,Solirubrobacterales,Solirubrobacteraceae,Solirubrobacter,Solirubrobacter,ASV885_Solirubrobacter
ASV889,-1.2263012,0.705176373,-1.738999272,0.094848266,0.221650761,FALSE,TRUE,L-BSC,Bacteria,Actinomycetota,Actinobacteria,Micrococcales,Microbacteriaceae,NA,Microbacteriaceae,ASV889_Microbacteriaceae
ASV894,0.0597163,0.730518641,0.081745074,0.935527353,0.958037793,FALSE,TRUE,L-BSC,Bacteria,Gemmatimonadota,Gemmatimonadia,Gemmatimonadales,Gemmatimonadaceae,NA,Gemmatimonadaceae,ASV894_Gemmatimonadaceae
ASV897,0.795139317,0.604150403,1.316128091,0.20056373,0.378601945,FALSE,TRUE,L-BSC,Bacteria,Gemmatimonadota,Gemmatimonadia,Gemmatimonadales,Gemmatimonadaceae,Gemmatimonas,Gemmatimonas,ASV897_Gemmatimonas
ASV898,-3.382254299,0.489930058,-6.903545196,3.86E-07,1.35E-05,TRUE,TRUE,L-BSC,Bacteria,Pseudomonadota,Alphaproteobacteria,Acetobacterales,Acetobacteraceae,Roseicella,Roseicella,ASV898_Roseicella
ASV899,-0.071980468,0.555064803,-0.129679394,0.897900825,0.93647413,FALSE,TRUE,L-BSC,Bacteria,Rhodothermota,Rhodothermia,Rhodothermales,Rhodothermaceae,Rubrivirga,Rubrivirga,ASV899_Rubrivirga
ASV9,5.368906555,0.592610952,9.05974912,3.26E-09,2.85E-07,TRUE,TRUE,L-BSC,Bacteria,Abditibacteriota,Abditibacteriia,Abditibacteriales,Abditibacteriaceae,Abditibacterium,Abditibacterium,ASV9_Abditibacterium
ASV90,-2.135423965,0.516590195,-4.133690469,3.76E-04,0.003456007,TRUE,TRUE,L-BSC,Bacteria,Actinomycetota,Actinobacteria,Frankiales,Geodermatophilaceae,Blastococcus,Blastococcus,ASV90_Blastococcus
ASV900,-1.133701895,0.455981828,-2.486287447,0.020262687,0.069998373,FALSE,TRUE,L-BSC,Bacteria,Myxococcota,Polyangiia,Haliangiales,Haliangiaceae,NA,Haliangiaceae,ASV900_Haliangiaceae
ASV902,-0.342554504,0.71984823,-0.475870454,0.638469855,0.807558109,FALSE,TRUE,L-BSC,Bacteria,Deinococcota,Deinococci,Deinococcales,Deinococcaceae,Deinococcus,Deinococcus,ASV902_Deinococcus
ASV904,-1.269480841,0.743689363,-1.707004166,0.10072882,0.229861589,FALSE,TRUE,L-BSC,Bacteria,Bacteroidota,Bacteroidia,Cytophagales,Hymenobacteraceae,Adhaeribacter,Adhaeribacter,ASV904_Adhaeribacter
ASV906,2.2203604,0.661143917,3.358361684,0.002611275,0.015848991,TRUE,TRUE,L-BSC,Bacteria,Chloroflexota,Chloroflexia,Kallotenuales,AKIW781,NA,AKIW781,ASV906_AKIW781
ASV907,-1.562602274,0.601825487,-2.596437519,0.015831367,0.059478515,FALSE,FALSE,L-BSC,Bacteria,Pseudomonadota,Alphaproteobacteria,Tistrellales,Geminicoccaceae,Candidatus Alysiosphaera,Candidatus_Alysiosphaera,ASV907_Candidatus_Alysiosphaera
ASV909,-1.019996665,0.69092055,-1.476286478,0.152868372,0.30714243,FALSE,TRUE,L-BSC,Bacteria,Deinococcota,Deinococci,Deinococcales,Deinococcaceae,Deinococcus,Deinococcus,ASV909_Deinococcus
ASV91,-5.945060731,0.48601697,-12.23220813,8.40E-12,2.78E-09,TRUE,TRUE,L-BSC,Bacteria,Actinomycetota,Actinobacteria,Frankiales,Geodermatophilaceae,Geodermatophilus,Geodermatophilus,ASV91_Geodermatophilus
ASV913,-0.839625056,0.497086729,-1.689091675,0.104153961,0.235221091,FALSE,TRUE,L-BSC,Bacteria,Pseudomonadota,Alphaproteobacteria,Caulobacterales,Caulobacteraceae,PMMR1,PMMR1,ASV913_PMMR1
ASV914,-0.188462442,0.784290472,-0.240296738,0.812140925,0.895096051,FALSE,TRUE,L-BSC,Bacteria,Chloroflexota,Chloroflexia,Chloroflexales,Chloroflexaceae,Candidatus Chloroploca,Candidatus_Chloroploca,ASV914_Candidatus_Chloroploca
ASV915,-1.271120817,0.630345773,-2.016545319,0.055065523,0.148540948,FALSE,TRUE,L-BSC,Bacteria,Bacteroidota,Bacteroidia,Chitinophagales,Chitinophagaceae,NA,Chitinophagaceae,ASV915_Chitinophagaceae
ASV918,-0.862278626,0.666187166,-1.294348901,0.207861192,0.38901645,FALSE,TRUE,L-BSC,Bacteria,Planctomycetota,Phycisphaerae,Tepidisphaerales,WD2101 soil group,NA,WD2101_soil_group,ASV918_WD2101_soil_group
ASV92,-1.380904787,0.620313464,-2.226140277,0.03565091,0.10856758,FALSE,TRUE,L-BSC,Bacteria,Bacteroidota,Bacteroidia,Chitinophagales,Chitinophagaceae,Flavisolibacter,Flavisolibacter,ASV92_Flavisolibacter
ASV920,1.134412811,0.591850462,1.916722017,0.067254859,0.17288455,FALSE,TRUE,L-BSC,Bacteria,Armatimonadota,Armatimonadia,Armatimonadales,Armatimonadaceae,NA,Armatimonadaceae,ASV920_Armatimonadaceae
ASV921,-2.163568126,0.50995308,-4.242680773,2.85E-04,0.002712702,TRUE,TRUE,L-BSC,Bacteria,Chloroflexota,Chloroflexia,Chloroflexales,Roseiflexaceae,NA,Roseiflexaceae,ASV921_Roseiflexaceae
ASV924,-0.71904452,0.498833094,-1.44145312,0.162378555,0.321811467,FALSE,TRUE,L-BSC,Bacteria,Gemmatimonadota,Longimicrobiia,Longimicrobiales,Longimicrobiaceae,YC-ZSS-LKJ147,YC-ZSS-LKJ147,ASV924_YC-ZSS-LKJ147
ASV926,-0.753083472,0.589221312,-1.278099512,0.21343794,0.395309598,FALSE,TRUE,L-BSC,Bacteria,Bacteroidota,Bacteroidia,Flavobacteriales,Flavobacteriaceae,Flavobacterium,Flavobacterium,ASV926_Flavobacterium
ASV928,0.628732376,0.678058502,0.927253878,0.36302649,0.56759419,FALSE,TRUE,L-BSC,Bacteria,Planctomycetota,Planctomycetes,Gemmatales,Gemmataceae,Gemmata,Gemmata,ASV928_Gemmata
ASV929,0.264798219,0.66652532,0.39728156,0.69467105,0.838096486,FALSE,TRUE,L-BSC,Bacteria,Pseudomonadota,Gammaproteobacteria,Burkholderiales,Comamonadaceae,Polaromonas,Polaromonas,ASV929_Polaromonas
ASV93,-1.927678007,0.731098107,-2.636688549,0.01445131,0.055154782,FALSE,FALSE,L-BSC,Bacteria,Actinomycetota,Actinobacteria,Kineosporiales,Kineosporiaceae,Angustibacter,Angustibacter,ASV93_Angustibacter
ASV933,1.859795666,0.678192569,2.742282576,0.011348066,0.045496373,FALSE,FALSE,L-BSC,Bacteria,Pseudomonadota,Gammaproteobacteria,Lysobacterales,Lysobacteraceae,Lysobacter,Lysobacter,ASV933_Lysobacter
ASV937,-1.573788904,0.719731116,-2.18663452,0.038752392,0.115595872,FALSE,TRUE,L-BSC,Bacteria,Bacillota,Bacilli,Bacillales,Bacillaceae,Schinkia,Schinkia,ASV937_Schinkia
ASV942,-0.362506818,0.705807364,-0.513605888,0.612223858,0.792226675,FALSE,TRUE,L-BSC,Bacteria,Pseudomonadota,Alphaproteobacteria,Sphingomonadales,Sphingomonadaceae,Croceibacterium,Croceibacterium,ASV942_Croceibacterium
ASV947,-1.429693889,0.607808668,-2.352210432,0.027201313,0.087404218,FALSE,TRUE,L-BSC,Bacteria,Verrucomicrobiota,Verrucomicrobiia,Chthoniobacterales,Chthoniobacteraceae,Chthoniobacter,Chthoniobacter,ASV947_Chthoniobacter
ASV948,-3.155709786,0.568743073,-5.548568299,1.04E-05,2.12E-04,TRUE,TRUE,L-BSC,Bacteria,Chloroflexota,Chloroflexia,Kallotenuales,AKIW781,NA,AKIW781,ASV948_AKIW781
ASV949,-0.999014397,0.407706264,-2.45032879,0.02194231,0.073961916,FALSE,TRUE,L-BSC,Bacteria,Pseudomonadota,Gammaproteobacteria,Lysobacterales,Lysobacteraceae,Pseudoxanthomonas,Pseudoxanthomonas,ASV949_Pseudoxanthomonas
ASV95,0.476366347,0.894568931,0.53250938,0.599269365,0.781733471,FALSE,TRUE,L-BSC,Bacteria,Pseudomonadota,Alphaproteobacteria,Sphingomonadales,Sphingomonadaceae,Sphingomonas,Sphingomonas,ASV95_Sphingomonas
ASV951,0.814509172,0.720766926,1.130059028,0.2696192,0.466138237,FALSE,TRUE,L-BSC,Bacteria,Armatimonadota,Armatimonadia,Armatimonadales,Armatimonadaceae,NA,Armatimonadaceae,ASV951_Armatimonadaceae
ASV952,0.412366896,0.555863742,0.741848883,0.465377346,0.658155017,FALSE,TRUE,L-BSC,Bacteria,Bacteroidota,Bacteroidia,Chitinophagales,Chitinophagaceae,NA,Chitinophagaceae,ASV952_Chitinophagaceae
ASV954,-0.047748714,0.587686035,-0.081248679,0.935917962,0.958037793,FALSE,TRUE,L-BSC,Bacteria,Actinomycetota,Thermoleophilia,Solirubrobacterales,Solirubrobacteraceae,Parviterribacter,Parviterribacter,ASV954_Parviterribacter
ASV958,-0.16628545,0.509134095,-0.326604429,0.746798307,0.859785613,FALSE,TRUE,L-BSC,Bacteria,Bacteroidota,Bacteroidia,Flavobacteriales,NS9 marine group,NA,NS9_marine_group,ASV958_NS9_marine_group
ASV959,-1.695372837,0.727573175,-2.330175018,0.028531454,0.09100909,FALSE,TRUE,L-BSC,Bacteria,Actinomycetota,Acidimicrobiia,Microtrichales,Microtrichaceae,NA,Microtrichaceae,ASV959_Microtrichaceae
ASV96,1.562265185,0.630504828,2.477800513,0.02064801,0.071048663,FALSE,TRUE,L-BSC,Bacteria,Abditibacteriota,Abditibacteriia,Abditibacteriales,Abditibacteriaceae,Abditibacterium,Abditibacterium,ASV96_Abditibacterium
ASV964,-0.917408861,0.539638101,-1.70004464,0.102048088,0.231662413,FALSE,TRUE,L-BSC,Bacteria,Verrucomicrobiota,Verrucomicrobiia,Chthoniobacterales,Chthoniobacteraceae,Chthoniobacter,Chthoniobacter,ASV964_Chthoniobacter
ASV970,-2.65618974,0.628001527,-4.229591211,2.95E-04,0.002767963,TRUE,TRUE,L-BSC,Bacteria,Planctomycetota,Planctomycetes,Isosphaerales,Isosphaeraceae,Tundrisphaera,Tundrisphaera,ASV970_Tundrisphaera
ASV973,-0.603847821,0.666412913,-0.906116627,0.373881813,0.578358769,FALSE,TRUE,L-BSC,Bacteria,Pseudomonadota,Alphaproteobacteria,Sphingomonadales,Sphingomonadaceae,NA,Sphingomonadaceae,ASV973_Sphingomonadaceae
ASV977,-0.870773617,0.693993794,-1.254728249,0.221659243,0.405330138,FALSE,TRUE,L-BSC,Bacteria,Verrucomicrobiota,Verrucomicrobiia,Chthoniobacterales,Chthoniobacteraceae,Chthoniobacter,Chthoniobacter,ASV977_Chthoniobacter
ASV980,-2.811944889,0.439646167,-6.395927227,1.30E-06,4.05E-05,TRUE,TRUE,L-BSC,Bacteria,Pseudomonadota,Alphaproteobacteria,Hyphomicrobiales,Beijerinckiaceae,NA,Beijerinckiaceae,ASV980_Beijerinckiaceae
ASV981,-0.557121745,0.560086252,-0.994707053,0.32980255,0.533791534,FALSE,TRUE,L-BSC,Bacteria,Pseudomonadota,Alphaproteobacteria,Caulobacterales,Caulobacteraceae,Phenylobacterium,Phenylobacterium,ASV981_Phenylobacterium
ASV982,-0.397164704,0.470194201,-0.844682267,0.406630097,0.612749491,FALSE,TRUE,L-BSC,Bacteria,Planctomycetota,Planctomycetes,Isosphaerales,Isosphaeraceae,NA,Isosphaeraceae,ASV982_Isosphaeraceae
ASV987,-0.12965413,0.622060845,-0.208426766,0.836654508,0.906304336,FALSE,TRUE,L-BSC,Bacteria,Actinomycetota,Acidimicrobiia,Acidimicrobiales,Acidimicrobiaceae,NA,Acidimicrobiaceae,ASV987_Acidimicrobiaceae
ASV988,-0.081516382,0.644229521,-0.126533137,0.900364031,0.937923913,FALSE,TRUE,L-BSC,Bacteria,Planctomycetota,Phycisphaerae,Tepidisphaerales,Tepidisphaeraceae,NA,Tepidisphaeraceae,ASV988_Tepidisphaeraceae
ASV990,0.364043555,0.471353317,0.772336891,0.447454312,0.648549036,FALSE,TRUE,L-BSC,Bacteria,Myxococcota,Myxococcia,Myxococcales,Myxococcaceae,NA,Myxococcaceae,ASV990_Myxococcaceae
ASV997,0.55861073,0.630207205,0.886392167,0.384202296,0.591184518,FALSE,TRUE,L-BSC,Bacteria,Planctomycetota,Planctomycetes,Gemmatales,Gemmataceae,Fimbriiglobus,Fimbriiglobus,ASV997_Fimbriiglobus
ASV10,-0.640320267,0.384129575,-1.666938211,0.108525594,0.22058458,FALSE,TRUE,D-BSC,Bacteria,Pseudomonadota,Alphaproteobacteria,Rhodobacterales,Paracoccaceae,Rubellimicrobium,Rubellimicrobium,ASV10_Rubellimicrobium
ASV1000,-2.241762729,0.555879362,-4.032822377,4.85E-04,0.002935579,TRUE,TRUE,D-BSC,Bacteria,Chloroflexota,Chloroflexia,Thermomicrobiales,JG30-KF-CM45,NA,JG30-KF-CM45,ASV1000_JG30-KF-CM45
ASV1001,0.883358908,0.582328588,1.516942368,0.142343888,0.272228792,FALSE,TRUE,D-BSC,Bacteria,Armatimonadota,Fimbriimonadia,Fimbriimonadales,Fimbriimonadaceae,NA,Fimbriimonadaceae,ASV1001_Fimbriimonadaceae
ASV1002,-2.578157304,0.624163835,-4.13057784,3.79E-04,0.002415482,TRUE,TRUE,D-BSC,Bacteria,Bacteroidota,Bacteroidia,Cytophagales,Hymenobacteraceae,Pontibacter,Pontibacter,ASV1002_Pontibacter
ASV1007,1.582068293,0.552371373,2.864138823,0.008549932,0.029304475,TRUE,TRUE,D-BSC,Bacteria,Abditibacteriota,Abditibacteriia,Abditibacteriales,Abditibacteriaceae,Abditibacterium,Abditibacterium,ASV1007_Abditibacterium
ASV1009,-1.671289986,0.523731804,-3.191117998,0.003924133,0.01551897,TRUE,TRUE,D-BSC,Bacteria,Pseudomonadota,Alphaproteobacteria,Acetobacterales,Acetobacteraceae,Roseomonas,Roseomonas,ASV1009_Roseomonas
ASV101,3.897870107,0.543315313,7.17423201,2.05E-07,4.85E-06,TRUE,TRUE,D-BSC,Bacteria,Abditibacteriota,Abditibacteriia,Abditibacteriales,Abditibacteriaceae,Abditibacterium,Abditibacterium,ASV101_Abditibacterium
ASV1011,-0.108953089,0.429488411,-0.253681091,0.801902562,0.892413849,FALSE,TRUE,D-BSC,Bacteria,Bacteroidota,Bacteroidia,Chitinophagales,Chitinophagaceae,Flavisolibacter,Flavisolibacter,ASV1011_Flavisolibacter
ASV1013,-0.605989102,0.459111049,-1.319918358,0.199314292,0.353388351,FALSE,TRUE,D-BSC,Bacteria,Chloroflexota,Chloroflexia,Chloroflexales,Chloroflexaceae,NA,Chloroflexaceae,ASV1013_Chloroflexaceae
ASV1016,-1.68255287,0.52622223,-3.197418835,0.003864758,0.015423739,TRUE,TRUE,D-BSC,Bacteria,Actinomycetota,Actinobacteria,Propionibacteriales,Nocardioidaceae,Aeromicrobium,Aeromicrobium,ASV1016_Aeromicrobium
ASV1018,0.376235582,0.62094968,0.605903496,0.55026683,0.7169721,FALSE,TRUE,D-BSC,Bacteria,Bacteroidota,Bacteroidia,Chitinophagales,Chitinophagaceae,NA,Chitinophagaceae,ASV1018_Chitinophagaceae
ASV102,0.152737362,0.478703259,0.319064805,0.752437835,0.862037112,FALSE,TRUE,D-BSC,Bacteria,Acidobacteriota,Blastocatellia,Blastocatellales,Blastocatellaceae,Blastocatella,Blastocatella,ASV102_Blastocatella
ASV1022,-0.027035686,0.461100274,-0.058632987,0.953729909,0.976857503,FALSE,TRUE,D-BSC,Bacteria,Actinomycetota,Thermoleophilia,Solirubrobacterales,Solirubrobacteraceae,Paraconexibacter,Paraconexibacter,ASV1022_Paraconexibacter
ASV1026,0.697732874,0.579606749,1.203803916,0.240404747,0.40594919,FALSE,TRUE,D-BSC,Bacteria,Chloroflexota,Chloroflexia,Thermomicrobiales,AKYG1722,NA,AKYG1722,ASV1026_AKYG1722
ASV1028,1.662193036,0.593691904,2.799756954,0.009934788,0.033015227,FALSE,FALSE,D-BSC,Bacteria,Actinomycetota,Acidimicrobiia,Acidimicrobiales,Acidimicrobiaceae,Acidiferrimicrobium,Acidiferrimicrobium,ASV1028_Acidiferrimicrobium
ASV103,0.293314905,0.646013969,0.454038023,0.653880909,0.792317071,FALSE,TRUE,D-BSC,Bacteria,Deinococcota,Deinococci,Deinococcales,Deinococcaceae,Deinococcus,Deinococcus,ASV103_Deinococcus
ASV1033,-3.30003151,0.521100297,-6.332814492,1.51E-06,2.40E-05,TRUE,TRUE,D-BSC,Bacteria,Pseudomonadota,Alphaproteobacteria,Acetobacterales,Acetobacteraceae,Roseomonas,Roseomonas,ASV1033_Roseomonas
ASV1034,-1.923814106,0.583401533,-3.297581509,0.003029728,0.012609439,TRUE,TRUE,D-BSC,Bacteria,Chloroflexota,Chloroflexia,Chloroflexales,Roseiflexaceae,NA,Roseiflexaceae,ASV1034_Roseiflexaceae
ASV1035,-0.718063665,0.54218652,-1.324384948,0.19784968,0.352836669,FALSE,TRUE,D-BSC,Bacteria,Verrucomicrobiota,Verrucomicrobiia,Chthoniobacterales,Chthoniobacteraceae,Chthoniobacter,Chthoniobacter,ASV1035_Chthoniobacter
ASV1036,2.033896113,0.561783799,3.620425007,0.00136635,0.00682394,TRUE,TRUE,D-BSC,Bacteria,Planctomycetota,Planctomycetes,Gemmatales,Gemmataceae,Gemmata,Gemmata,ASV1036_Gemmata
ASV1037,0.050982097,0.614743506,0.082932306,0.934593196,0.968961392,FALSE,TRUE,D-BSC,Bacteria,Armatimonadota,Armatimonadia,Armatimonadales,Armatimonadaceae,NA,Armatimonadaceae,ASV1037_Armatimonadaceae
ASV104,-5.100966235,0.460765013,-11.07064577,6.51E-11,5.69E-09,TRUE,TRUE,D-BSC,Bacteria,Pseudomonadota,Alphaproteobacteria,Acetobacterales,Acetobacteraceae,Roseomonas,Roseomonas,ASV104_Roseomonas
ASV1040,1.686804739,0.504686881,3.342279742,0.002716191,0.011454234,TRUE,TRUE,D-BSC,Bacteria,Planctomycetota,Planctomycetes,Gemmatales,Gemmataceae,NA,Gemmataceae,ASV1040_Gemmataceae
ASV1041,0.08267285,0.469697329,0.176013029,0.861760448,0.930999545,FALSE,TRUE,D-BSC,Bacteria,Pseudomonadota,Gammaproteobacteria,Burkholderiales,TRA3-20,NA,TRA3-20,ASV1041_TRA3-20
ASV1045,-0.682697445,0.622671698,-1.096400313,0.283783661,0.450958036,FALSE,TRUE,D-BSC,Bacteria,Pseudomonadota,Gammaproteobacteria,Burkholderiales,Burkholderiaceae,NA,Burkholderiaceae,ASV1045_Burkholderiaceae
ASV1047,1.197547954,0.551337967,2.172075978,0.039955465,0.098369228,FALSE,TRUE,D-BSC,Bacteria,Pseudomonadota,Alphaproteobacteria,Sphingomonadales,Sphingomonadaceae,NA,Sphingomonadaceae,ASV1047_Sphingomonadaceae
ASV1048,-1.355882175,0.611094796,-2.218775523,0.036211462,0.091735703,FALSE,TRUE,D-BSC,Bacteria,Pseudomonadota,Gammaproteobacteria,Burkholderiales,Burkholderiaceae,Limnobacter,Limnobacter,ASV1048_Limnobacter
ASV1053,-2.469886781,0.52272113,-4.725056325,8.35E-05,6.72E-04,TRUE,TRUE,D-BSC,Bacteria,Chloroflexota,Chloroflexia,Thermomicrobiales,AKYG1722,NA,AKYG1722,ASV1053_AKYG1722
ASV1056,-1.964771978,0.481637015,-4.079362503,4.31E-04,0.002672075,TRUE,TRUE,D-BSC,Bacteria,Chloroflexota,Chloroflexia,Thermomicrobiales,JG30-KF-CM45,NA,JG30-KF-CM45,ASV1056_JG30-KF-CM45
ASV106,1.055838782,0.741108425,1.424675185,0.167125783,0.30751144,FALSE,TRUE,D-BSC,Bacteria,Pseudomonadota,Alphaproteobacteria,Hyphomicrobiales,Devosiaceae,Devosia,Devosia,ASV106_Devosia
ASV1061,-1.438670975,0.629214828,-2.286454339,0.03134835,0.081786441,FALSE,TRUE,D-BSC,Bacteria,Planctomycetota,Phycisphaerae,Tepidisphaerales,WD2101 soil group,NA,WD2101_soil_group,ASV1061_WD2101_soil_group
ASV1065,-2.919504886,0.590571455,-4.943525226,4.80E-05,4.51E-04,TRUE,TRUE,D-BSC,Bacteria,Actinomycetota,Rubrobacteria,Rubrobacterales,Rubrobacteriaceae,Rubrobacter,Rubrobacter,ASV1065_Rubrobacter
ASV1067,-1.42734527,0.575592574,-2.479784026,0.020557351,0.058146035,FALSE,FALSE,D-BSC,Bacteria,Planctomycetota,Planctomycetes,Gemmatales,Gemmataceae,Gemmata,Gemmata,ASV1067_Gemmata
ASV1068,-0.79175839,0.521718689,-1.517596374,0.142179542,0.272228792,FALSE,TRUE,D-BSC,Bacteria,Bacteroidota,Bacteroidia,Flavobacteriales,Crocinitomicaceae,Fluviicola,Fluviicola,ASV1068_Fluviicola
ASV1070,1.122197292,0.575107468,1.951282767,0.062790179,0.14180521,FALSE,TRUE,D-BSC,Bacteria,Armatimonadota,Armatimonadia,Armatimonadales,Armatimonadaceae,NA,Armatimonadaceae,ASV1070_Armatimonadaceae
ASV1071,-0.367867748,0.728331143,-0.505083095,0.618107295,0.769552388,FALSE,TRUE,D-BSC,Bacteria,Gemmatimonadota,Longimicrobiia,Longimicrobiales,Longimicrobiaceae,NA,Longimicrobiaceae,ASV1071_Longimicrobiaceae
ASV1076,-0.313511553,0.480659281,-0.652253198,0.520436525,0.693386468,FALSE,TRUE,D-BSC,Bacteria,Pseudomonadota,Alphaproteobacteria,Hyphomicrobiales,Hyphomicrobiales Incertae Sedis,Phreatobacter,Phreatobacter,ASV1076_Phreatobacter
ASV1078,-1.229258993,0.738819576,-1.663814865,0.109154186,0.221347467,FALSE,TRUE,D-BSC,Bacteria,Chloroflexota,Chloroflexia,Kallotenuales,AKIW781,NA,AKIW781,ASV1078_AKIW781
ASV108,-2.597864855,0.5466443,-4.75238625,7.79E-05,6.49E-04,TRUE,TRUE,D-BSC,Bacteria,Chloroflexota,Chloroflexia,Thermomicrobiales,JG30-KF-CM45,NA,JG30-KF-CM45,ASV108_JG30-KF-CM45
ASV1082,-0.356238173,0.613999757,-0.580192695,0.567192611,0.727981677,FALSE,TRUE,D-BSC,Bacteria,Planctomycetota,Phycisphaerae,Tepidisphaerales,WD2101 soil group,NA,WD2101_soil_group,ASV1082_WD2101_soil_group
ASV1083,-2.279221021,0.640792979,-3.556875768,0.001600197,0.007769847,TRUE,TRUE,D-BSC,Bacteria,Myxococcota,Polyangiia,Haliangiales,Haliangiaceae,NA,Haliangiaceae,ASV1083_Haliangiaceae
ASV1091,1.489784497,0.685050819,2.17470654,0.03973562,0.098283831,FALSE,TRUE,D-BSC,Bacteria,Armatimonadota,Armatimonadia,Armatimonadales,Armatimonadaceae,NA,Armatimonadaceae,ASV1091_Armatimonadaceae
ASV1095,-0.383482063,0.491681196,-0.77994047,0.443050191,0.621757285,FALSE,TRUE,D-BSC,Bacteria,Verrucomicrobiota,Verrucomicrobiia,Chthoniobacterales,Chthoniobacteraceae,LD29,LD29,ASV1095_LD29
ASV110,-0.495068092,0.411586729,-1.202828121,0.240775216,0.40594919,FALSE,TRUE,D-BSC,Bacteria,Acidobacteriota,Blastocatellia,Blastocatellales,Blastocatellaceae,Blastocatella,Blastocatella,ASV110_Blastocatella
ASV1105,-1.596782293,0.62704639,-2.546513813,0.017714193,0.05266056,FALSE,FALSE,D-BSC,Bacteria,Pseudomonadota,Alphaproteobacteria,Azospirillales,Azospirillaceae,Azospirillum,Azospirillum,ASV1105_Azospirillum
ASV1111,-0.937828798,0.681041059,-1.377051773,0.181205868,0.327896333,FALSE,TRUE,D-BSC,Bacteria,Armatimonadota,Armatimonadia,Armatimonadales,Armatimonadaceae,NA,Armatimonadaceae,ASV1111_Armatimonadaceae
ASV1113,-1.261551279,0.604647728,-2.086423581,0.047739467,0.112768363,FALSE,TRUE,D-BSC,Bacteria,Bacteroidota,Bacteroidia,Chitinophagales,Chitinophagaceae,Flavisolibacter,Flavisolibacter,ASV1113_Flavisolibacter
ASV1114,0.13883522,0.508936061,0.272795013,0.787344301,0.884497325,FALSE,TRUE,D-BSC,Bacteria,Pseudomonadota,Alphaproteobacteria,Hyphomicrobiales,Beijerinckiaceae,NA,Beijerinckiaceae,ASV1114_Beijerinckiaceae
ASV1115,-0.043187927,0.456266173,-0.094655115,0.925374627,0.966332748,FALSE,TRUE,D-BSC,Bacteria,Gemmatimonadota,Longimicrobiia,Longimicrobiales,Longimicrobiaceae,NA,Longimicrobiaceae,ASV1115_Longimicrobiaceae
ASV1119,2.416437925,0.503913062,4.795346874,6.99E-05,5.99E-04,TRUE,TRUE,D-BSC,Bacteria,Armatimonadota,Armatimonadia,Armatimonadales,Armatimonadaceae,NA,Armatimonadaceae,ASV1119_Armatimonadaceae
ASV1120,0.330754988,0.473127752,0.699081773,0.491220973,0.668733848,FALSE,TRUE,D-BSC,Bacteria,Myxococcota,Polyangiia,Polyangiales,Polyangiaceae,Pajaroellobacter,Pajaroellobacter,ASV1120_Pajaroellobacter
ASV1124,-1.087120452,0.601670182,-1.80683784,0.083342207,0.178532081,FALSE,TRUE,D-BSC,Bacteria,Pseudomonadota,Alphaproteobacteria,Sphingomonadales,Sphingomonadaceae,NA,Sphingomonadaceae,ASV1124_Sphingomonadaceae
ASV1126,0.726601264,0.628088566,1.156845235,0.258720809,0.422385417,FALSE,TRUE,D-BSC,Bacteria,Gemmatimonadota,Longimicrobiia,Longimicrobiales,Longimicrobiaceae,NA,Longimicrobiaceae,ASV1126_Longimicrobiaceae
ASV113,-6.1633588,0.438777653,-14.04665611,4.50E-13,2.93E-10,TRUE,TRUE,D-BSC,Bacteria,Myxococcota,Myxococcia,Myxococcales,Myxococcaceae,Archangium,Archangium,ASV113_Archangium
ASV1131,-0.412675447,0.514273687,-0.802443246,0.430171518,0.613327743,FALSE,TRUE,D-BSC,Bacteria,Verrucomicrobiota,Verrucomicrobiia,Pedosphaerales,Pedosphaeraceae,NA,Pedosphaeraceae,ASV1131_Pedosphaeraceae
ASV1132,-1.987088562,0.484368275,-4.102433346,4.07E-04,0.002538437,TRUE,TRUE,D-BSC,Bacteria,Chloroflexota,Chloroflexia,Thermobaculales,Thermobaculaceae,Thermobaculum,Thermobaculum,ASV1132_Thermobaculum
ASV1137,-1.379873049,0.509229574,-2.709726848,0.012230683,0.038675594,TRUE,TRUE,D-BSC,Bacteria,Pseudomonadota,Alphaproteobacteria,Hyphomicrobiales,Beijerinckiaceae,Psychroglaciecola,Psychroglaciecola,ASV1137_Psychroglaciecola
ASV114,-1.575907331,0.663750703,-2.374245819,0.025928271,0.071342138,FALSE,FALSE,D-BSC,Bacteria,Bacteroidota,Bacteroidia,Cytophagales,Hymenobacteraceae,Hymenobacter,Hymenobacter,ASV114_Hymenobacter
ASV1143,0.592596472,0.575926149,1.028945244,0.3137643,0.489696426,FALSE,TRUE,D-BSC,Bacteria,Planctomycetota,Planctomycetes,Gemmatales,Gemmataceae,Gemmata,Gemmata,ASV1143_Gemmata
ASV1148,0.354407657,0.553622143,0.640161636,0.528132353,0.700436535,FALSE,TRUE,D-BSC,Bacteria,Actinomycetota,Thermoleophilia,Solirubrobacterales,67-14,NA,67-14,ASV1148_67-14
ASV115,0.85635782,0.728007746,1.17630317,0.25100999,0.417878323,FALSE,TRUE,D-BSC,Bacteria,Gemmatimonadota,Longimicrobiia,Longimicrobiales,Longimicrobiaceae,Longimicrobium,Longimicrobium,ASV115_Longimicrobium
ASV1150,1.54022757,0.522384476,2.948455863,0.007011914,0.02471134,TRUE,TRUE,D-BSC,Bacteria,Actinomycetota,Thermoleophilia,Solirubrobacterales,Solirubrobacteraceae,Baekduia,Baekduia,ASV1150_Baekduia
ASV1155,-1.054258352,0.500950248,-2.104517078,0.045990268,0.109226887,FALSE,TRUE,D-BSC,Bacteria,Planctomycetota,Phycisphaerae,Tepidisphaerales,WD2101 soil group,NA,WD2101_soil_group,ASV1155_WD2101_soil_group
ASV1157,-3.219921062,0.561367145,-5.735855916,6.55E-06,7.95E-05,TRUE,TRUE,D-BSC,Bacteria,Planctomycetota,Planctomycetes,Isosphaerales,Isosphaeraceae,Tautonia,Tautonia,ASV1157_Tautonia
ASV1161,-1.400236767,0.598891177,-2.338048747,0.028049472,0.075898573,FALSE,TRUE,D-BSC,Bacteria,Gemmatimonadota,Longimicrobiia,Longimicrobiales,Longimicrobiaceae,NA,Longimicrobiaceae,ASV1161_Longimicrobiaceae
ASV1167,-2.899120336,0.54431267,-5.326204028,1.82E-05,1.97E-04,TRUE,TRUE,D-BSC,Bacteria,Pseudomonadota,Alphaproteobacteria,Acetobacterales,Acetobacteraceae,NA,Acetobacteraceae,ASV1167_Acetobacteraceae
ASV117,-0.848977689,0.661327504,-1.28374774,0.211486598,0.369072473,FALSE,TRUE,D-BSC,Bacteria,Acidobacteriota,Blastocatellia,Blastocatellales,Blastocatellaceae,Blastocatella,Blastocatella,ASV117_Blastocatella
ASV1172,-2.602729377,0.62679154,-4.152464113,3.58E-04,0.002301919,TRUE,TRUE,D-BSC,Bacteria,Planctomycetota,Planctomycetes,Isosphaerales,Isosphaeraceae,Tautonia,Tautonia,ASV1172_Tautonia
ASV1175,-0.054941423,0.575634879,-0.095444916,0.924753913,0.966332748,FALSE,TRUE,D-BSC,Bacteria,Pseudomonadota,Alphaproteobacteria,Caulobacterales,Caulobacteraceae,Phenylobacterium,Phenylobacterium,ASV1175_Phenylobacterium
ASV118,1.173827053,0.821096084,1.429585497,0.165725089,0.305577485,FALSE,TRUE,D-BSC,Bacteria,Pseudomonadota,Alphaproteobacteria,Sphingomonadales,Sphingomonadaceae,NA,Sphingomonadaceae,ASV118_Sphingomonadaceae
ASV1180,-1.895376751,0.694802679,-2.727935293,0.011729367,0.037414111,TRUE,TRUE,D-BSC,Bacteria,Chloroflexota,Chloroflexia,Kallotenuales,Kallotenuaceae,Kallotenue,Kallotenue,ASV1180_Kallotenue
ASV1183,-2.200298878,0.611871291,-3.596015881,0.001451921,0.007210105,TRUE,TRUE,D-BSC,Bacteria,Pseudomonadota,Alphaproteobacteria,Acetobacterales,Acetobacteraceae,NA,Acetobacteraceae,ASV1183_Acetobacteraceae
ASV1186,0.596969249,0.571297352,1.044936138,0.306463568,0.479157707,FALSE,TRUE,D-BSC,Bacteria,Bacteroidota,Bacteroidia,Cytophagales,Cytophagaceae,Sporocytophaga,Sporocytophaga,ASV1186_Sporocytophaga
ASV119,-0.907214273,0.559047781,-1.622784857,0.117699535,0.233263932,FALSE,TRUE,D-BSC,Bacteria,Armatimonadota,Armatimonadia,Armatimonadales,Armatimonadaceae,NA,Armatimonadaceae,ASV119_Armatimonadaceae
ASV1192,-2.62082024,0.54353778,-4.82178118,6.53E-05,5.65E-04,TRUE,TRUE,D-BSC,Bacteria,Planctomycetota,Planctomycetes,Isosphaerales,Isosphaeraceae,Tautonia,Tautonia,ASV1192_Tautonia
ASV1195,0.955673947,0.504636973,1.893785033,0.070369134,0.153756558,FALSE,TRUE,D-BSC,Bacteria,Armatimonadota,Fimbriimonadia,Fimbriimonadales,Fimbriimonadaceae,NA,Fimbriimonadaceae,ASV1195_Fimbriimonadaceae
ASV1196,-0.72297566,0.617604693,-1.170612316,0.253247328,0.42079499,FALSE,TRUE,D-BSC,Bacteria,Bacteroidota,Bacteroidia,Cytophagales,Hymenobacteraceae,Adhaeribacter,Adhaeribacter,ASV1196_Adhaeribacter
ASV120,1.425910532,0.50819945,2.805808885,0.00979607,0.032678492,FALSE,FALSE,D-BSC,Bacteria,Gemmatimonadota,Longimicrobiia,Longimicrobiales,Longimicrobiaceae,NA,Longimicrobiaceae,ASV120_Longimicrobiaceae
ASV1200,0.722199947,0.609105971,1.185672085,0.247358647,0.414954813,FALSE,TRUE,D-BSC,Bacteria,Planctomycetota,Planctomycetes,Gemmatales,Gemmataceae,Fimbriiglobus,Fimbriiglobus,ASV1200_Fimbriiglobus
ASV1205,1.421476558,0.390356336,3.641484529,0.001296506,0.006583655,TRUE,TRUE,D-BSC,Bacteria,Bacteroidota,Bacteroidia,Sphingobacteriales,env.OPS 17,NA,env.OPS_17,ASV1205_env.OPS_17
ASV1207,-0.040691757,0.613541542,-0.066322742,0.947670281,0.975575766,FALSE,TRUE,D-BSC,Bacteria,Pseudomonadota,Alphaproteobacteria,Hyphomicrobiales,Rhizobiaceae,Mesorhizobium,Mesorhizobium,ASV1207_Mesorhizobium
ASV1211,-0.345988786,0.725100035,-0.477160073,0.637564625,0.782628486,FALSE,TRUE,D-BSC,Bacteria,Acidobacteriota,Blastocatellia,Pyrinomonadales,Pyrinomonadaceae,Arenimicrobium,Arenimicrobium,ASV1211_Arenimicrobium
ASV122,-4.267721967,0.569219697,-7.497495234,9.76E-08,2.66E-06,TRUE,TRUE,D-BSC,Bacteria,Pseudomonadota,Alphaproteobacteria,Rhodobacterales,Paracoccaceae,Oceanicella,Oceanicella,ASV122_Oceanicella
ASV1221,0.704083178,0.56113602,1.254746003,0.221652907,0.38361315,FALSE,TRUE,D-BSC,Bacteria,Verrucomicrobiota,Verrucomicrobiia,Verrucomicrobiales,Verrucomicrobiaceae,NA,Verrucomicrobiaceae,ASV1221_Verrucomicrobiaceae
ASV1222,0.255934592,0.5583028,0.458415384,0.650778124,0.791071043,FALSE,TRUE,D-BSC,Bacteria,Armatimonadota,Armatimonadia,Armatimonadales,Armatimonadaceae,NA,Armatimonadaceae,ASV1222_Armatimonadaceae
ASV1224,-2.348615952,0.482917441,-4.863390202,5.88E-05,5.23E-04,TRUE,TRUE,D-BSC,Bacteria,Chloroflexota,Chloroflexia,Kallotenuales,AKIW781,NA,AKIW781,ASV1224_AKIW781
ASV1225,-2.422534007,0.688489088,-3.518623677,0.001759371,0.008357013,TRUE,TRUE,D-BSC,Bacteria,Planctomycetota,Planctomycetes,Isosphaerales,Isosphaeraceae,Tundrisphaera,Tundrisphaera,ASV1225_Tundrisphaera
ASV1228,-1.543712259,0.654789009,-2.357572038,0.026886385,0.073138128,FALSE,TRUE,D-BSC,Bacteria,Abditibacteriota,Abditibacteriia,Abditibacteriales,Abditibacteriaceae,Abditibacterium,Abditibacterium,ASV1228_Abditibacterium
ASV1229,0.865430682,0.586016652,1.4768022,0.152731026,0.288308676,FALSE,TRUE,D-BSC,Bacteria,Armatimonadota,Fimbriimonadia,Fimbriimonadales,Fimbriimonadaceae,NA,Fimbriimonadaceae,ASV1229_Fimbriimonadaceae
ASV1231,-1.886926943,0.613619915,-3.075074482,0.005188388,0.018894381,TRUE,TRUE,D-BSC,Bacteria,Deinococcota,Deinococci,Deinococcales,Trueperaceae,Truepera,Truepera,ASV1231_Truepera
ASV1232,0.167438326,0.546128698,0.306591333,0.761798602,0.866372242,FALSE,TRUE,D-BSC,Bacteria,Bacteroidota,Bacteroidia,Chitinophagales,Chitinophagaceae,Edaphobaculum,Edaphobaculum,ASV1232_Edaphobaculum
ASV1233,-2.468793846,0.709057516,-3.481796315,0.001927173,0.008931977,TRUE,TRUE,D-BSC,Bacteria,Pseudomonadota,Alphaproteobacteria,Rhodobacterales,Paracoccaceae,Amaricoccus,Amaricoccus,ASV1233_Amaricoccus
ASV124,-0.891582628,0.731006866,-1.219663821,0.23444316,0.398644596,FALSE,TRUE,D-BSC,Bacteria,Chloroflexota,Chloroflexia,Chloroflexales,Herpetosiphonaceae,Herpetosiphon,Herpetosiphon,ASV124_Herpetosiphon
ASV1248,-2.066200604,0.507253174,-4.073312322,4.38E-04,0.002694209,TRUE,TRUE,D-BSC,Bacteria,Chloroflexota,Chloroflexia,Thermomicrobiales,JG30-KF-CM45,NA,JG30-KF-CM45,ASV1248_JG30-KF-CM45
ASV125,-0.724072512,0.500529909,-1.446611877,0.160940848,0.300560473,FALSE,TRUE,D-BSC,Bacteria,Actinomycetota,Thermoleophilia,Solirubrobacterales,Solirubrobacteraceae,Paraconexibacter,Paraconexibacter,ASV125_Paraconexibacter
ASV1253,-1.383711318,0.575664097,-2.403678334,0.024313243,0.067890654,FALSE,TRUE,D-BSC,Bacteria,Planctomycetota,Phycisphaerae,Tepidisphaerales,WD2101 soil group,NA,WD2101_soil_group,ASV1253_WD2101_soil_group
ASV1254,0.117986277,0.46385875,0.254358201,0.80138555,0.892413849,FALSE,TRUE,D-BSC,Bacteria,Hydrogenedentes,Hydrogenedentia,Hydrogenedentiales,Hydrogenedensaceae,NA,Hydrogenedensaceae,ASV1254_Hydrogenedensaceae
ASV1262,0.671527672,0.545620996,1.230758488,0.230339437,0.393966082,FALSE,TRUE,D-BSC,Bacteria,Planctomycetota,Planctomycetes,Gemmatales,Gemmataceae,Fimbriiglobus,Fimbriiglobus,ASV1262_Fimbriiglobus
ASV1263,0.393559353,0.470675394,0.836158759,0.41131368,0.591263416,FALSE,TRUE,D-BSC,Bacteria,Gemmatimonadota,Longimicrobiia,Longimicrobiales,Longimicrobiaceae,NA,Longimicrobiaceae,ASV1263_Longimicrobiaceae
ASV1269,-0.124581845,0.51093143,-0.243832807,0.809432604,0.895242368,FALSE,TRUE,D-BSC,Bacteria,Bacteroidota,Bacteroidia,Chitinophagales,Chitinophagaceae,Flavisolibacter,Flavisolibacter,ASV1269_Flavisolibacter
ASV127,2.739509754,0.465220992,5.888620244,4.48E-06,6.03E-05,TRUE,TRUE,D-BSC,Bacteria,Chloroflexota,Anaerolineae,Aggregatilineales,A4b,NA,A4b,ASV127_A4b
ASV1270,1.740233834,0.466210582,3.732720578,0.001032256,0.005338412,TRUE,TRUE,D-BSC,Bacteria,Actinomycetota,Thermoleophilia,Solirubrobacterales,67-14,NA,67-14,ASV1270_67-14
ASV1276,-3.081981176,0.466496919,-6.606648515,7.82E-07,1.52E-05,TRUE,TRUE,D-BSC,Bacteria,Planctomycetota,Planctomycetes,Isosphaerales,Isosphaeraceae,Tautonia,Tautonia,ASV1276_Tautonia
ASV128,0.716087918,0.919507495,0.778773335,0.443724499,0.621757285,FALSE,TRUE,D-BSC,Bacteria,Gemmatimonadota,Longimicrobiia,Longimicrobiales,Longimicrobiaceae,Longimicrobium,Longimicrobium,ASV128_Longimicrobium
ASV1281,-2.517372331,0.606001252,-4.154071175,3.57E-04,0.002301919,TRUE,TRUE,D-BSC,Bacteria,Gemmatimonadota,Gemmatimonadia,Gemmatimonadales,Gemmatimonadaceae,Roseisolibacter,Roseisolibacter,ASV1281_Roseisolibacter
ASV1283,0.758476056,0.465123822,1.630697074,0.116009486,0.231489249,FALSE,TRUE,D-BSC,Bacteria,Chloroflexota,Anaerolineae,Aggregatilineales,A4b,NA,A4b,ASV1283_A4b
ASV1285,-0.321616208,0.484036472,-0.664446228,0.512738773,0.689115785,FALSE,TRUE,D-BSC,Bacteria,Acidobacteriota,Acidobacteriae,Bryobacterales,Bryobacteraceae,Bryobacter,Bryobacter,ASV1285_Bryobacter
ASV1286,-2.146150667,0.490417579,-4.376169944,2.03E-04,0.001385728,TRUE,TRUE,D-BSC,Bacteria,Chloroflexota,Chloroflexia,Kallotenuales,AKIW781,NA,AKIW781,ASV1286_AKIW781
ASV1287,0.534291739,0.658964861,0.810804599,0.425445654,0.609572954,FALSE,TRUE,D-BSC,Bacteria,Pseudomonadota,Alphaproteobacteria,Sphingomonadales,Sphingomonadaceae,Sphingomonas,Sphingomonas,ASV1287_Sphingomonas
ASV1289,-2.562600009,0.486410823,-5.268386084,2.11E-05,2.19E-04,TRUE,TRUE,D-BSC,Bacteria,Chloroflexota,Chloroflexia,Thermomicrobiales,JG30-KF-CM45,NA,JG30-KF-CM45,ASV1289_JG30-KF-CM45
ASV1291,-0.45160255,0.62074375,-0.727518481,0.47394646,0.651303784,FALSE,TRUE,D-BSC,Bacteria,Armatimonadota,Armatimonadia,Armatimonadales,Armatimonadaceae,NA,Armatimonadaceae,ASV1291_Armatimonadaceae
ASV1299,-0.133690291,0.544292853,-0.245621985,0.808063172,0.895116872,FALSE,TRUE,D-BSC,Bacteria,Chloroflexota,Chloroflexia,Kallotenuales,AKIW781,NA,AKIW781,ASV1299_AKIW781
ASV13,1.264690619,0.370989238,3.408968485,0.002306177,0.01017979,FALSE,FALSE,D-BSC,Bacteria,Acidobacteriota,Blastocatellia,Blastocatellales,Blastocatellaceae,Blastocatella,Blastocatella,ASV13_Blastocatella
ASV130,-0.394738709,0.508885181,-0.775693072,0.4455071,0.622997128,FALSE,TRUE,D-BSC,Bacteria,Pseudomonadota,Gammaproteobacteria,Burkholderiales,Comamonadaceae,Piscinibacter,Piscinibacter,ASV130_Piscinibacter
ASV1306,-1.297575904,0.599149079,-2.165697904,0.040493061,0.099134272,FALSE,TRUE,D-BSC,Bacteria,Gemmatimonadota,Gemmatimonadia,Gemmatimonadales,Gemmatimonadaceae,Roseisolibacter,Roseisolibacter,ASV1306_Roseisolibacter
ASV1309,-2.875002458,0.504095897,-5.703284781,7.10E-06,8.38E-05,TRUE,TRUE,D-BSC,Bacteria,Planctomycetota,Planctomycetes,Isosphaerales,Isosphaeraceae,Tautonia,Tautonia,ASV1309_Tautonia
ASV131,0.87646755,0.802480181,1.092198376,0.285588928,0.452182469,FALSE,TRUE,D-BSC,Bacteria,Pseudomonadota,Alphaproteobacteria,Rhodobacterales,Paracoccaceae,Rubellimicrobium,Rubellimicrobium,ASV131_Rubellimicrobium
ASV1310,0.652243298,0.563928495,1.156606385,0.258816534,0.422385417,FALSE,TRUE,D-BSC,Bacteria,Actinomycetota,Thermoleophilia,Solirubrobacterales,Solirubrobacteraceae,Solirubrobacter,Solirubrobacter,ASV1310_Solirubrobacter
ASV1312,-1.035644376,0.58028099,-1.784729111,0.086952756,0.1831246,FALSE,TRUE,D-BSC,Bacteria,Nitrospirota,Nitrospiria,Nitrospirales,Nitrospiraceae,Nitrospira,Nitrospira,ASV1312_Nitrospira
ASV1316,-1.243219818,0.445632941,-2.789784382,0.010167436,0.03328217,TRUE,TRUE,D-BSC,Bacteria,Bacillota,Bacilli,Alicyclobacillales,Alicyclobacillaceae,Tumebacillus,Tumebacillus,ASV1316_Tumebacillus
ASV1319,-1.43885451,0.514847734,-2.794718547,0.010051691,0.033087574,TRUE,TRUE,D-BSC,Bacteria,Gemmatimonadota,Gemmatimonadia,Gemmatimonadales,Gemmatimonadaceae,NA,Gemmatimonadaceae,ASV1319_Gemmatimonadaceae
ASV132,-2.374209626,0.538196117,-4.411420949,1.86E-04,0.001297312,TRUE,TRUE,D-BSC,Bacteria,Pseudomonadota,Alphaproteobacteria,Hyphomicrobiales,Beijerinckiaceae,Psychroglaciecola,Psychroglaciecola,ASV132_Psychroglaciecola
ASV1322,0.58985139,0.51062103,1.155164701,0.259394879,0.422385417,FALSE,TRUE,D-BSC,Bacteria,Planctomycetota,Planctomycetes,Gemmatales,Gemmataceae,Gemmata,Gemmata,ASV1322_Gemmata
ASV1324,-0.160626627,0.538286203,-0.298403759,0.767963317,0.870445417,FALSE,TRUE,D-BSC,Bacteria,Acidobacteriota,Blastocatellia,Blastocatellales,Blastocatellaceae,Blastocatella,Blastocatella,ASV1324_Blastocatella
ASV1326,-0.374154271,0.595552423,-0.628247415,0.535775223,0.706285889,FALSE,TRUE,D-BSC,Bacteria,Bacteroidota,Bacteroidia,Cytophagales,Hymenobacteraceae,Hymenobacter,Hymenobacter,ASV1326_Hymenobacter
ASV1332,0.174093839,0.59366029,0.293254984,0.771848053,0.870445417,FALSE,TRUE,D-BSC,Bacteria,Pseudomonadota,Alphaproteobacteria,Caulobacterales,Caulobacteraceae,Brevundimonas,Brevundimonas,ASV1332_Brevundimonas
ASV1333,-1.476113753,0.650475185,-2.269285266,0.032522272,0.083601371,FALSE,TRUE,D-BSC,Bacteria,Planctomycetota,Planctomycetes,Isosphaerales,Isosphaeraceae,NA,Isosphaeraceae,ASV1333_Isosphaeraceae
ASV1334,-1.163069967,0.54489689,-2.134477162,0.043219759,0.10463731,FALSE,TRUE,D-BSC,Bacteria,Actinomycetota,Thermoleophilia,Solirubrobacterales,Solirubrobacteraceae,Solirubrobacter,Solirubrobacter,ASV1334_Solirubrobacter
ASV134,-2.045244138,0.67231248,-3.042103485,0.005613772,0.020108346,TRUE,TRUE,D-BSC,Bacteria,Chloroflexota,Anaerolineae,Aggregatilineales,A4b,NA,A4b,ASV134_A4b
ASV1342,-1.421676259,0.715619611,-1.986636808,0.058494657,0.134184594,FALSE,TRUE,D-BSC,Bacteria,Chloroflexota,Chloroflexia,Thermomicrobiales,JG30-KF-CM45,NA,JG30-KF-CM45,ASV1342_JG30-KF-CM45
ASV1344,0.475307471,0.588824025,0.807214806,0.427470657,0.611471938,FALSE,TRUE,D-BSC,Bacteria,Bacteroidota,Bacteroidia,Cytophagales,Hymenobacteraceae,Hymenobacter,Hymenobacter,ASV1344_Hymenobacter
ASV1349,0.615108094,0.586223838,1.049271719,0.304504918,0.476948564,FALSE,TRUE,D-BSC,Bacteria,Armatimonadota,Armatimonadia,Armatimonadales,Armatimonadaceae,NA,Armatimonadaceae,ASV1349_Armatimonadaceae
ASV1350,0.433447377,0.529503693,0.818591794,0.421073418,0.604299126,FALSE,TRUE,D-BSC,Bacteria,Bacteroidota,Bacteroidia,Chitinophagales,Chitinophagaceae,Segetibacter,Segetibacter,ASV1350_Segetibacter
ASV1353,-1.303764357,0.516732198,-2.523094867,0.018667515,0.054204015,FALSE,FALSE,D-BSC,Bacteria,Chloroflexota,Chloroflexia,Thermomicrobiales,JG30-KF-CM45,NA,JG30-KF-CM45,ASV1353_JG30-KF-CM45
ASV1354,0.183223391,0.507129959,0.361294749,0.721040271,0.839133418,FALSE,TRUE,D-BSC,Bacteria,Abditibacteriota,Abditibacteriia,Abditibacteriales,Abditibacteriaceae,Abditibacterium,Abditibacterium,ASV1354_Abditibacterium
ASV1356,0.567715361,0.57534272,0.986742931,0.333612828,0.512438685,FALSE,TRUE,D-BSC,Bacteria,Planctomycetota,Planctomycetes,Gemmatales,Gemmataceae,Gemmata,Gemmata,ASV1356_Gemmata
ASV1365,0.170848773,0.533162879,0.320443864,0.751405258,0.862037112,FALSE,TRUE,D-BSC,Bacteria,Actinomycetota,Actinobacteria,Micrococcales,Cellulomonadaceae,Actinotalea,Actinotalea,ASV1365_Actinotalea
ASV1367,-0.332275606,0.61015579,-0.544575028,0.591070445,0.746525388,FALSE,TRUE,D-BSC,Bacteria,Actinomycetota,Thermoleophilia,Solirubrobacterales,Solirubrobacteraceae,Solirubrobacter,Solirubrobacter,ASV1367_Solirubrobacter
ASV1368,-1.498674472,0.673431233,-2.225430599,0.035704581,0.090714546,FALSE,TRUE,D-BSC,Bacteria,Planctomycetota,Planctomycetes,Isosphaerales,Isosphaeraceae,Tautonia,Tautonia,ASV1368_Tautonia
ASV137,-2.553256455,0.448175845,-5.69699702,7.21E-06,8.40E-05,TRUE,TRUE,D-BSC,Bacteria,Bacteroidota,Bacteroidia,Cytophagales,Cytophagaceae,Rhodocytophaga,Rhodocytophaga,ASV137_Rhodocytophaga
ASV1370,-0.632214225,0.540847652,-1.168932179,0.253910683,0.420845679,FALSE,TRUE,D-BSC,Bacteria,Armatimonadota,Fimbriimonadia,Fimbriimonadales,Fimbriimonadaceae,NA,Fimbriimonadaceae,ASV1370_Fimbriimonadaceae
ASV1372,1.435435459,0.550054782,2.609622724,0.015366267,0.046632353,TRUE,TRUE,D-BSC,Bacteria,Planctomycetota,Planctomycetes,Gemmatales,Gemmataceae,Zavarzinella,Zavarzinella,ASV1372_Zavarzinella
ASV1376,-0.875836132,0.576537589,-1.519131015,0.14179451,0.272228792,FALSE,TRUE,D-BSC,Bacteria,Planctomycetota,Phycisphaerae,Tepidisphaerales,Tepidisphaeraceae,Tepidisphaera,Tepidisphaera,ASV1376_Tepidisphaera
ASV1379,-1.377469007,0.497696638,-2.76768799,0.010701408,0.034769631,TRUE,TRUE,D-BSC,Bacteria,Myxococcota,Polyangiia,Polyangiales,Polyangiaceae,Aetherobacter,Aetherobacter,ASV1379_Aetherobacter
ASV1381,0.54525701,0.614428232,0.887421804,0.383659009,0.564508374,FALSE,TRUE,D-BSC,Bacteria,Planctomycetota,Planctomycetes,Gemmatales,Gemmataceae,Gemmata,Gemmata,ASV1381_Gemmata
ASV1384,-0.524620618,0.665024807,-0.788873758,0.437909685,0.618847547,FALSE,TRUE,D-BSC,Bacteria,Armatimonadota,Armatimonadia,Armatimonadales,Armatimonadaceae,NA,Armatimonadaceae,ASV1384_Armatimonadaceae
ASV139,-3.247463259,0.509456112,-6.37437295,1.37E-06,2.29E-05,TRUE,TRUE,D-BSC,Bacteria,Chloroflexota,Chloroflexia,Thermomicrobiales,JG30-KF-CM45,NA,JG30-KF-CM45,ASV139_JG30-KF-CM45
ASV1395,0.715092894,0.633813539,1.12823859,0.270371861,0.434384203,FALSE,TRUE,D-BSC,Bacteria,Actinomycetota,Acidimicrobiia,Microtrichales,Iamiaceae,Iamia,Iamia,ASV1395_Iamia
ASV14,-1.456983071,0.377373558,-3.860850982,7.48E-04,0.004166131,TRUE,TRUE,D-BSC,Bacteria,Pseudomonadota,Alphaproteobacteria,Hyphomicrobiales,Beijerinckiaceae,NA,Beijerinckiaceae,ASV14_Beijerinckiaceae
ASV140,-5.093002723,0.434381431,-11.72472476,2.02E-11,2.92E-09,TRUE,TRUE,D-BSC,Bacteria,Actinomycetota,Actinobacteria,Propionibacteriales,Nocardioidaceae,Marmoricola,Marmoricola,ASV140_Marmoricola
ASV1401,-2.287732115,0.73289121,-3.121516651,0.004641353,0.017261882,TRUE,TRUE,D-BSC,Bacteria,Planctomycetota,Planctomycetes,Isosphaerales,Isosphaeraceae,NA,Isosphaeraceae,ASV1401_Isosphaeraceae
ASV1404,-1.057509688,0.434057427,-2.436335891,0.022630039,0.06380211,FALSE,TRUE,D-BSC,Bacteria,Pseudomonadota,Alphaproteobacteria,Caulobacterales,Caulobacteraceae,PMMR1,PMMR1,ASV1404_PMMR1
ASV1410,-2.183497531,0.576424136,-3.788005037,8.99E-04,0.004760355,TRUE,TRUE,D-BSC,Bacteria,Pseudomonadota,Gammaproteobacteria,Burkholderiales,Oxalobacteraceae,NA,Oxalobacteraceae,ASV1410_Oxalobacteraceae
ASV1412,0.641247413,0.52175684,1.229015824,0.2309804,0.394290761,FALSE,TRUE,D-BSC,Bacteria,Bacteroidota,Bacteroidia,Chitinophagales,Chitinophagaceae,NA,Chitinophagaceae,ASV1412_Chitinophagaceae
ASV1416,-1.903984172,0.531140955,-3.584706006,0.001493327,0.00737383,TRUE,TRUE,D-BSC,Bacteria,Acidobacteriota,Acidobacteriae,Bryobacterales,Bryobacteraceae,Bryobacter,Bryobacter,ASV1416_Bryobacter
ASV1419,-0.460249344,0.497686314,-0.92477798,0.364287073,0.544251114,FALSE,TRUE,D-BSC,Bacteria,Acidobacteriota,Vicinamibacteria,Vicinamibacterales,Vicinamibacteraceae,NA,Vicinamibacteraceae,ASV1419_Vicinamibacteraceae
ASV1420,0.949728217,0.555585719,1.70941798,0.100274638,0.206211844,FALSE,TRUE,D-BSC,Bacteria,Verrucomicrobiota,Verrucomicrobiia,Pedosphaerales,Pedosphaeraceae,NA,Pedosphaeraceae,ASV1420_Pedosphaeraceae
ASV1426,-0.986566619,0.608522427,-1.621249399,0.118029878,0.233389397,FALSE,TRUE,D-BSC,Bacteria,Planctomycetota,Phycisphaerae,Tepidisphaerales,WD2101 soil group,NA,WD2101_soil_group,ASV1426_WD2101_soil_group
ASV1427,-0.285338907,0.489639484,-0.582753059,0.565495251,0.727981677,FALSE,TRUE,D-BSC,Bacteria,Bacteroidota,Bacteroidia,Chitinophagales,Chitinophagaceae,Flavisolibacter,Flavisolibacter,ASV1427_Flavisolibacter
ASV143,-2.49439897,0.57058908,-4.371620587,2.05E-04,0.001390984,TRUE,TRUE,D-BSC,Bacteria,Chloroflexota,Chloroflexia,Thermomicrobiales,JG30-KF-CM45,NA,JG30-KF-CM45,ASV143_JG30-KF-CM45
ASV1430,0.201087895,0.726659386,0.276729233,0.784357363,0.882589672,FALSE,TRUE,D-BSC,Bacteria,Bacillota,Bacilli,Paenibacillales,Paenibacillaceae,Paenibacillus,Paenibacillus,ASV1430_Paenibacillus
ASV1435,-1.020787862,0.596440004,-1.7114678,0.099890309,0.206211844,FALSE,TRUE,D-BSC,Bacteria,Pseudomonadota,Alphaproteobacteria,Hyphomicrobiales,Beijerinckiaceae,Microvirga,Microvirga,ASV1435_Microvirga
ASV1439,-0.452189192,0.509386353,-0.887713598,0.383505135,0.564508374,FALSE,TRUE,D-BSC,Bacteria,Actinomycetota,Thermoleophilia,Solirubrobacterales,Solirubrobacteraceae,Parviterribacter,Parviterribacter,ASV1439_Parviterribacter
ASV1445,-1.183613249,0.664367233,-1.781564757,0.087480354,0.183792858,FALSE,TRUE,D-BSC,Bacteria,Armatimonadota,Armatimonadia,Armatimonadales,Armatimonadaceae,NA,Armatimonadaceae,ASV1445_Armatimonadaceae
ASV1449,-0.333506335,0.551629635,-0.604583789,0.551129136,0.7169721,FALSE,TRUE,D-BSC,Bacteria,Pseudomonadota,Alphaproteobacteria,Hyphomicrobiales,Beijerinckiaceae,NA,Beijerinckiaceae,ASV1449_Beijerinckiaceae
ASV145,-4.277172273,0.52109407,-8.208061696,2.00E-08,6.98E-07,TRUE,TRUE,D-BSC,Bacteria,Actinomycetota,Actinobacteria,Micromonosporales,Micromonosporaceae,Mangrovihabitans,Mangrovihabitans,ASV145_Mangrovihabitans
ASV1450,0.35548934,0.572784974,0.620633146,0.540690575,0.709496233,FALSE,TRUE,D-BSC,Bacteria,Planctomycetota,Planctomycetes,Gemmatales,Gemmataceae,Fimbriiglobus,Fimbriiglobus,ASV1450_Fimbriiglobus
ASV146,0.068774182,0.34885183,0.197144391,0.845374621,0.918880694,FALSE,TRUE,D-BSC,Bacteria,Gemmatimonadota,Longimicrobiia,Longimicrobiales,Longimicrobiaceae,NA,Longimicrobiaceae,ASV146_Longimicrobiaceae
ASV1461,-0.057581599,0.476781205,-0.120771536,0.904877418,0.953996217,FALSE,TRUE,D-BSC,Bacteria,Abditibacteriota,Abditibacteriia,Abditibacteriales,Abditibacteriaceae,Abditibacterium,Abditibacterium,ASV1461_Abditibacterium
ASV1465,0.686001853,0.587281529,1.168097103,0.254240868,0.420845679,FALSE,TRUE,D-BSC,Bacteria,Planctomycetota,Planctomycetes,Isosphaerales,Isosphaeraceae,Tautonia,Tautonia,ASV1465_Tautonia
ASV1470,0.502234643,0.544233051,0.922830104,0.36528086,0.544512949,FALSE,TRUE,D-BSC,Bacteria,Bacteroidota,Bacteroidia,Flavobacteriales,Flavobacteriaceae,Flavobacterium,Flavobacterium,ASV1470_Flavobacterium
ASV1479,-0.226598874,0.547472554,-0.413899971,0.682622918,0.811293433,FALSE,TRUE,D-BSC,Bacteria,Actinomycetota,Actinobacteria,Micrococcales,Intrasporangiaceae,Pedococcus-Phycicoccus,Pedococcus-Phycicoccus,ASV1479_Pedococcus-Phycicoccus
ASV148,-0.980802083,0.645386035,-1.519713831,0.141648508,0.272228792,FALSE,TRUE,D-BSC,Bacteria,Chloroflexota,Anaerolineae,Ardenticatenales,Ardenticatenaceae,NA,Ardenticatenaceae,ASV148_Ardenticatenaceae
ASV1481,0.124179026,0.583977804,0.2126434,0.833400894,0.911947081,FALSE,TRUE,D-BSC,Bacteria,Actinomycetota,Acidimicrobiia,Microtrichales,Iamiaceae,Aquihabitans,Aquihabitans,ASV1481_Aquihabitans
ASV1482,-2.162043501,0.466483895,-4.634765586,1.05E-04,8.13E-04,TRUE,TRUE,D-BSC,Bacteria,Myxococcota,Polyangiia,Nannocystales,Nannocystaceae,Nannocystis,Nannocystis,ASV1482_Nannocystis
ASV1484,-2.469129475,0.521516029,-4.734522691,8.16E-05,6.72E-04,TRUE,TRUE,D-BSC,Bacteria,Myxococcota,Polyangiia,Haliangiales,Haliangiaceae,NA,Haliangiaceae,ASV1484_Haliangiaceae
ASV1489,-0.632009121,0.58154279,-1.086780083,0.287928939,0.455063097,FALSE,TRUE,D-BSC,Bacteria,Bacteroidota,Bacteroidia,Cytophagales,Cyclobacteriaceae,NA,Cyclobacteriaceae,ASV1489_Cyclobacteriaceae
ASV1490,0.181576937,0.485692373,0.373851736,0.711797018,0.832812039,FALSE,TRUE,D-BSC,Bacteria,Actinomycetota,Thermoleophilia,Solirubrobacterales,Solirubrobacteraceae,Baekduia,Baekduia,ASV1490_Baekduia
ASV1491,-0.643335857,0.605175839,-1.063056084,0.298336463,0.46896775,FALSE,TRUE,D-BSC,Bacteria,Planctomycetota,Phycisphaerae,Tepidisphaerales,WD2101 soil group,NA,WD2101_soil_group,ASV1491_WD2101_soil_group
ASV1492,-1.268663989,0.40109745,-3.162981933,0.004200176,0.016388187,TRUE,TRUE,D-BSC,Bacteria,Pseudomonadota,Alphaproteobacteria,Hyphomicrobiales,Beijerinckiaceae,Enterovirga,Enterovirga,ASV1492_Enterovirga
ASV1494,-1.915296575,0.549882422,-3.483102023,0.001920965,0.008931977,TRUE,TRUE,D-BSC,Bacteria,Planctomycetota,Planctomycetes,Isosphaerales,Isosphaeraceae,Tautonia,Tautonia,ASV1494_Tautonia
ASV1496,-1.218369056,0.578922416,-2.104546347,0.045987486,0.109226887,FALSE,TRUE,D-BSC,Bacteria,Abditibacteriota,Abditibacteriia,Abditibacteriales,Abditibacteriaceae,Abditibacterium,Abditibacterium,ASV1496_Abditibacterium
ASV15,1.306030051,0.359114256,3.636809262,0.001311703,0.006588669,FALSE,FALSE,D-BSC,Bacteria,Verrucomicrobiota,Verrucomicrobiia,Chthoniobacterales,Chthoniobacteraceae,NA,Chthoniobacteraceae,ASV15_Chthoniobacteraceae
ASV1501,0.74670831,0.646517931,1.154969219,0.259473372,0.422385417,FALSE,TRUE,D-BSC,Bacteria,Planctomycetota,Planctomycetes,Gemmatales,Gemmataceae,Gemmata,Gemmata,ASV1501_Gemmata
ASV1503,0.394783619,0.535386491,0.737380613,0.46803936,0.644800167,FALSE,TRUE,D-BSC,Bacteria,Bacteroidota,Bacteroidia,Cytophagales,MWH-CFBk5,NA,MWH-CFBk5,ASV1503_MWH-CFBk5
ASV151,1.407448465,0.73946978,1.90332114,0.069059399,0.151860978,FALSE,TRUE,D-BSC,Bacteria,Bacteroidota,Bacteroidia,Cytophagales,Hymenobacteraceae,Adhaeribacter,Adhaeribacter,ASV151_Adhaeribacter
ASV1511,0.220226553,0.597370368,0.368659989,0.715613322,0.833928058,FALSE,TRUE,D-BSC,Bacteria,Planctomycetota,Phycisphaerae,Tepidisphaerales,Tepidisphaeraceae,NA,Tepidisphaeraceae,ASV1511_Tepidisphaeraceae
ASV1515,-0.99027446,0.476936643,-2.076322873,0.048741605,0.114516567,FALSE,TRUE,D-BSC,Bacteria,Verrucomicrobiota,Verrucomicrobiia,Chthoniobacterales,Chthoniobacteraceae,Chthoniobacter,Chthoniobacter,ASV1515_Chthoniobacter
ASV1527,-0.477994787,0.612005051,-0.781030789,0.442420827,0.621757285,FALSE,TRUE,D-BSC,Bacteria,Pseudomonadota,Gammaproteobacteria,Burkholderiales,Comamonadaceae,Aquabacterium,Aquabacterium,ASV1527_Aquabacterium
ASV153,3.176606676,0.52258431,6.078649153,2.81E-06,3.90E-05,TRUE,TRUE,D-BSC,Bacteria,Bacteroidota,Bacteroidia,Chitinophagales,Chitinophagaceae,Segetibacter,Segetibacter,ASV153_Segetibacter
ASV1530,0.195532299,0.582869678,0.335464867,0.740189236,0.855721419,FALSE,TRUE,D-BSC,Bacteria,Verrucomicrobiota,Verrucomicrobiia,Chthoniobacterales,Chthoniobacteraceae,Chthoniobacter,Chthoniobacter,ASV1530_Chthoniobacter
ASV1531,0.165414791,0.530587422,0.311757845,0.75791678,0.865911433,FALSE,TRUE,D-BSC,Bacteria,Myxococcota,Polyangiia,Polyangiales,Polyangiaceae,Pajaroellobacter,Pajaroellobacter,ASV1531_Pajaroellobacter
ASV155,-0.590016844,0.429107384,-1.374986463,0.181837078,0.328358691,FALSE,TRUE,D-BSC,Bacteria,Bacteroidota,Bacteroidia,Cytophagales,Cytophagaceae,Siphonobacter,Siphonobacter,ASV155_Siphonobacter
ASV1552,0.635264513,0.547677093,1.159925293,0.257488735,0.422385417,FALSE,TRUE,D-BSC,Bacteria,Myxococcota,Polyangiia,Haliangiales,Haliangiaceae,NA,Haliangiaceae,ASV1552_Haliangiaceae
ASV1554,-0.215591117,0.498934896,-0.432102702,0.669524282,0.801124621,FALSE,TRUE,D-BSC,Bacteria,Planctomycetota,Planctomycetes,Gemmatales,Gemmataceae,Gemmata,Gemmata,ASV1554_Gemmata
ASV1555,-0.713502114,0.61859138,-1.153430419,0.260091863,0.422528418,FALSE,TRUE,D-BSC,Bacteria,Pseudomonadota,Alphaproteobacteria,Sphingomonadales,Sphingomonadaceae,Sphingomonas,Sphingomonas,ASV1555_Sphingomonas
ASV1560,-0.865502983,0.743428003,-1.164205518,0.255783771,0.421801916,FALSE,TRUE,D-BSC,Bacteria,Actinomycetota,Thermoleophilia,Solirubrobacterales,67-14,NA,67-14,ASV1560_67-14
ASV1563,-1.332254648,0.424150014,-3.140998716,0.004428783,0.016612686,TRUE,TRUE,D-BSC,Bacteria,Abditibacteriota,Abditibacteriia,Abditibacteriales,Abditibacteriaceae,Abditibacterium,Abditibacterium,ASV1563_Abditibacterium
ASV1568,-1.969792064,0.626642445,-3.143406707,0.004403169,0.0165878,TRUE,TRUE,D-BSC,Bacteria,Myxococcota,Myxococcia,Myxococcales,Myxococcaceae,NA,Myxococcaceae,ASV1568_Myxococcaceae
ASV157,0.729788997,0.354299881,2.059805933,0.050420817,0.117828326,FALSE,TRUE,D-BSC,Bacteria,Verrucomicrobiota,Verrucomicrobiia,Chthoniobacterales,Chthoniobacteraceae,Chthoniobacter,Chthoniobacter,ASV157_Chthoniobacter
ASV1572,-0.328657785,0.685937087,-0.479136922,0.636178119,0.782024861,FALSE,TRUE,D-BSC,Bacteria,Chloroflexota,Anaerolineae,Ardenticatenales,Ardenticatenaceae,NA,Ardenticatenaceae,ASV1572_Ardenticatenaceae
ASV1576,0.263025701,0.66473343,0.395685983,0.695832213,0.824061456,FALSE,TRUE,D-BSC,Bacteria,Planctomycetota,Planctomycetes,Isosphaerales,Isosphaeraceae,Tautonia,Tautonia,ASV1576_Tautonia
ASV158,-2.500960567,0.698555312,-3.580189751,0.001510182,0.007404768,TRUE,TRUE,D-BSC,Bacteria,Bacteroidota,Bacteroidia,Cytophagales,Cytophagaceae,Rhodocytophaga,Rhodocytophaga,ASV158_Rhodocytophaga
ASV1581,1.099925343,0.585801695,1.877641105,0.072635827,0.158313498,FALSE,TRUE,D-BSC,Bacteria,Armatimonadota,Armatimonadia,Armatimonadales,Armatimonadaceae,NA,Armatimonadaceae,ASV1581_Armatimonadaceae
ASV1586,0.676551551,0.480869612,1.406933468,0.172265661,0.314073533,FALSE,TRUE,D-BSC,Bacteria,Bacteroidota,Bacteroidia,Chitinophagales,Chitinophagaceae,Flavisolibacter,Flavisolibacter,ASV1586_Flavisolibacter
ASV1588,0.109706995,0.494913204,0.221669162,0.826446748,0.906291666,FALSE,TRUE,D-BSC,Bacteria,Sumerlaeota,Sumerlaeia,Sumerlaeales,Sumerlaeaceae,Sumerlaea,Sumerlaea,ASV1588_Sumerlaea
ASV1589,-1.830506046,0.538883349,-3.396850266,0.002375915,0.010382747,TRUE,TRUE,D-BSC,Bacteria,Acidobacteriota,Vicinamibacteria,Vicinamibacterales,Vicinamibacteraceae,NA,Vicinamibacteraceae,ASV1589_Vicinamibacteraceae
ASV159,0.259154468,0.528099397,0.490730474,0.62807413,0.776431103,FALSE,TRUE,D-BSC,Bacteria,Pseudomonadota,Alphaproteobacteria,Hyphomicrobiales,Beijerinckiaceae,Microvirga,Microvirga,ASV159_Microvirga
ASV1591,0.971310945,0.511348169,1.899509969,0.069580269,0.152413922,FALSE,TRUE,D-BSC,Bacteria,Myxococcota,Polyangiia,Polyangiales,Phaselicystaceae,Phaselicystis,Phaselicystis,ASV1591_Phaselicystis
ASV1595,0.027565408,0.488608601,0.056416134,0.955477363,0.976857503,FALSE,TRUE,D-BSC,Bacteria,Pseudomonadota,Alphaproteobacteria,Caulobacterales,Caulobacteraceae,PMMR1,PMMR1,ASV1595_PMMR1
ASV1596,-2.161716999,0.564683421,-3.828192786,8.12E-04,0.004397414,TRUE,TRUE,D-BSC,Bacteria,Acidobacteriota,Blastocatellia,Blastocatellales,Blastocatellaceae,NA,Blastocatellaceae,ASV1596_Blastocatellaceae
ASV1598,-1.538837521,0.447232755,-3.440797892,0.002132356,0.009557329,TRUE,TRUE,D-BSC,Bacteria,Abditibacteriota,Abditibacteriia,Abditibacteriales,Abditibacteriaceae,Abditibacterium,Abditibacterium,ASV1598_Abditibacterium
ASV16,-0.074412229,0.3626757,-0.205175667,0.839165137,0.915643358,FALSE,TRUE,D-BSC,Bacteria,Verrucomicrobiota,Verrucomicrobiia,Chthoniobacterales,Chthoniobacteraceae,Chthoniobacter,Chthoniobacter,ASV16_Chthoniobacter
ASV160,2.917124551,0.762269209,3.826895431,8.15E-04,0.004397414,TRUE,TRUE,D-BSC,Bacteria,Pseudomonadota,Alphaproteobacteria,Sphingomonadales,Sphingomonadaceae,NA,Sphingomonadaceae,ASV160_Sphingomonadaceae
ASV1600,0.301749862,0.537372879,0.561527896,0.579644058,0.735281432,FALSE,TRUE,D-BSC,Bacteria,Pseudomonadota,Alphaproteobacteria,Rhodobacterales,Paracoccaceae,Rubellimicrobium,Rubellimicrobium,ASV1600_Rubellimicrobium
ASV1603,-1.135407369,0.392530707,-2.892531332,0.007999315,0.027525201,TRUE,TRUE,D-BSC,Bacteria,Chloroflexota,Chloroflexia,Chloroflexales,Chloroflexaceae,FFCH7168,FFCH7168,ASV1603_FFCH7168
ASV1606,-1.825236503,0.539306332,-3.384415115,0.002449607,0.010598794,TRUE,TRUE,D-BSC,Bacteria,Chloroflexota,Chloroflexia,Chloroflexales,Chloroflexaceae,Candidatus Chloroploca,Candidatus_Chloroploca,ASV1606_Candidatus_Chloroploca
ASV1613,0.901491942,0.552648348,1.631221635,0.11589816,0.231489249,FALSE,TRUE,D-BSC,Bacteria,Actinomycetota,Thermoleophilia,Gaiellales,Gaiellaceae,Gaiella,Gaiella,ASV1613_Gaiella
ASV1616,-0.031593528,0.542961262,-0.058187444,0.954081094,0.976857503,FALSE,TRUE,D-BSC,Bacteria,Planctomycetota,Phycisphaerae,Tepidisphaerales,WD2101 soil group,NA,WD2101_soil_group,ASV1616_WD2101_soil_group
ASV1623,-0.641172577,0.513077355,-1.249660641,0.223473311,0.385999356,FALSE,TRUE,D-BSC,Bacteria,Planctomycetota,Planctomycetes,Pirellulales,Pirellulaceae,Pirellula,Pirellula,ASV1623_Pirellula
ASV1626,-0.344358535,0.445773481,-0.772496682,0.447361487,0.624590958,FALSE,TRUE,D-BSC,Bacteria,Gemmatimonadota,Gemmatimonadia,Gemmatimonadales,Gemmatimonadaceae,Gemmatimonas,Gemmatimonas,ASV1626_Gemmatimonas
ASV1632,0.023704659,0.482071531,0.049172493,0.961188769,0.976857503,FALSE,TRUE,D-BSC,Bacteria,Sumerlaeota,Sumerlaeia,Sumerlaeales,Sumerlaeaceae,Sumerlaea,Sumerlaea,ASV1632_Sumerlaea
ASV1634,-1.207065693,0.426220428,-2.832022148,0.009216133,0.031264513,TRUE,TRUE,D-BSC,Bacteria,Pseudomonadota,Alphaproteobacteria,Acetobacterales,Acetobacteraceae,NA,Acetobacteraceae,ASV1634_Acetobacteraceae
ASV1635,-0.463498019,0.518920192,-0.893197115,0.38062095,0.561930254,FALSE,TRUE,D-BSC,Bacteria,Planctomycetota,Phycisphaerae,Tepidisphaerales,WD2101 soil group,NA,WD2101_soil_group,ASV1635_WD2101_soil_group
ASV1643,-0.091865162,0.584756483,-0.15709986,0.876480318,0.941085747,FALSE,TRUE,D-BSC,Bacteria,Verrucomicrobiota,Verrucomicrobiia,Chthoniobacterales,Chthoniobacteraceae,NA,Chthoniobacteraceae,ASV1643_Chthoniobacteraceae
ASV1646,-1.858544082,0.583278308,-3.186376138,0.003969396,0.015627264,TRUE,TRUE,D-BSC,Bacteria,Pseudomonadota,Alphaproteobacteria,Acetobacterales,Acetobacteraceae,Roseomonas,Roseomonas,ASV1646_Roseomonas
ASV1648,-1.797794627,0.559430573,-3.21361526,0.003716086,0.014898437,TRUE,TRUE,D-BSC,Bacteria,Chloroflexota,Chloroflexia,Thermomicrobiales,JG30-KF-CM45,NA,JG30-KF-CM45,ASV1648_JG30-KF-CM45
ASV1651,-1.586186488,0.503151241,-3.152504374,0.004307679,0.016585512,TRUE,TRUE,D-BSC,Bacteria,Chloroflexota,Chloroflexia,Thermomicrobiales,JG30-KF-CM45,NA,JG30-KF-CM45,ASV1651_JG30-KF-CM45
ASV1652,0.263068596,0.424682144,0.619448215,0.541457652,0.709496233,FALSE,TRUE,D-BSC,Bacteria,Gemmatimonadota,Gemmatimonadia,Gemmatimonadales,Gemmatimonadaceae,NA,Gemmatimonadaceae,ASV1652_Gemmatimonadaceae
ASV1654,1.399477065,0.515431408,2.715156749,0.012079113,0.038389619,TRUE,TRUE,D-BSC,Bacteria,Acidobacteriota,Blastocatellia,Blastocatellales,Blastocatellaceae,NA,Blastocatellaceae,ASV1654_Blastocatellaceae
ASV1658,-0.265157041,0.457750595,-0.579260943,0.567810947,0.727981677,FALSE,TRUE,D-BSC,Bacteria,Acidobacteriota,Acidobacteriae,Bryobacterales,Bryobacteraceae,Bryobacter,Bryobacter,ASV1658_Bryobacter
ASV166,1.194178026,0.52455367,2.276560234,0.032020048,0.082797401,FALSE,TRUE,D-BSC,Bacteria,Pseudomonadota,Alphaproteobacteria,Sphingomonadales,Sphingomonadaceae,Altererythrobacter,Altererythrobacter,ASV166_Altererythrobacter
ASV1663,-2.205547388,0.566303025,-3.894641719,6.87E-04,0.003850919,TRUE,TRUE,D-BSC,Bacteria,Bacteroidota,Bacteroidia,Cytophagales,Hymenobacteraceae,Pontibacter,Pontibacter,ASV1663_Pontibacter
ASV1677,0.193655126,0.56047279,0.345521013,0.732712939,0.850453,FALSE,TRUE,D-BSC,Bacteria,Armatimonadota,Armatimonadia,Armatimonadales,Armatimonadaceae,NA,Armatimonadaceae,ASV1677_Armatimonadaceae
ASV1682,-1.408658631,0.508413449,-2.770695059,0.010627214,0.034657405,TRUE,TRUE,D-BSC,Bacteria,Actinomycetota,Rubrobacteria,Rubrobacterales,Rubrobacteriaceae,Rubrobacter,Rubrobacter,ASV1682_Rubrobacter
ASV1687,0.419584415,0.533161252,0.786974698,0.438999404,0.618847547,FALSE,TRUE,D-BSC,Bacteria,Planctomycetota,Planctomycetes,Gemmatales,Gemmataceae,NA,Gemmataceae,ASV1687_Gemmataceae
ASV169,-1.070554363,0.743927281,-1.439057809,0.163049604,0.303202881,FALSE,TRUE,D-BSC,Bacteria,Gemmatimonadota,Gemmatimonadia,Gemmatimonadales,Gemmatimonadaceae,Roseisolibacter,Roseisolibacter,ASV169_Roseisolibacter
ASV1692,0.488586053,0.536398964,0.910863156,0.371425741,0.550213725,FALSE,TRUE,D-BSC,Bacteria,Actinomycetota,Thermoleophilia,Solirubrobacterales,Solirubrobacteraceae,NA,Solirubrobacteraceae,ASV1692_Solirubrobacteraceae
ASV1694,0.273340242,0.483506023,0.565329549,0.577096909,0.733194158,FALSE,TRUE,D-BSC,Bacteria,Abditibacteriota,Abditibacteriia,Abditibacteriales,Abditibacteriaceae,Abditibacterium,Abditibacterium,ASV1694_Abditibacterium
ASV1698,-0.159051355,0.575519069,-0.276361573,0.784636356,0.882589672,FALSE,TRUE,D-BSC,Bacteria,Gemmatimonadota,Longimicrobiia,Longimicrobiales,Longimicrobiaceae,NA,Longimicrobiaceae,ASV1698_Longimicrobiaceae
ASV1709,-0.097785242,0.505780989,-0.193335147,0.848323389,0.919894096,FALSE,TRUE,D-BSC,Bacteria,Deinococcota,Deinococci,Deinococcales,Deinococcaceae,NA,Deinococcaceae,ASV1709_Deinococcaceae
ASV1711,-1.902036648,0.547527094,-3.473867626,0.001965291,0.008946167,TRUE,TRUE,D-BSC,Bacteria,Planctomycetota,Phycisphaerae,Tepidisphaerales,WD2101 soil group,NA,WD2101_soil_group,ASV1711_WD2101_soil_group
ASV1714,-0.203295063,0.519633636,-0.391227682,0.699080708,0.82678828,FALSE,TRUE,D-BSC,Bacteria,Gemmatimonadota,Gemmatimonadia,Gemmatimonadales,Gemmatimonadaceae,NA,Gemmatimonadaceae,ASV1714_Gemmatimonadaceae
ASV1715,0.577920436,0.584841795,0.988165417,0.332930061,0.512438685,FALSE,TRUE,D-BSC,Bacteria,Armatimonadota,Armatimonadia,Armatimonadales,Armatimonadaceae,NA,Armatimonadaceae,ASV1715_Armatimonadaceae
ASV172,-1.028676334,0.534357047,-1.925073021,0.066151308,0.147867629,FALSE,TRUE,D-BSC,Bacteria,Pseudomonadota,Alphaproteobacteria,Hyphomicrobiales,Beijerinckiaceae,Microvirga,Microvirga,ASV172_Microvirga
ASV1721,-1.259140641,0.579039933,-2.174531616,0.039750205,0.098283831,FALSE,TRUE,D-BSC,Bacteria,Chloroflexota,Chloroflexia,Kallotenuales,AKIW781,NA,AKIW781,ASV1721_AKIW781
ASV1731,-0.171387645,0.583527134,-0.293709812,0.77150464,0.870445417,FALSE,TRUE,D-BSC,Bacteria,Planctomycetota,Planctomycetes,Gemmatales,Gemmataceae,Gemmata,Gemmata,ASV1731_Gemmata
ASV1732,-0.800126894,0.606225816,-1.319849588,0.199336907,0.353388351,FALSE,TRUE,D-BSC,Bacteria,Planctomycetota,Phycisphaerae,Tepidisphaerales,Tepidisphaeraceae,Tepidisphaera,Tepidisphaera,ASV1732_Tepidisphaera
ASV1733,-0.855986519,0.54455111,-1.571912173,0.129062591,0.252417165,FALSE,TRUE,D-BSC,Bacteria,Verrucomicrobiota,Verrucomicrobiia,Verrucomicrobiales,Verrucomicrobiaceae,NA,Verrucomicrobiaceae,ASV1733_Verrucomicrobiaceae
ASV174,1.578329464,0.630689947,2.502544192,0.019543156,0.05581934,FALSE,TRUE,D-BSC,Bacteria,Bacteroidota,Bacteroidia,Cytophagales,Hymenobacteraceae,Adhaeribacter,Adhaeribacter,ASV174_Adhaeribacter
ASV1742,0.189787183,0.499516529,0.379941747,0.707330197,0.830922839,FALSE,TRUE,D-BSC,Bacteria,Myxococcota,Polyangiia,Polyangiales,BIrii41,NA,BIrii41,ASV1742_BIrii41
ASV1747,-0.395634466,0.617203614,-0.64101126,0.527589591,0.700436535,FALSE,TRUE,D-BSC,Bacteria,Bacteroidota,Bacteroidia,Chitinophagales,Chitinophagaceae,Flavisolibacter,Flavisolibacter,ASV1747_Flavisolibacter
ASV1764,-1.305350456,0.516498216,-2.52730874,0.018492533,0.054022272,FALSE,TRUE,D-BSC,Bacteria,Bacteroidota,Bacteroidia,Cytophagales,Spirosomataceae,NA,Spirosomataceae,ASV1764_Spirosomataceae
ASV1766,-0.830555202,0.457204359,-1.816595109,0.08179027,0.175638073,FALSE,TRUE,D-BSC,Bacteria,Bacillota,Clostridia,Peptostreptococcales-Tissierellales,Peptostreptococcaceae,Sporacetigenium,Sporacetigenium,ASV1766_Sporacetigenium
ASV1769,-0.24515618,0.589027515,-0.416204972,0.680958504,0.811293433,FALSE,TRUE,D-BSC,Bacteria,Chloroflexota,Chloroflexia,Kallotenuales,AKIW781,NA,AKIW781,ASV1769_AKIW781
ASV179,-4.730335754,0.457419455,-10.34135235,2.54E-10,1.85E-08,TRUE,TRUE,D-BSC,Bacteria,Deinococcota,Deinococci,Deinococcales,Trueperaceae,Truepera,Truepera,ASV179_Truepera
ASV1799,0.143323416,0.537462216,0.266666961,0.792003459,0.888589246,FALSE,TRUE,D-BSC,Bacteria,Sumerlaeota,Sumerlaeia,Sumerlaeales,Sumerlaeaceae,Sumerlaea,Sumerlaea,ASV1799_Sumerlaea
ASV1800,-0.537420342,0.630629459,-0.852196697,0.40252918,0.582574539,FALSE,TRUE,D-BSC,Bacteria,Chloroflexota,Chloroflexia,Kallotenuales,AKIW781,NA,AKIW781,ASV1800_AKIW781
ASV1810,-0.729792019,0.429123091,-1.700658935,0.101931055,0.209126155,FALSE,TRUE,D-BSC,Bacteria,Abditibacteriota,Abditibacteriia,Abditibacteriales,Abditibacteriaceae,Abditibacterium,Abditibacterium,ASV1810_Abditibacterium
ASV1812,-0.259002984,0.578066212,-0.448050722,0.658135175,0.792317071,FALSE,TRUE,D-BSC,Bacteria,Chloroflexota,Chloroflexia,Thermomicrobiales,AKYG1722,NA,AKYG1722,ASV1812_AKYG1722
ASV1815,0.243150699,0.523990521,0.464036447,0.646803197,0.787334253,FALSE,TRUE,D-BSC,Bacteria,Abditibacteriota,Abditibacteriia,Abditibacteriales,Abditibacteriaceae,Abditibacterium,Abditibacterium,ASV1815_Abditibacterium
ASV1817,-1.055492519,0.498367684,-2.117899199,0.044733688,0.10741001,FALSE,TRUE,D-BSC,Bacteria,Planctomycetota,Planctomycetes,Isosphaerales,Isosphaeraceae,NA,Isosphaeraceae,ASV1817_Isosphaeraceae
ASV1822,-0.722796222,0.730999044,-0.988778616,0.332636033,0.512438685,FALSE,TRUE,D-BSC,Bacteria,Bacteroidota,Bacteroidia,Cytophagales,Hymenobacteraceae,Nibribacter,Nibribacter,ASV1822_Nibribacter
ASV1825,-1.532130898,0.61330858,-2.49814033,0.019735695,0.056185658,FALSE,TRUE,D-BSC,Bacteria,Planctomycetota,Phycisphaerae,Tepidisphaerales,WD2101 soil group,NA,WD2101_soil_group,ASV1825_WD2101_soil_group
ASV1827,-1.215170348,0.478539508,-2.539331292,0.018001644,0.053078914,FALSE,FALSE,D-BSC,Bacteria,Planctomycetota,Planctomycetes,Isosphaerales,Isosphaeraceae,NA,Isosphaeraceae,ASV1827_Isosphaeraceae
ASV1828,0.549262176,0.576664323,0.952481634,0.350347776,0.530682766,FALSE,TRUE,D-BSC,Bacteria,Pseudomonadota,Alphaproteobacteria,Caulobacterales,Caulobacteraceae,PMMR1,PMMR1,ASV1828_PMMR1
ASV183,-1.478838892,0.588639179,-2.512301162,0.019122772,0.054977969,FALSE,FALSE,D-BSC,Bacteria,Bacteroidota,Bacteroidia,Cytophagales,Spirosomataceae,Fibrella,Fibrella,ASV183_Fibrella
ASV1831,-2.157728927,0.457405764,-4.717319054,8.52E-05,6.72E-04,TRUE,TRUE,D-BSC,Bacteria,Planctomycetota,Planctomycetes,Isosphaerales,Isosphaeraceae,Tautonia,Tautonia,ASV1831_Tautonia
ASV1843,-1.013834264,0.529100787,-1.916145824,0.067331592,0.149359927,FALSE,TRUE,D-BSC,Bacteria,Actinomycetota,Acidimicrobiia,Microtrichales,Ilumatobacteraceae,CL500-29 marine group,CL500-29_marine_group,ASV1843_CL500-29_marine_group
ASV185,1.664776568,0.716858956,2.322320945,0.029019774,0.077563556,FALSE,TRUE,D-BSC,Bacteria,Pseudomonadota,Alphaproteobacteria,Sphingomonadales,Sphingomonadaceae,NA,Sphingomonadaceae,ASV185_Sphingomonadaceae
ASV1850,0.575220667,0.499568167,1.151435789,0.260895181,0.423047102,FALSE,TRUE,D-BSC,Bacteria,Bacteroidota,Bacteroidia,Sphingobacteriales,Sphingobacteriaceae,NA,Sphingobacteriaceae,ASV1850_Sphingobacteriaceae
ASV1851,0.413096635,0.478880631,0.862629657,0.396879398,0.577159059,FALSE,TRUE,D-BSC,Bacteria,Verrucomicrobiota,Verrucomicrobiia,Verrucomicrobiales,Verrucomicrobiaceae,NA,Verrucomicrobiaceae,ASV1851_Verrucomicrobiaceae
ASV1859,-1.206284741,0.426178132,-2.83047076,0.00924953,0.031264513,TRUE,TRUE,D-BSC,Bacteria,Actinomycetota,Actinobacteria,Propionibacteriales,Propionibacteriaceae,Microlunatus,Microlunatus,ASV1859_Microlunatus
ASV186,-2.628448231,0.58752634,-4.473753857,1.58E-04,0.001153217,TRUE,TRUE,D-BSC,Bacteria,Actinomycetota,Actinobacteria,Frankiales,Geodermatophilaceae,Blastococcus,Blastococcus,ASV186_Blastococcus
ASV1860,-0.772103275,0.57615444,-1.340097762,0.192763868,0.346657656,FALSE,TRUE,D-BSC,Bacteria,Planctomycetota,Planctomycetes,Gemmatales,Gemmataceae,Gemmata,Gemmata,ASV1860_Gemmata
ASV1862,-0.335876362,0.587584519,-0.571622211,0.572893119,0.729895898,FALSE,TRUE,D-BSC,Bacteria,Armatimonadota,Armatimonadia,Armatimonadales,Armatimonadaceae,NA,Armatimonadaceae,ASV1862_Armatimonadaceae
ASV1868,-0.902387757,0.556060178,-1.622823917,0.117691142,0.233263932,FALSE,TRUE,D-BSC,Bacteria,Actinomycetota,Actinobacteria,Propionibacteriales,Nocardioidaceae,Nocardioides,Nocardioides,ASV1868_Nocardioides
ASV1872,-1.042133789,0.491158897,-2.121785423,0.044374585,0.106841286,FALSE,TRUE,D-BSC,Bacteria,Myxococcota,Polyangiia,Polyangiales,Polyangiaceae,Jahnella,Jahnella,ASV1872_Jahnella
ASV1879,-0.629847174,0.553368956,-1.138204749,0.266270074,0.428582035,FALSE,TRUE,D-BSC,Bacteria,Chloroflexota,Anaerolineae,Aggregatilineales,A4b,NA,A4b,ASV1879_A4b
ASV1881,0.400160136,0.508269714,0.787298801,0.43881331,0.618847547,FALSE,TRUE,D-BSC,Bacteria,Planctomycetota,Planctomycetes,Gemmatales,Gemmataceae,Gemmata,Gemmata,ASV1881_Gemmata
ASV1882,-1.077342696,0.525972774,-2.048286052,0.051622312,0.119994417,FALSE,TRUE,D-BSC,Bacteria,Pseudomonadota,Alphaproteobacteria,Azospirillales,Azospirillaceae,Azospirillum,Azospirillum,ASV1882_Azospirillum
ASV1884,-2.143040343,0.626856705,-3.418708496,0.002251572,0.009989208,TRUE,TRUE,D-BSC,Bacteria,Myxococcota,Myxococcia,Myxococcales,Myxococcaceae,Cystobacter,Cystobacter,ASV1884_Cystobacter
ASV1886,-1.817071492,0.54390075,-3.340814465,0.002725951,0.011454234,TRUE,TRUE,D-BSC,Bacteria,Pseudomonadota,Alphaproteobacteria,Acetobacterales,Acetobacteraceae,Roseomonas,Roseomonas,ASV1886_Roseomonas
ASV189,1.744223415,0.66661584,2.616534608,0.015127591,0.046067994,FALSE,FALSE,D-BSC,Bacteria,Acidobacteriota,Blastocatellia,Blastocatellales,Blastocatellaceae,JGI 0001001-H03,JGI_0001001-H03,ASV189_JGI_0001001-H03
ASV1897,-0.367602038,0.5282203,-0.695925616,0.493160206,0.670329736,FALSE,TRUE,D-BSC,Bacteria,Pseudomonadota,Alphaproteobacteria,Sphingomonadales,Sphingomonadaceae,Novosphingobium,Novosphingobium,ASV1897_Novosphingobium
ASV19,-1.007226088,0.527465825,-1.909557057,0.068214484,0.15093534,FALSE,TRUE,D-BSC,Bacteria,Acidobacteriota,Blastocatellia,Blastocatellales,Blastocatellaceae,Aridibacter,Aridibacter,ASV19_Aridibacter
ASV1901,-0.228047337,0.489493896,-0.465883924,0.645499085,0.786842678,FALSE,TRUE,D-BSC,Bacteria,Actinomycetota,Thermoleophilia,Solirubrobacterales,67-14,NA,67-14,ASV1901_67-14
ASV1905,-0.405214503,0.459805878,-0.881272994,0.386910849,0.566506465,FALSE,TRUE,D-BSC,Bacteria,Planctomycetota,Planctomycetes,Gemmatales,Gemmataceae,NA,Gemmataceae,ASV1905_Gemmataceae
ASV1910,-0.475698405,0.444606027,-1.069932426,0.295292713,0.465019515,FALSE,TRUE,D-BSC,Bacteria,Deinococcota,Deinococci,Deinococcales,Deinococcaceae,NA,Deinococcaceae,ASV1910_Deinococcaceae
ASV1912,0.483876264,0.549886906,0.879955967,0.387609686,0.566506465,FALSE,TRUE,D-BSC,Bacteria,Armatimonadota,Armatimonadia,Armatimonadales,Armatimonadaceae,NA,Armatimonadaceae,ASV1912_Armatimonadaceae
ASV1916,0.096406233,0.662963343,0.14541714,0.885595939,0.943915672,FALSE,TRUE,D-BSC,Bacteria,Planctomycetota,Phycisphaerae,Tepidisphaerales,WD2101 soil group,NA,WD2101_soil_group,ASV1916_WD2101_soil_group
ASV192,1.826256326,0.501797737,3.639427183,0.001303172,0.006583655,FALSE,FALSE,D-BSC,Bacteria,Acidobacteriota,Blastocatellia,Blastocatellales,Blastocatellaceae,Blastocatella,Blastocatella,ASV192_Blastocatella
ASV1921,0.465880458,0.490299942,0.950194806,0.351484617,0.53148366,FALSE,TRUE,D-BSC,Bacteria,Planctomycetota,Planctomycetes,Gemmatales,Gemmataceae,NA,Gemmataceae,ASV1921_Gemmataceae
ASV1929,0.296957552,0.515211144,0.576380298,0.56972479,0.727981677,FALSE,TRUE,D-BSC,Bacteria,Gemmatimonadota,Longimicrobiia,Longimicrobiales,Longimicrobiaceae,NA,Longimicrobiaceae,ASV1929_Longimicrobiaceae
ASV193,-3.79303947,0.585076733,-6.482977801,1.05E-06,1.84E-05,TRUE,TRUE,D-BSC,Bacteria,Actinomycetota,Actinobacteria,Micrococcales,Micrococcaceae,NA,Micrococcaceae,ASV193_Micrococcaceae
ASV1930,-0.853594935,0.430301088,-1.983715494,0.058839505,0.134270828,FALSE,TRUE,D-BSC,Bacteria,Planctomycetota,Planctomycetes,Isosphaerales,Isosphaeraceae,Tautonia,Tautonia,ASV1930_Tautonia
ASV1932,0.250954013,0.509357372,0.492687506,0.626710803,0.775843119,FALSE,TRUE,D-BSC,Bacteria,Actinomycetota,Thermoleophilia,Solirubrobacterales,Solirubrobacteraceae,Baekduia,Baekduia,ASV1932_Baekduia
ASV1933,-0.504658219,0.439855285,-1.147327852,0.262555358,0.424165218,FALSE,TRUE,D-BSC,Bacteria,Chloroflexota,Chloroflexia,Thermomicrobiales,JG30-KF-CM45,NA,JG30-KF-CM45,ASV1933_JG30-KF-CM45
ASV194,-4.854960482,0.405674281,-11.96763195,1.32E-11,2.31E-09,TRUE,TRUE,D-BSC,Bacteria,Pseudomonadota,Alphaproteobacteria,Acetobacterales,Acetobacteraceae,Belnapia,Belnapia,ASV194_Belnapia
ASV1943,0.235936708,0.522205947,0.451807777,0.655464218,0.792317071,FALSE,TRUE,D-BSC,Bacteria,Abditibacteriota,Abditibacteriia,Abditibacteriales,Abditibacteriaceae,Abditibacterium,Abditibacterium,ASV1943_Abditibacterium
ASV1944,0.793927916,0.594334319,1.335827144,0.19413594,0.347694286,FALSE,TRUE,D-BSC,Bacteria,Actinomycetota,Actinobacteria,Euzebyales,Euzebyaceae,NA,Euzebyaceae,ASV1944_Euzebyaceae
ASV1947,-1.378449705,0.536238821,-2.570589167,0.016781563,0.050229747,FALSE,TRUE,D-BSC,Bacteria,Chloroflexota,Chloroflexia,Thermomicrobiales,JG30-KF-CM45,NA,JG30-KF-CM45,ASV1947_JG30-KF-CM45
ASV196,1.375526567,0.569625433,2.414791349,0.023727927,0.066468615,FALSE,TRUE,D-BSC,Bacteria,Verrucomicrobiota,Verrucomicrobiia,Verrucomicrobiales,Rubritaleaceae,Luteolibacter,Luteolibacter,ASV196_Luteolibacter
ASV1960,-0.177676661,0.572521182,-0.310340764,0.758980853,0.865991208,FALSE,TRUE,D-BSC,Bacteria,Bacteroidota,Bacteroidia,Chitinophagales,Chitinophagaceae,Edaphobaculum,Edaphobaculum,ASV1960_Edaphobaculum
ASV1963,0.590881932,0.528449847,1.11814193,0.274574141,0.440301331,FALSE,TRUE,D-BSC,Bacteria,Myxococcota,Polyangiia,Polyangiales,Phaselicystaceae,Phaselicystis,Phaselicystis,ASV1963_Phaselicystis
ASV1971,-1.419167327,0.449649254,-3.156165203,0.00426982,0.016568391,TRUE,TRUE,D-BSC,Bacteria,Chloroflexota,Chloroflexia,Thermomicrobiales,JG30-KF-CM45,NA,JG30-KF-CM45,ASV1971_JG30-KF-CM45
ASV1975,-1.132222376,0.498349475,-2.271944556,0.032337863,0.083372545,FALSE,TRUE,D-BSC,Bacteria,Rhodothermota,Rhodothermia,Rhodothermales,Rhodothermaceae,NA,Rhodothermaceae,ASV1975_Rhodothermaceae
ASV1978,-1.502267689,0.549772352,-2.732526807,0.011606045,0.037156349,TRUE,TRUE,D-BSC,Bacteria,Planctomycetota,Planctomycetes,Isosphaerales,Isosphaeraceae,NA,Isosphaeraceae,ASV1978_Isosphaeraceae
ASV1982,-1.185504003,0.520462076,-2.277791326,0.031935762,0.082797401,FALSE,TRUE,D-BSC,Bacteria,Planctomycetota,Phycisphaerae,Tepidisphaerales,WD2101 soil group,NA,WD2101_soil_group,ASV1982_WD2101_soil_group
ASV1987,1.189248187,0.542264923,2.193112882,0.038227634,0.095399194,FALSE,TRUE,D-BSC,Bacteria,Planctomycetota,Planctomycetes,Gemmatales,Gemmataceae,Fimbriiglobus,Fimbriiglobus,ASV1987_Fimbriiglobus
ASV199,1.245203583,0.568051814,2.192059864,0.038312491,0.095399194,FALSE,TRUE,D-BSC,Bacteria,Pseudomonadota,Alphaproteobacteria,Sphingomonadales,Sphingomonadaceae,Rhizorhabdus,Rhizorhabdus,ASV199_Rhizorhabdus
ASV1993,0.832763014,0.554764138,1.501111837,0.146369467,0.278101987,FALSE,TRUE,D-BSC,Bacteria,Verrucomicrobiota,Verrucomicrobiia,Pedosphaerales,Pedosphaeraceae,Pedosphaera,Pedosphaera,ASV1993_Pedosphaera
ASV20,1.96746521,0.609530374,3.227837846,0.003590099,0.014459663,TRUE,TRUE,D-BSC,Bacteria,Abditibacteriota,Abditibacteriia,Abditibacteriales,Abditibacteriaceae,Abditibacterium,Abditibacterium,ASV20_Abditibacterium
ASV2007,0.397366416,0.631730173,0.62901288,0.535282408,0.706285889,FALSE,TRUE,D-BSC,Bacteria,Bacteroidota,Bacteroidia,Cytophagales,Hymenobacteraceae,Pontibacter,Pontibacter,ASV2007_Pontibacter
ASV201,0.058402199,0.354144897,0.164910463,0.8703956,0.938401804,FALSE,TRUE,D-BSC,Bacteria,Actinomycetota,Acidimicrobiia,Acidimicrobiales,Acidimicrobiaceae,NA,Acidimicrobiaceae,ASV201_Acidimicrobiaceae
ASV2013,-0.974403248,0.525143459,-1.85549916,0.075847841,0.164086666,FALSE,TRUE,D-BSC,Bacteria,Pseudomonadota,Alphaproteobacteria,Alphaproteobacteria Incertae Sedis,Neomegalonemataceae,Acuticoccus,Acuticoccus,ASV2013_Acuticoccus
ASV2014,-1.809769769,0.517380932,-3.497944468,0.001851755,0.008701259,TRUE,TRUE,D-BSC,Bacteria,Myxococcota,Polyangiia,Polyangiales,Polyangiaceae,NA,Polyangiaceae,ASV2014_Polyangiaceae
ASV2018,0.383369935,0.512315428,0.748308392,0.461544896,0.638275695,FALSE,TRUE,D-BSC,Bacteria,Actinomycetota,Thermoleophilia,Solirubrobacterales,Solirubrobacteraceae,NA,Solirubrobacteraceae,ASV2018_Solirubrobacteraceae
ASV202,-3.686371615,0.502973294,-7.329159735,1.43E-07,3.69E-06,TRUE,TRUE,D-BSC,Bacteria,Actinomycetota,Actinobacteria,Propionibacteriales,Propionibacteriaceae,Microlunatus,Microlunatus,ASV202_Microlunatus
ASV2023,-1.301065024,0.598511361,-2.173835135,0.039808325,0.098283831,FALSE,TRUE,D-BSC,Bacteria,Deinococcota,Deinococci,Deinococcales,Trueperaceae,Truepera,Truepera,ASV2023_Truepera
ASV2039,-0.253692766,0.521848989,-0.486142104,0.631275816,0.779286812,FALSE,TRUE,D-BSC,Bacteria,Planctomycetota,Phycisphaerae,Tepidisphaerales,WD2101 soil group,NA,WD2101_soil_group,ASV2039_WD2101_soil_group
ASV2056,-1.715004497,0.493602946,-3.474461629,0.00196241,0.008946167,TRUE,TRUE,D-BSC,Bacteria,Pseudomonadota,Alphaproteobacteria,Acetobacterales,Acetobacteraceae,NA,Acetobacteraceae,ASV2056_Acetobacteraceae
ASV206,2.390980783,0.499387308,4.787828493,7.12E-05,6.04E-04,TRUE,TRUE,D-BSC,Bacteria,Armatimonadota,Armatimonadia,Armatimonadales,Armatimonadaceae,NA,Armatimonadaceae,ASV206_Armatimonadaceae
ASV2065,-1.195232481,0.622288117,-1.920705936,0.066726407,0.148394095,FALSE,TRUE,D-BSC,Bacteria,Chloroflexota,Chloroflexia,Thermomicrobiales,JG30-KF-CM45,NA,JG30-KF-CM45,ASV2065_JG30-KF-CM45
ASV2069,-0.067853244,0.485691871,-0.139704303,0.890059419,0.946364881,FALSE,TRUE,D-BSC,Bacteria,Armatimonadota,Armatimonadia,Armatimonadales,Armatimonadaceae,NA,Armatimonadaceae,ASV2069_Armatimonadaceae
ASV207,-0.082695786,0.647376927,-0.127739779,0.899419228,0.952839279,FALSE,TRUE,D-BSC,Bacteria,Acidobacteriota,Blastocatellia,Blastocatellales,Blastocatellaceae,Blastocatella,Blastocatella,ASV207_Blastocatella
ASV2070,-1.37632088,0.490260495,-2.807325682,0.009761591,0.032678492,TRUE,TRUE,D-BSC,Bacteria,Chloroflexota,Chloroflexia,Chloroflexales,Roseiflexaceae,NA,Roseiflexaceae,ASV2070_Roseiflexaceae
ASV2073,-0.741649763,0.464037509,-1.598253911,0.123070343,0.24226009,FALSE,TRUE,D-BSC,Bacteria,Planctomycetota,Phycisphaerae,Tepidisphaerales,WD2101 soil group,NA,WD2101_soil_group,ASV2073_WD2101_soil_group
ASV2074,-0.095418191,0.586280132,-0.162751876,0.872076412,0.938663527,FALSE,TRUE,D-BSC,Bacteria,Planctomycetota,Phycisphaerae,Tepidisphaerales,WD2101 soil group,NA,WD2101_soil_group,ASV2074_WD2101_soil_group
ASV2079,-0.095572065,0.483082514,-0.197837973,0.84483796,0.918880694,FALSE,TRUE,D-BSC,Bacteria,Myxococcota,Polyangiia,Polyangiales,Phaselicystaceae,Phaselicystis,Phaselicystis,ASV2079_Phaselicystis
ASV208,2.053306247,0.78286578,2.622807511,0.014913987,0.045576309,FALSE,FALSE,D-BSC,Bacteria,Acidobacteriota,Blastocatellia,Blastocatellales,Blastocatellaceae,NA,Blastocatellaceae,ASV208_Blastocatellaceae
ASV2086,0.417288034,0.477445508,0.874001381,0.390779498,0.569235469,FALSE,TRUE,D-BSC,Bacteria,Patescibacteria,Saccharimonadia,Saccharimonadales,LWQ8,NA,LWQ8,ASV2086_LWQ8
ASV21,-1.303386718,0.414479151,-3.144637589,0.004390131,0.0165878,TRUE,TRUE,D-BSC,Bacteria,Pseudomonadota,Alphaproteobacteria,Rhodobacterales,Paracoccaceae,Rubellimicrobium,Rubellimicrobium,ASV21_Rubellimicrobium
ASV210,-0.150628376,0.948503868,-0.158806286,0.875150279,0.940813461,FALSE,TRUE,D-BSC,Bacteria,Acidobacteriota,Blastocatellia,Blastocatellales,Blastocatellaceae,Blastocatella,Blastocatella,ASV210_Blastocatella
ASV2101,-0.943410717,0.512069507,-1.842348945,0.077813225,0.167509258,FALSE,TRUE,D-BSC,Bacteria,Planctomycetota,Planctomycetes,Isosphaerales,Isosphaeraceae,Tautonia,Tautonia,ASV2101_Tautonia
ASV2103,0.295669692,0.481243758,0.61438655,0.544740866,0.711664449,FALSE,TRUE,D-BSC,Bacteria,Planctomycetota,Phycisphaerae,Tepidisphaerales,WD2101 soil group,NA,WD2101_soil_group,ASV2103_WD2101_soil_group
ASV2108,-0.376261515,0.533227903,-0.705629831,0.487211585,0.665348321,FALSE,TRUE,D-BSC,Bacteria,Actinomycetota,Acidimicrobiia,Acidimicrobiales,Acidimicrobiaceae,NA,Acidimicrobiaceae,ASV2108_Acidimicrobiaceae
ASV2112,-0.569834977,0.426537598,-1.335954859,0.194094798,0.347694286,FALSE,TRUE,D-BSC,Bacteria,Myxococcota,Polyangiia,Haliangiales,Haliangiaceae,NA,Haliangiaceae,ASV2112_Haliangiaceae
ASV212,1.157681641,0.626039064,1.8492163,0.07678142,0.1656962,FALSE,TRUE,D-BSC,Bacteria,Bacteroidota,Bacteroidia,Chitinophagales,Chitinophagaceae,Flavisolibacter,Flavisolibacter,ASV212_Flavisolibacter
ASV2122,0.164110979,0.495326048,0.331319097,0.743279096,0.856675801,FALSE,TRUE,D-BSC,Bacteria,Actinomycetota,Actinobacteria,Euzebyales,Euzebyaceae,NA,Euzebyaceae,ASV2122_Euzebyaceae
ASV2127,-0.012257741,0.479616442,-0.025557382,0.979821699,0.987414261,FALSE,TRUE,D-BSC,Bacteria,Verrucomicrobiota,Verrucomicrobiia,Chthoniobacterales,Chthoniobacteraceae,Chthoniobacter,Chthoniobacter,ASV2127_Chthoniobacter
ASV2128,-1.238255317,0.404622025,-3.060276605,0.005375335,0.01933351,TRUE,TRUE,D-BSC,Bacteria,Bacillota,Clostridia,Clostridiales,Caloramatoraceae,Fonticella,Fonticella,ASV2128_Fonticella
ASV2142,-1.152152731,0.488913153,-2.35655908,0.026945626,0.073138128,FALSE,TRUE,D-BSC,Bacteria,Planctomycetota,Planctomycetes,Pirellulales,Pirellulaceae,Pirellula,Pirellula,ASV2142_Pirellula
ASV2145,0.003068968,0.424452253,0.007230419,0.994290777,0.994290777,FALSE,TRUE,D-BSC,Bacteria,Planctomycetota,Planctomycetes,Gemmatales,Gemmataceae,Zavarzinella,Zavarzinella,ASV2145_Zavarzinella
ASV2150,-1.922800156,0.521906914,-3.684182189,0.001165472,0.005956855,TRUE,TRUE,D-BSC,Bacteria,Chloroflexota,Chloroflexia,Kallotenuales,AKIW781,NA,AKIW781,ASV2150_AKIW781
ASV2152,0.220630454,0.493905501,0.446705805,0.659092431,0.792361464,FALSE,TRUE,D-BSC,Bacteria,Patescibacteria,Saccharimonadia,Saccharimonadales,LWQ8,NA,LWQ8,ASV2152_LWQ8
ASV2155,-0.229370091,0.488826245,-0.469226219,0.643142745,0.785065306,FALSE,TRUE,D-BSC,Bacteria,Planctomycetota,Planctomycetes,Gemmatales,Gemmataceae,Gemmata,Gemmata,ASV2155_Gemmata
ASV2165,0.462986094,0.690909695,0.670110866,0.509184126,0.686769947,FALSE,TRUE,D-BSC,Bacteria,Pseudomonadota,Alphaproteobacteria,Sphingomonadales,Sphingomonadaceae,Sphingomonas,Sphingomonas,ASV2165_Sphingomonas
ASV2166,-0.947671151,0.530196837,-1.787394955,0.086510398,0.182633062,FALSE,TRUE,D-BSC,Bacteria,Planctomycetota,Planctomycetes,Gemmatales,Gemmataceae,NA,Gemmataceae,ASV2166_Gemmataceae
ASV2168,-0.629074071,0.534793562,-1.176293277,0.251013867,0.417878323,FALSE,TRUE,D-BSC,Bacteria,Acidobacteriota,Blastocatellia,Pyrinomonadales,Pyrinomonadaceae,Arenimicrobium,Arenimicrobium,ASV2168_Arenimicrobium
ASV2171,-0.323608968,0.519999697,-0.622325301,0.539596144,0.709183504,FALSE,TRUE,D-BSC,Bacteria,Bacillota,Bacilli,Bacillales,Bacillaceae,Halalkalibacter,Halalkalibacter,ASV2171_Halalkalibacter
ASV2177,-0.732970624,0.552010181,-1.327820843,0.196728744,0.351617428,FALSE,TRUE,D-BSC,Bacteria,Myxococcota,Myxococcia,Myxococcales,Myxococcaceae,NA,Myxococcaceae,ASV2177_Myxococcaceae
ASV2182,0.226296612,0.505043535,0.448073475,0.658118985,0.792317071,FALSE,TRUE,D-BSC,Bacteria,Actinomycetota,Thermoleophilia,Solirubrobacterales,67-14,NA,67-14,ASV2182_67-14
ASV2184,0.165123627,0.484424054,0.34086587,0.736170531,0.85333295,FALSE,TRUE,D-BSC,Bacteria,Pseudomonadota,Alphaproteobacteria,Sphingomonadales,Sphingomonadaceae,NA,Sphingomonadaceae,ASV2184_Sphingomonadaceae
ASV2185,-0.024244391,0.493316654,-0.049145698,0.9612099,0.976857503,FALSE,TRUE,D-BSC,Bacteria,Bdellovibrionota,Bdellovibrionia,Bdellovibrionales,Pseudobdellovibrionaceae,NA,Pseudobdellovibrionaceae,ASV2185_Pseudobdellovibrionaceae
ASV2186,-1.072991131,0.47983815,-2.236152192,0.034901494,0.089192706,FALSE,TRUE,D-BSC,Bacteria,Bacteroidota,Bacteroidia,Cytophagales,Spirosomataceae,NA,Spirosomataceae,ASV2186_Spirosomataceae
ASV2191,-0.211838027,0.403141818,-0.525467758,0.604079528,0.756995423,FALSE,TRUE,D-BSC,Bacteria,Abditibacteriota,Abditibacteriia,Abditibacteriales,Abditibacteriaceae,Abditibacterium,Abditibacterium,ASV2191_Abditibacterium
ASV2192,0.271602558,0.629625104,0.43137187,0.670048167,0.801124621,FALSE,TRUE,D-BSC,Bacteria,Verrucomicrobiota,Verrucomicrobiia,Verrucomicrobiales,Rubritaleaceae,Luteolibacter,Luteolibacter,ASV2192_Luteolibacter
ASV2196,-2.062565767,0.513981599,-4.012917524,5.10E-04,0.003052921,TRUE,TRUE,D-BSC,Bacteria,Chloroflexota,Chloroflexia,Thermomicrobiales,JG30-KF-CM45,NA,JG30-KF-CM45,ASV2196_JG30-KF-CM45
ASV2198,-2.052476938,0.446543635,-4.596363661,1.16E-04,8.81E-04,TRUE,TRUE,D-BSC,Bacteria,Actinomycetota,Acidimicrobiia,Microtrichales,Ilumatobacteraceae,NA,Ilumatobacteraceae,ASV2198_Ilumatobacteraceae
ASV22,0.523672092,0.366237525,1.429870115,0.165644189,0.305577485,FALSE,TRUE,D-BSC,Bacteria,Pseudomonadota,Alphaproteobacteria,Sphingomonadales,Sphingomonadaceae,Sphingomonas,Sphingomonas,ASV22_Sphingomonas
ASV2202,-1.861691697,0.495900205,-3.754166018,9.78E-04,0.005089361,TRUE,TRUE,D-BSC,Bacteria,Deinococcota,Deinococci,Deinococcales,Trueperaceae,Truepera,Truepera,ASV2202_Truepera
ASV2204,-1.288032859,0.507408704,-2.53845243,0.018037114,0.053078914,FALSE,FALSE,D-BSC,Bacteria,Chloroflexota,Chloroflexia,Thermomicrobiales,AKYG1722,NA,AKYG1722,ASV2204_AKYG1722
ASV2205,-0.04160934,0.468091088,-0.088891545,0.929905728,0.967544769,FALSE,TRUE,D-BSC,Bacteria,Pseudomonadota,Alphaproteobacteria,Caulobacterales,Caulobacteraceae,PMMR1,PMMR1,ASV2205_PMMR1
ASV2209,-2.606191586,0.451523243,-5.771998735,5.98E-06,7.37E-05,TRUE,TRUE,D-BSC,Bacteria,Planctomycetota,Planctomycetes,Isosphaerales,Isosphaeraceae,Tautonia,Tautonia,ASV2209_Tautonia
ASV221,-3.430589395,0.528338359,-6.493167372,1.03E-06,1.84E-05,TRUE,TRUE,D-BSC,Bacteria,Armatimonadota,Armatimonadia,Armatimonadales,Armatimonadaceae,NA,Armatimonadaceae,ASV221_Armatimonadaceae
ASV2228,0.063081164,0.506710655,0.12449149,0.901962985,0.953934332,FALSE,TRUE,D-BSC,Bacteria,Actinomycetota,Acidimicrobiia,Microtrichales,Ilumatobacteraceae,Ilumatobacter,Ilumatobacter,ASV2228_Ilumatobacter
ASV223,-2.594999171,0.736874841,-3.521628135,0.001746329,0.00834039,TRUE,TRUE,D-BSC,Bacteria,Deinococcota,Deinococci,Deinococcales,Deinococcaceae,Deinococcus,Deinococcus,ASV223_Deinococcus
ASV2241,-1.942684447,0.511940471,-3.794746766,8.84E-04,0.004709036,TRUE,TRUE,D-BSC,Bacteria,Gemmatimonadota,Gemmatimonadia,Gemmatimonadales,Gemmatimonadaceae,Roseisolibacter,Roseisolibacter,ASV2241_Roseisolibacter
ASV225,-0.759667577,0.681575923,-1.114575136,0.276069942,0.440301331,FALSE,TRUE,D-BSC,Bacteria,Acidobacteriota,Vicinamibacteria,Vicinamibacterales,Vicinamibacteraceae,NA,Vicinamibacteraceae,ASV225_Vicinamibacteraceae
ASV2255,-0.090718746,0.463086457,-0.195900235,0.846337481,0.918880694,FALSE,TRUE,D-BSC,Bacteria,Bacteroidota,Bacteroidia,Cytophagales,Cytophagaceae,Sporocytophaga,Sporocytophaga,ASV2255_Sporocytophaga
ASV226,0.13673206,0.658382161,0.207678864,0.837231912,0.914675864,FALSE,TRUE,D-BSC,Bacteria,Acidobacteriota,Blastocatellia,Blastocatellales,Blastocatellaceae,Stenotrophobacter,Stenotrophobacter,ASV226_Stenotrophobacter
ASV227,-2.747020292,0.704689256,-3.898200898,6.81E-04,0.00384117,TRUE,TRUE,D-BSC,Bacteria,Gemmatimonadota,Gemmatimonadia,Gemmatimonadales,Gemmatimonadaceae,NA,Gemmatimonadaceae,ASV227_Gemmatimonadaceae
ASV2279,-1.613217095,0.536641065,-3.006137992,0.006115863,0.021728716,TRUE,TRUE,D-BSC,Bacteria,Chloroflexota,Chloroflexia,Kallotenuales,Kallotenuaceae,Kallotenue,Kallotenue,ASV2279_Kallotenue
ASV228,-1.166405705,0.943988843,-1.235613867,0.228560691,0.39323237,FALSE,TRUE,D-BSC,Bacteria,Bacillota,Bacilli,Brevibacillales,Brevibacillaceae,Brevibacillus,Brevibacillus,ASV228_Brevibacillus
ASV229,-0.892986121,0.674838846,-1.323258325,0.198218312,0.352836669,FALSE,TRUE,D-BSC,Bacteria,Pseudomonadota,Alphaproteobacteria,Sphingomonadales,Sphingomonadaceae,Sphingomonas,Sphingomonas,ASV229_Sphingomonas
ASV23,-2.469979892,0.403645409,-6.119182417,2.54E-06,3.71E-05,TRUE,TRUE,D-BSC,Bacteria,Chloroflexota,Chloroflexia,Kallotenuales,AKIW781,NA,AKIW781,ASV23_AKIW781
ASV2302,0.343240741,0.572926135,0.59910121,0.554719042,0.720392931,FALSE,TRUE,D-BSC,Bacteria,Patescibacteria,Saccharimonadia,Saccharimonadales,LWQ8,NA,LWQ8,ASV2302_LWQ8
ASV231,-3.649269673,0.5578415,-6.541767996,9.13E-07,1.70E-05,TRUE,TRUE,D-BSC,Bacteria,Bacteroidota,Bacteroidia,Cytophagales,Spirosomataceae,NA,Spirosomataceae,ASV231_Spirosomataceae
ASV2312,-0.394099086,0.591143248,-0.666672735,0.511339967,0.688614994,FALSE,TRUE,D-BSC,Bacteria,Pseudomonadota,Alphaproteobacteria,Sphingomonadales,Sphingomonadaceae,NA,Sphingomonadaceae,ASV2312_Sphingomonadaceae
ASV232,-1.850859208,0.547356311,-3.381452212,0.00246749,0.01062358,TRUE,TRUE,D-BSC,Bacteria,Bacteroidota,Bacteroidia,Cytophagales,Spirosomataceae,Telluribacter,Telluribacter,ASV232_Telluribacter
ASV2336,-0.299144176,0.443806179,-0.674042386,0.506725129,0.684509679,FALSE,TRUE,D-BSC,Bacteria,Gemmatimonadota,Longimicrobiia,Longimicrobiales,Longimicrobiaceae,NA,Longimicrobiaceae,ASV2336_Longimicrobiaceae
ASV2343,-0.201566382,0.460962615,-0.437272731,0.665823128,0.798257084,FALSE,TRUE,D-BSC,Bacteria,Planctomycetota,Phycisphaerae,Tepidisphaerales,WD2101 soil group,NA,WD2101_soil_group,ASV2343_WD2101_soil_group
ASV235,-0.08109332,0.696846843,-0.116371798,0.908326192,0.956419913,FALSE,TRUE,D-BSC,Bacteria,Bacteroidota,Bacteroidia,Chitinophagales,Chitinophagaceae,Flavisolibacter,Flavisolibacter,ASV235_Flavisolibacter
ASV236,-1.532796232,0.650044649,-2.357986076,0.026862205,0.073138128,FALSE,TRUE,D-BSC,Bacteria,Gemmatimonadota,Gemmatimonadia,Gemmatimonadales,Gemmatimonadaceae,Gemmatimonas,Gemmatimonas,ASV236_Gemmatimonas
ASV2367,0.510361216,0.538619459,0.947535792,0.352809604,0.531702663,FALSE,TRUE,D-BSC,Bacteria,Actinomycetota,Actinobacteria,Euzebyales,Euzebyaceae,Euzebya,Euzebya,ASV2367_Euzebya
ASV237,-4.57764484,0.462272683,-9.902477497,5.95E-10,3.71E-08,TRUE,TRUE,D-BSC,Bacteria,Planctomycetota,Planctomycetes,Isosphaerales,Isosphaeraceae,NA,Isosphaeraceae,ASV237_Isosphaeraceae
ASV2370,-0.698602395,0.483836745,-1.443880406,0.16170081,0.301335838,FALSE,TRUE,D-BSC,Bacteria,Chloroflexota,Chloroflexia,Chloroflexales,Chloroflexaceae,FFCH7168,FFCH7168,ASV2370_FFCH7168
ASV2375,-0.033085158,0.468729758,-0.070584718,0.94431315,0.97446105,FALSE,TRUE,D-BSC,Bacteria,Armatimonadota,Armatimonadia,Armatimonadales,Armatimonadaceae,NA,Armatimonadaceae,ASV2375_Armatimonadaceae
ASV2377,-1.659027081,0.47690328,-3.478749571,0.001941734,0.008931977,TRUE,TRUE,D-BSC,Bacteria,Planctomycetota,Planctomycetes,Isosphaerales,Isosphaeraceae,Tundrisphaera,Tundrisphaera,ASV2377_Tundrisphaera
ASV2378,-1.182569252,0.442087719,-2.674965173,0.013244236,0.040902694,TRUE,TRUE,D-BSC,Bacteria,Planctomycetota,Planctomycetes,Pirellulales,Pirellulaceae,NA,Pirellulaceae,ASV2378_Pirellulaceae
ASV238,-3.390167469,0.631292987,-5.37019663,1.63E-05,1.81E-04,TRUE,TRUE,D-BSC,Bacteria,Chloroflexota,Chloroflexia,Kallotenuales,AKIW781,NA,AKIW781,ASV238_AKIW781
ASV239,-4.841525208,0.433925546,-11.15750214,5.55E-11,5.53E-09,TRUE,TRUE,D-BSC,Bacteria,Pseudomonadota,Alphaproteobacteria,Acetobacterales,Acetobacteraceae,NA,Acetobacteraceae,ASV239_Acetobacteraceae
ASV2391,-0.038661735,0.46078138,-0.083904725,0.933828133,0.968961392,FALSE,TRUE,D-BSC,Bacteria,Pseudomonadota,Gammaproteobacteria,Burkholderiales,TRA3-20,NA,TRA3-20,ASV2391_TRA3-20
ASV2397,-0.167854464,0.440658208,-0.380917592,0.706615437,0.830922839,FALSE,TRUE,D-BSC,Bacteria,Chloroflexota,Anaerolineae,Ardenticatenales,Ardenticatenaceae,NA,Ardenticatenaceae,ASV2397_Ardenticatenaceae
ASV2411,0.300048176,0.543577926,0.551987419,0.586060875,0.741476625,FALSE,TRUE,D-BSC,Bacteria,Pseudomonadota,Alphaproteobacteria,Caulobacterales,Caulobacteraceae,Phenylobacterium,Phenylobacterium,ASV2411_Phenylobacterium
ASV2419,0.069974407,0.450671438,0.155267011,0.877909308,0.941463479,FALSE,TRUE,D-BSC,Bacteria,Planctomycetota,Phycisphaerae,Tepidisphaerales,WD2101 soil group,NA,WD2101_soil_group,ASV2419_WD2101_soil_group
ASV2421,-0.683353394,0.49205546,-1.388773115,0.177656244,0.32280989,FALSE,TRUE,D-BSC,Bacteria,Planctomycetota,Planctomycetes,Isosphaerales,Isosphaeraceae,NA,Isosphaeraceae,ASV2421_Isosphaeraceae
ASV2422,-1.530399142,0.507632798,-3.014775931,0.005991491,0.021373728,TRUE,TRUE,D-BSC,Bacteria,Actinomycetota,Actinobacteria,Propionibacteriales,Nocardioidaceae,Nocardioides,Nocardioides,ASV2422_Nocardioides
ASV2423,-0.959190427,0.499147337,-1.921657906,0.066600671,0.148394095,FALSE,TRUE,D-BSC,Bacteria,Bacteroidota,Bacteroidia,Chitinophagales,Chitinophagaceae,Segetibacter,Segetibacter,ASV2423_Segetibacter
ASV2428,-1.416763286,0.447483865,-3.16606563,0.004169032,0.016339614,TRUE,TRUE,D-BSC,Bacteria,Myxococcota,Myxococcia,Myxococcales,Myxococcaceae,NA,Myxococcaceae,ASV2428_Myxococcaceae
ASV243,2.936734834,0.582522039,5.041414119,3.74E-05,3.72E-04,TRUE,TRUE,D-BSC,Bacteria,Bacteroidota,Bacteroidia,Chitinophagales,Chitinophagaceae,Segetibacter,Segetibacter,ASV243_Segetibacter
ASV245,-0.017943817,0.701557356,-0.02557712,0.979806119,0.987414261,FALSE,TRUE,D-BSC,Bacteria,Acidobacteriota,Blastocatellia,Pyrinomonadales,Pyrinomonadaceae,NA,Pyrinomonadaceae,ASV245_Pyrinomonadaceae
ASV2451,-0.768524813,0.541304363,-1.419764675,0.168535976,0.309454712,FALSE,TRUE,D-BSC,Bacteria,Pseudomonadota,Gammaproteobacteria,Burkholderiales,B1-7BS,NA,B1-7BS,ASV2451_B1-7BS
ASV2459,0.47138015,0.489826005,0.962342026,0.345474351,0.527875144,FALSE,TRUE,D-BSC,Bacteria,SAR324 clade(Marine group B),Incertae Sedis,Incertae Sedis,Incertae Sedis,Candidatus Nitrosoarchaeum,Candidatus_Nitrosoarchaeum,ASV2459_Candidatus_Nitrosoarchaeum
ASV2460,-2.425434414,0.513642742,-4.722026066,8.42E-05,6.72E-04,TRUE,TRUE,D-BSC,Bacteria,Pseudomonadota,Alphaproteobacteria,Acetobacterales,Acetobacteraceae,Roseicella,Roseicella,ASV2460_Roseicella
ASV2467,-0.791215688,0.512266335,-1.544539693,0.135542567,0.262731106,FALSE,TRUE,D-BSC,Bacteria,Bacteroidota,Bacteroidia,Cytophagales,MWH-CFBk5,NA,MWH-CFBk5,ASV2467_MWH-CFBk5
ASV2468,0.219834035,0.466666621,0.471072977,0.641842402,0.784573789,FALSE,TRUE,D-BSC,Bacteria,Gemmatimonadota,Longimicrobiia,Longimicrobiales,Longimicrobiaceae,NA,Longimicrobiaceae,ASV2468_Longimicrobiaceae
ASV248,-0.426259064,0.656959522,-0.648836115,0.522605126,0.695215951,FALSE,TRUE,D-BSC,Bacteria,Actinomycetota,Thermoleophilia,Solirubrobacterales,Solirubrobacteraceae,NA,Solirubrobacteraceae,ASV248_Solirubrobacteraceae
ASV249,1.05151196,0.404375876,2.60033306,0.015692603,0.047294258,FALSE,FALSE,D-BSC,Bacteria,Verrucomicrobiota,Verrucomicrobiia,Chthoniobacterales,Chthoniobacteraceae,Candidatus Udaeobacter,Candidatus_Udaeobacter,ASV249_Candidatus_Udaeobacter
ASV2494,-1.556002409,0.499544635,-3.114841598,0.004716417,0.01746673,TRUE,TRUE,D-BSC,Bacteria,Bacteroidota,Bacteroidia,Cytophagales,Spirosomataceae,NA,Spirosomataceae,ASV2494_Spirosomataceae
ASV25,0.3393245,0.335504916,1.011384582,0.321920932,0.500638602,FALSE,TRUE,D-BSC,Bacteria,Verrucomicrobiota,Verrucomicrobiia,Chthoniobacterales,Chthoniobacteraceae,Candidatus Udaeobacter,Candidatus_Udaeobacter,ASV25_Candidatus_Udaeobacter
ASV252,2.570922746,0.644736159,3.987557875,5.44E-04,0.003210968,TRUE,TRUE,D-BSC,Bacteria,Deinococcota,Deinococci,Deinococcales,Deinococcaceae,NA,Deinococcaceae,ASV252_Deinococcaceae
ASV2521,-1.435346409,0.62105901,-2.311127261,0.029728952,0.078498803,FALSE,TRUE,D-BSC,Bacteria,Chloroflexota,Chloroflexia,Kallotenuales,Kallotenuaceae,Kallotenue,Kallotenue,ASV2521_Kallotenue
ASV2524,-1.133003328,0.387965104,-2.920374324,0.007492232,0.025984963,TRUE,TRUE,D-BSC,Bacteria,Planctomycetota,Phycisphaerae,Tepidisphaerales,WD2101 soil group,NA,WD2101_soil_group,ASV2524_WD2101_soil_group
ASV2527,-1.709066208,0.553515809,-3.087655635,0.00503437,0.018410205,TRUE,TRUE,D-BSC,Bacteria,Actinomycetota,Rubrobacteria,Rubrobacterales,Rubrobacteriaceae,Rubrobacter,Rubrobacter,ASV2527_Rubrobacter
ASV253,2.091918702,0.621959295,3.36343346,0.002579012,0.010995398,TRUE,TRUE,D-BSC,Bacteria,Planctomycetota,Planctomycetes,Gemmatales,Gemmataceae,Gemmata,Gemmata,ASV253_Gemmata
ASV2533,-0.207738756,0.674731014,-0.307883811,0.760826905,0.866372242,FALSE,TRUE,D-BSC,Bacteria,Planctomycetota,Planctomycetes,Isosphaerales,Isosphaeraceae,Tautonia,Tautonia,ASV2533_Tautonia
ASV2534,-1.080090241,0.490248679,-2.203147683,0.037427469,0.094269763,FALSE,TRUE,D-BSC,Bacteria,Chloroflexota,Chloroflexia,Chloroflexales,Chloroflexaceae,Chloronema,Chloronema,ASV2534_Chloronema
ASV2546,-0.113304654,0.487056983,-0.232631208,0.818020225,0.901575884,FALSE,TRUE,D-BSC,Bacteria,Bacteroidota,Bacteroidia,Flavobacteriales,Weeksellaceae,Chryseobacterium,Chryseobacterium,ASV2546_Chryseobacterium
ASV255,-0.942296994,0.761844458,-1.236862701,0.228104873,0.393222206,FALSE,TRUE,D-BSC,Bacteria,Bacteroidota,Bacteroidia,Cytophagales,Hymenobacteraceae,Hymenobacter,Hymenobacter,ASV255_Hymenobacter
ASV2552,-1.09510167,0.564130807,-1.941219405,0.06406254,0.144305824,FALSE,TRUE,D-BSC,Bacteria,Gemmatimonadota,Gemmatimonadia,Gemmatimonadales,Gemmatimonadaceae,Roseisolibacter,Roseisolibacter,ASV2552_Roseisolibacter
ASV2553,-0.109726192,0.434008323,-0.252820478,0.802559823,0.892413849,FALSE,TRUE,D-BSC,Bacteria,Planctomycetota,Planctomycetes,Gemmatales,Gemmataceae,Gemmata,Gemmata,ASV2553_Gemmata
ASV256,-0.55860298,1.032612451,-0.540960919,0.593520567,0.747709145,FALSE,TRUE,D-BSC,Bacteria,Planctomycetota,Planctomycetes,Isosphaerales,Isosphaeraceae,Tautonia,Tautonia,ASV256_Tautonia
ASV2560,-0.966291412,0.551242371,-1.752933851,0.092380018,0.192697221,FALSE,TRUE,D-BSC,Bacteria,Pseudomonadota,Alphaproteobacteria,Tistrellales,Geminicoccaceae,NA,Geminicoccaceae,ASV2560_Geminicoccaceae
ASV2565,-1.792220851,0.428987001,-4.177797569,3.36E-04,0.002190895,TRUE,TRUE,D-BSC,Bacteria,Bdellovibrionota,Oligoflexia,Silvanigrellales,Silvanigrellaceae,NA,Silvanigrellaceae,ASV2565_Silvanigrellaceae
ASV2568,-0.017886002,0.485171506,-0.036865318,0.97089732,0.985236997,FALSE,TRUE,D-BSC,Bacteria,Actinomycetota,Acidimicrobiia,Acidimicrobiales,Acidimicrobiaceae,NA,Acidimicrobiaceae,ASV2568_Acidimicrobiaceae
ASV257,0.307667758,0.801578251,0.383827477,0.704485721,0.830922839,FALSE,TRUE,D-BSC,Bacteria,Pseudomonadota,Gammaproteobacteria,Burkholderiales,Oxalobacteraceae,Noviherbaspirillum,Noviherbaspirillum,ASV257_Noviherbaspirillum
ASV2573,-0.322229144,0.474849667,-0.678591914,0.503887899,0.681730688,FALSE,TRUE,D-BSC,Bacteria,Chloroflexota,Chloroflexia,Thermomicrobiales,JG30-KF-CM45,NA,JG30-KF-CM45,ASV2573_JG30-KF-CM45
ASV258,-4.496422216,0.504063452,-8.920349604,4.36E-09,1.90E-07,TRUE,TRUE,D-BSC,Bacteria,Pseudomonadota,Alphaproteobacteria,Acetobacterales,Acetobacteraceae,Roseomonas,Roseomonas,ASV258_Roseomonas
ASV2580,-0.243027651,0.475170393,-0.51145369,0.613707072,0.765300583,FALSE,TRUE,D-BSC,Bacteria,Chloroflexota,Chloroflexia,Kallotenuales,AKIW781,NA,AKIW781,ASV2580_AKIW781
ASV2587,-1.237274305,0.535274773,-2.311475093,0.029706678,0.078498803,FALSE,TRUE,D-BSC,Bacteria,Bacteroidota,Bacteroidia,Cytophagales,Cyclobacteriaceae,NA,Cyclobacteriaceae,ASV2587_Cyclobacteriaceae
ASV2589,0.246772404,0.59734969,0.413112132,0.683192184,0.811293433,FALSE,TRUE,D-BSC,Bacteria,Chloroflexota,Chloroflexia,Kallotenuales,AKIW781,NA,AKIW781,ASV2589_AKIW781
ASV259,-2.353560467,0.685325882,-3.434220899,0.002167194,0.009663917,TRUE,TRUE,D-BSC,Bacteria,Actinomycetota,Actinobacteria,Frankiales,Geodermatophilaceae,Geodermatophilus,Geodermatophilus,ASV259_Geodermatophilus
ASV2592,-0.131354452,0.498691324,-0.263398311,0.79449186,0.890238315,FALSE,TRUE,D-BSC,Bacteria,Actinomycetota,Thermoleophilia,Solirubrobacterales,67-14,NA,67-14,ASV2592_67-14
ASV260,-1.121710282,0.525142068,-2.136012998,0.043081859,0.104593179,FALSE,TRUE,D-BSC,Bacteria,Gemmatimonadota,Gemmatimonadia,Gemmatimonadales,Gemmatimonadaceae,Roseisolibacter,Roseisolibacter,ASV260_Roseisolibacter
ASV263,-0.169339781,0.719510352,-0.235354196,0.815930484,0.900408135,FALSE,TRUE,D-BSC,Bacteria,Planctomycetota,Planctomycetes,Isosphaerales,Isosphaeraceae,Tautonia,Tautonia,ASV263_Tautonia
ASV264,-0.083121631,0.859491737,-0.096710216,0.9237596,0.966332748,FALSE,TRUE,D-BSC,Bacteria,Gemmatimonadota,Longimicrobiia,Longimicrobiales,Longimicrobiaceae,NA,Longimicrobiaceae,ASV264_Longimicrobiaceae
ASV2642,0.264024175,0.45658331,0.578260679,0.568475131,0.727981677,FALSE,TRUE,D-BSC,Bacteria,Planctomycetota,Phycisphaerae,Tepidisphaerales,WD2101 soil group,NA,WD2101_soil_group,ASV2642_WD2101_soil_group
ASV265,-2.301821791,0.684259271,-3.363961424,0.002575676,0.010995398,TRUE,TRUE,D-BSC,Bacteria,Actinomycetota,Rubrobacteria,Rubrobacterales,Rubrobacteriaceae,Rubrobacter,Rubrobacter,ASV265_Rubrobacter
ASV2652,-0.500457901,0.507092192,-0.986916992,0.333529231,0.512438685,FALSE,TRUE,D-BSC,Bacteria,Chloroflexota,Chloroflexia,Thermomicrobiales,AKYG1722,NA,AKYG1722,ASV2652_AKYG1722
ASV266,2.962616729,0.443795984,6.675627629,6.63E-07,1.35E-05,TRUE,TRUE,D-BSC,Bacteria,Abditibacteriota,Abditibacteriia,Abditibacteriales,Abditibacteriaceae,Abditibacterium,Abditibacterium,ASV266_Abditibacterium
ASV267,4.150252956,0.450263525,9.217386546,2.36E-09,1.21E-07,TRUE,TRUE,D-BSC,Bacteria,Bacteroidota,Bacteroidia,Chitinophagales,Chitinophagaceae,Segetibacter,Segetibacter,ASV267_Segetibacter
ASV2672,-0.440111981,0.583491943,-0.754272592,0.458023015,0.635416056,FALSE,TRUE,D-BSC,Bacteria,Gemmatimonadota,Gemmatimonadia,Gemmatimonadales,Gemmatimonadaceae,Roseisolibacter,Roseisolibacter,ASV2672_Roseisolibacter
ASV2682,-1.506626184,0.599435538,-2.513408178,0.01907561,0.054977969,FALSE,FALSE,D-BSC,Bacteria,Deinococcota,Deinococci,Deinococcales,Trueperaceae,Truepera,Truepera,ASV2682_Truepera
ASV2693,0.026927039,0.509593768,0.052840204,0.958296598,0.976857503,FALSE,TRUE,D-BSC,Bacteria,Bacteroidota,Bacteroidia,Chitinophagales,Chitinophagaceae,Ilyomonas,Ilyomonas,ASV2693_Ilyomonas
ASV2694,-0.162464651,0.521132095,-0.311753302,0.757920191,0.865911433,FALSE,TRUE,D-BSC,Bacteria,Planctomycetota,Planctomycetes,Gemmatales,Gemmataceae,NA,Gemmataceae,ASV2694_Gemmataceae
ASV27,2.075220503,0.65893852,3.149338582,0.004340679,0.0165878,FALSE,FALSE,D-BSC,Bacteria,Acidobacteriota,Blastocatellia,Blastocatellales,Blastocatellaceae,Aridibacter,Aridibacter,ASV27_Aridibacter
ASV270,0.081549865,0.544507953,0.149767996,0.882199164,0.943747943,FALSE,TRUE,D-BSC,Bacteria,Bacteroidota,Bacteroidia,Cytophagales,Hymenobacteraceae,Hymenobacter,Hymenobacter,ASV270_Hymenobacter
ASV272,3.330909074,0.447662821,7.440664972,1.11E-07,2.94E-06,TRUE,TRUE,D-BSC,Bacteria,Abditibacteriota,Abditibacteriia,Abditibacteriales,Abditibacteriaceae,Abditibacterium,Abditibacterium,ASV272_Abditibacterium
ASV2720,-0.066855933,0.581117917,-0.115047104,0.909364929,0.956419913,FALSE,TRUE,D-BSC,Bacteria,Chloroflexota,Anaerolineae,Ardenticatenales,Ardenticatenaceae,NA,Ardenticatenaceae,ASV2720_Ardenticatenaceae
ASV2725,0.425058965,0.577016977,0.736648976,0.468476094,0.644800167,FALSE,TRUE,D-BSC,Bacteria,Planctomycetota,Planctomycetes,Isosphaerales,Isosphaeraceae,NA,Isosphaeraceae,ASV2725_Isosphaeraceae
ASV2728,-0.851093151,0.561046291,-1.516974917,0.142335705,0.272228792,FALSE,TRUE,D-BSC,Bacteria,Bacteroidota,Bacteroidia,Chitinophagales,Chitinophagaceae,NA,Chitinophagaceae,ASV2728_Chitinophagaceae
ASV273,-3.48341129,0.59548575,-5.84969714,4.94E-06,6.42E-05,TRUE,TRUE,D-BSC,Bacteria,Actinomycetota,Actinobacteria,Frankiales,Geodermatophilaceae,Blastococcus,Blastococcus,ASV273_Blastococcus
ASV2732,0.375422934,0.566096911,0.663177853,0.513536578,0.689115785,FALSE,TRUE,D-BSC,Bacteria,Armatimonadota,Armatimonadia,Armatimonadales,Armatimonadaceae,NA,Armatimonadaceae,ASV2732_Armatimonadaceae
ASV2735,-0.491521637,0.620908815,-0.791616458,0.436338794,0.618847547,FALSE,TRUE,D-BSC,Bacteria,Chloroflexota,Anaerolineae,Ardenticatenales,Ardenticatenaceae,NA,Ardenticatenaceae,ASV2735_Ardenticatenaceae
ASV2739,-0.575992108,0.494026934,-1.16591236,0.255106206,0.421479819,FALSE,TRUE,D-BSC,Bacteria,Patescibacteria,Saccharimonadia,Saccharimonadales,LWQ8,NA,LWQ8,ASV2739_LWQ8
ASV274,-1.793831834,0.709880885,-2.526947652,0.018507468,0.054022272,FALSE,TRUE,D-BSC,Bacteria,Actinomycetota,Actinobacteria,Micrococcales,Micrococcaceae,Kocuria,Kocuria,ASV274_Kocuria
ASV2740,-0.531313801,0.504489164,-1.053171879,0.302750541,0.475052015,FALSE,TRUE,D-BSC,Bacteria,Acidobacteriota,Blastocatellia,Blastocatellales,Blastocatellaceae,Blastocatella,Blastocatella,ASV2740_Blastocatella
ASV2742,-0.893844792,0.442076987,-2.021921109,0.054468406,0.126227071,FALSE,TRUE,D-BSC,Bacteria,Bacillota,Clostridia,Clostridiales,Clostridiaceae,NA,Clostridiaceae,ASV2742_Clostridiaceae
ASV2745,-0.623153991,0.427247122,-1.458532915,0.157657658,0.296328588,FALSE,TRUE,D-BSC,Bacteria,Myxococcota,Polyangiia,Polyangiales,Sandaracinaceae,NA,Sandaracinaceae,ASV2745_Sandaracinaceae
ASV2753,-0.042414824,0.455729163,-0.093070244,0.926620343,0.966427422,FALSE,TRUE,D-BSC,Bacteria,Gemmatimonadota,Gemmatimonadia,Gemmatimonadales,Gemmatimonadaceae,Gemmatimonas,Gemmatimonas,ASV2753_Gemmatimonas
ASV2775,-0.523884507,0.541243183,-0.967928139,0.34273394,0.524605015,FALSE,TRUE,D-BSC,Bacteria,Pseudomonadota,Alphaproteobacteria,Rhodospirillales,Magnetospirillaceae,NA,Magnetospirillaceae,ASV2775_Magnetospirillaceae
ASV28,1.939354733,0.592811166,3.27145446,0.00322895,0.013187392,FALSE,FALSE,D-BSC,Bacteria,Pseudomonadota,Alphaproteobacteria,Sphingomonadales,Sphingomonadaceae,NA,Sphingomonadaceae,ASV28_Sphingomonadaceae
ASV280,-1.747602899,0.651033311,-2.684352506,0.01296301,0.040236898,TRUE,TRUE,D-BSC,Bacteria,Bacteroidota,Bacteroidia,Cytophagales,Spirosomataceae,Nibrella,Nibrella,ASV280_Nibrella
ASV2803,0.273819515,0.470810469,0.581591815,0.566264761,0.727981677,FALSE,TRUE,D-BSC,Bacteria,Abditibacteriota,Abditibacteriia,Abditibacteriales,Abditibacteriaceae,Abditibacterium,Abditibacterium,ASV2803_Abditibacterium
ASV281,2.179055367,0.471690876,4.619668259,1.09E-04,8.37E-04,TRUE,TRUE,D-BSC,Bacteria,Actinomycetota,Actinobacteria,Frankiales,Sporichthyaceae,Sporichthya,Sporichthya,ASV281_Sporichthya
ASV2820,0.368970512,0.498267057,0.740507539,0.466175524,0.643660992,FALSE,TRUE,D-BSC,Bacteria,Gemmatimonadota,Gemmatimonadia,Gemmatimonadales,Gemmatimonadaceae,Gemmatimonas,Gemmatimonas,ASV2820_Gemmatimonas
ASV2841,-1.356595532,0.503749283,-2.692997442,0.012708998,0.039812417,TRUE,TRUE,D-BSC,Bacteria,Rhodothermota,Rhodothermia,Rhodothermales,Rhodothermaceae,NA,Rhodothermaceae,ASV2841_Rhodothermaceae
ASV287,0.572803253,0.601285107,0.9526317,0.350273261,0.530682766,FALSE,TRUE,D-BSC,Bacteria,Bacteroidota,Bacteroidia,Cytophagales,Hymenobacteraceae,Hymenobacter,Hymenobacter,ASV287_Hymenobacter
ASV288,0.860154328,0.707437206,1.21587375,0.235857592,0.400270943,FALSE,TRUE,D-BSC,Bacteria,Pseudomonadota,Alphaproteobacteria,Sphingomonadales,Sphingomonadaceae,Sphingomonas,Sphingomonas,ASV288_Sphingomonas
ASV2883,0.01682427,0.492387286,0.034168773,0.973025163,0.985427569,FALSE,TRUE,D-BSC,Bacteria,Actinomycetota,Thermoleophilia,Solirubrobacterales,Solirubrobacteraceae,Solirubrobacter,Solirubrobacter,ASV2883_Solirubrobacter
ASV289,-0.163907348,0.628194652,-0.260918089,0.796381523,0.891213126,FALSE,TRUE,D-BSC,Bacteria,Pseudomonadota,Alphaproteobacteria,Sphingomonadales,Sphingomonadaceae,MN 122.2a,MN_122.2a,ASV289_MN_122.2a
ASV2899,0.186472065,0.489193,0.38118302,0.706421072,0.830922839,FALSE,TRUE,D-BSC,Bacteria,Acidobacteriota,Vicinamibacteria,Vicinamibacterales,Vicinamibacteraceae,NA,Vicinamibacteraceae,ASV2899_Vicinamibacteraceae
ASV29,0.026186882,0.371295957,0.070528326,0.944357562,0.97446105,FALSE,TRUE,D-BSC,Bacteria,Pseudomonadota,Alphaproteobacteria,Rhodobacterales,Paracoccaceae,Rubellimicrobium,Rubellimicrobium,ASV29_Rubellimicrobium
ASV292,-1.001750607,0.706210777,-1.418486717,0.168904531,0.309481258,FALSE,TRUE,D-BSC,Bacteria,Acidobacteriota,Blastocatellia,Pyrinomonadales,Pyrinomonadaceae,NA,Pyrinomonadaceae,ASV292_Pyrinomonadaceae
ASV293,-0.793952249,0.722081818,-1.099532255,0.282443448,0.449645853,FALSE,TRUE,D-BSC,Bacteria,Actinomycetota,Actinobacteria,Kineosporiales,Kineosporiaceae,Thalassiella,Thalassiella,ASV293_Thalassiella
ASV2941,-0.302417992,0.50834753,-0.594904026,0.557475487,0.722891612,FALSE,TRUE,D-BSC,Bacteria,Planctomycetota,Phycisphaerae,Tepidisphaerales,WD2101 soil group,NA,WD2101_soil_group,ASV2941_WD2101_soil_group
ASV2955,-0.029751595,0.466917079,-0.063719227,0.949721543,0.97653721,FALSE,TRUE,D-BSC,Bacteria,Armatimonadota,Armatimonadia,Armatimonadales,Armatimonadaceae,NA,Armatimonadaceae,ASV2955_Armatimonadaceae
ASV2957,0.260384961,0.53871833,0.483341566,0.633233611,0.780601095,FALSE,TRUE,D-BSC,Bacteria,Abditibacteriota,Abditibacteriia,Abditibacteriales,Abditibacteriaceae,Abditibacterium,Abditibacterium,ASV2957_Abditibacterium
ASV296,2.853016822,0.640664134,4.453217637,1.67E-04,0.001195149,TRUE,TRUE,D-BSC,Bacteria,Pseudomonadota,Alphaproteobacteria,Hyphomicrobiales,Devosiaceae,Devosia,Devosia,ASV296_Devosia
ASV298,-3.23806961,0.554075962,-5.844089679,5.01E-06,6.42E-05,TRUE,TRUE,D-BSC,Bacteria,Pseudomonadota,Alphaproteobacteria,Acetobacterales,Acetobacteraceae,NA,Acetobacteraceae,ASV298_Acetobacteraceae
ASV2993,-0.45825123,0.483661589,-0.947462524,0.352846161,0.531702663,FALSE,TRUE,D-BSC,Bacteria,Patescibacteria,Saccharimonadia,Saccharimonadales,LWQ8,NA,LWQ8,ASV2993_LWQ8
ASV3012,-1.82432616,0.459209131,-3.972756715,5.64E-04,0.003310893,TRUE,TRUE,D-BSC,Bacteria,Pseudomonadota,Alphaproteobacteria,Acetobacterales,Acetobacteraceae,Craurococcus,Craurococcus,ASV3012_Craurococcus
ASV302,-4.331977763,0.388729444,-11.14394042,5.69E-11,5.53E-09,TRUE,TRUE,D-BSC,Bacteria,Deinococcota,Deinococci,Deinococcales,Trueperaceae,Truepera,Truepera,ASV302_Truepera
ASV303,-0.500003387,0.594214457,-0.841452747,0.408400691,0.589987114,FALSE,TRUE,D-BSC,Bacteria,Planctomycetota,Phycisphaerae,Tepidisphaerales,WD2101 soil group,NA,WD2101_soil_group,ASV303_WD2101_soil_group
ASV305,0.580409773,0.720609464,0.805442895,0.428472389,0.611903379,FALSE,TRUE,D-BSC,Bacteria,Actinomycetota,Thermoleophilia,Solirubrobacterales,Solirubrobacteraceae,Solirubrobacter,Solirubrobacter,ASV305_Solirubrobacter
ASV3066,-0.809903855,0.471158078,-1.718964172,0.098495403,0.203992848,FALSE,TRUE,D-BSC,Bacteria,Chloroflexota,Chloroflexia,Kallotenuales,AKIW781,NA,AKIW781,ASV3066_AKIW781
ASV307,-0.784217163,0.327939328,-2.391348327,0.024978204,0.069085286,FALSE,TRUE,D-BSC,Bacteria,Pseudomonadota,Gammaproteobacteria,Burkholderiales,Burkholderiaceae,Lautropia,Lautropia,ASV307_Lautropia
ASV3071,-1.57427812,0.513663609,-3.064803682,0.005317467,0.019284094,TRUE,TRUE,D-BSC,Bacteria,Pseudomonadota,Alphaproteobacteria,Azospirillales,Azospirillaceae,Skermanella,Skermanella,ASV3071_Skermanella
ASV309,0.045045514,0.533512396,0.084431992,0.933413326,0.968961392,FALSE,TRUE,D-BSC,Bacteria,Bacteroidota,Bacteroidia,Chitinophagales,Chitinophagaceae,Cnuella,Cnuella,ASV309_Cnuella
ASV3093,0.566237318,0.517036537,1.095159197,0.284316021,0.450984034,FALSE,TRUE,D-BSC,Bacteria,Pseudomonadota,Alphaproteobacteria,Caulobacterales,Caulobacteraceae,Phenylobacterium,Phenylobacterium,ASV3093_Phenylobacterium
ASV3104,-0.351471244,0.581543452,-0.604376583,0.55126459,0.7169721,FALSE,TRUE,D-BSC,Bacteria,Pseudomonadota,Gammaproteobacteria,Burkholderiales,Rhodocyclaceae,NA,Rhodocyclaceae,ASV3104_Rhodocyclaceae
ASV312,-0.855391211,0.693516195,-1.233412021,0.229366035,0.393737258,FALSE,TRUE,D-BSC,Bacteria,Actinomycetota,Actinobacteria,Propionibacteriales,Nocardioidaceae,Nocardioides,Nocardioides,ASV312_Nocardioides
ASV314,-0.625277208,0.733840895,-0.852061001,0.402603,0.582574539,FALSE,TRUE,D-BSC,Bacteria,Pseudomonadota,Alphaproteobacteria,Sphingomonadales,Sphingomonadaceae,Sphingomonas,Sphingomonas,ASV314_Sphingomonas
ASV315,0.171666716,0.531425957,0.323030355,0.749469886,0.861890369,FALSE,TRUE,D-BSC,Bacteria,Acidobacteriota,Blastocatellia,Blastocatellales,Blastocatellaceae,JGI 0001001-H03,JGI_0001001-H03,ASV315_JGI_0001001-H03
ASV3150,0.951593918,0.510410901,1.864368326,0.074546728,0.16167206,FALSE,TRUE,D-BSC,Bacteria,SAR324 clade(Marine group B),Incertae Sedis,Incertae Sedis,Incertae Sedis,Candidatus Nitrosoarchaeum,Candidatus_Nitrosoarchaeum,ASV3150_Candidatus_Nitrosoarchaeum
ASV316,0.493511765,0.755192314,0.65349151,0.519651869,0.693386468,FALSE,TRUE,D-BSC,Bacteria,Pseudomonadota,Alphaproteobacteria,Caulobacterales,Caulobacteraceae,PMMR1,PMMR1,ASV316_PMMR1
ASV3167,-0.623153991,0.401495321,-1.552082822,0.133730711,0.260894289,FALSE,TRUE,D-BSC,Bacteria,Chloroflexota,Chloroflexia,Chloroflexales,Chloroflexaceae,FFCH7168,FFCH7168,ASV3167_FFCH7168
ASV317,1.390123066,0.588540728,2.361982781,0.026629821,0.072960701,FALSE,TRUE,D-BSC,Bacteria,Actinomycetota,Actinobacteria,Euzebyales,Euzebyaceae,NA,Euzebyaceae,ASV317_Euzebyaceae
ASV3170,-0.734395096,0.595930493,-1.232350255,0.229755151,0.393737258,FALSE,TRUE,D-BSC,Bacteria,Actinomycetota,Actinobacteria,Propionibacteriales,Nocardioidaceae,Marmoricola,Marmoricola,ASV3170_Marmoricola
ASV318,-1.888358429,0.569830517,-3.313894872,0.002911432,0.012175079,TRUE,TRUE,D-BSC,Bacteria,Planctomycetota,Planctomycetes,Gemmatales,Gemmataceae,Gemmata,Gemmata,ASV318_Gemmata
ASV319,-1.167095321,0.652557452,-1.788494358,0.086328531,0.182633062,FALSE,TRUE,D-BSC,Bacteria,Bacteroidota,Bacteroidia,Cytophagales,Hymenobacteraceae,Hymenobacter,Hymenobacter,ASV319_Hymenobacter
ASV320,3.040947419,0.456757254,6.657688289,6.92E-07,1.37E-05,TRUE,TRUE,D-BSC,Bacteria,Actinomycetota,Thermoleophilia,Solirubrobacterales,Solirubrobacteraceae,Solirubrobacter,Solirubrobacter,ASV320_Solirubrobacter
ASV3202,-0.867838513,0.489195764,-1.774010685,0.088750967,0.186015215,FALSE,TRUE,D-BSC,Bacteria,Gemmatimonadota,Gemmatimonadia,Gemmatimonadales,Gemmatimonadaceae,NA,Gemmatimonadaceae,ASV3202_Gemmatimonadaceae
ASV3209,0.072201144,0.507280316,0.142329875,0.888007571,0.945333273,FALSE,TRUE,D-BSC,Bacteria,Gemmatimonadota,Longimicrobiia,Longimicrobiales,Longimicrobiaceae,NA,Longimicrobiaceae,ASV3209_Longimicrobiaceae
ASV3242,-0.033354591,0.455130913,-0.073285707,0.942186138,0.97446105,FALSE,TRUE,D-BSC,Bacteria,Gemmatimonadota,Gemmatimonadia,Gemmatimonadales,Gemmatimonadaceae,Gemmatimonas,Gemmatimonas,ASV3242_Gemmatimonas
ASV3248,-1.310975245,0.476457988,-2.751502293,0.011109241,0.035828328,TRUE,TRUE,D-BSC,Bacteria,Planctomycetota,Planctomycetes,Isosphaerales,Isosphaeraceae,NA,Isosphaeraceae,ASV3248_Isosphaeraceae
ASV325,-0.015606351,0.674559921,-0.023135603,0.981733391,0.987414261,FALSE,TRUE,D-BSC,Bacteria,Pseudomonadota,Alphaproteobacteria,Sphingomonadales,Sphingomonadaceae,NA,Sphingomonadaceae,ASV325_Sphingomonadaceae
ASV3252,0.474881651,0.49649985,0.956458802,0.348376536,0.529532334,FALSE,TRUE,D-BSC,Bacteria,Planctomycetota,Planctomycetes,Gemmatales,Gemmataceae,NA,Gemmataceae,ASV3252_Gemmataceae
ASV326,0.581129122,0.493991306,1.176395446,0.250973834,0.417878323,FALSE,TRUE,D-BSC,Bacteria,Verrucomicrobiota,Verrucomicrobiia,Chthoniobacterales,Chthoniobacteraceae,Chthoniobacter,Chthoniobacter,ASV326_Chthoniobacter
ASV327,-0.317227652,0.819516226,-0.387091361,0.702099846,0.829236845,FALSE,TRUE,D-BSC,Bacteria,Actinomycetota,Actinobacteria,Kitasatosporales,Streptomycetaceae,NA,Streptomycetaceae,ASV327_Streptomycetaceae
ASV329,0.384751533,0.711621256,0.540668972,0.593718703,0.747709145,FALSE,TRUE,D-BSC,Bacteria,Gemmatimonadota,Gemmatimonadia,Gemmatimonadales,Gemmatimonadaceae,Gemmatimonas,Gemmatimonas,ASV329_Gemmatimonas
ASV330,-2.740489208,0.600155956,-4.566295112,1.25E-04,9.43E-04,TRUE,TRUE,D-BSC,Bacteria,Chloroflexota,Chloroflexia,Kallotenuales,AKIW781,NA,AKIW781,ASV330_AKIW781
ASV332,-0.163652181,0.730618646,-0.223991246,0.82465995,0.906291666,FALSE,TRUE,D-BSC,Bacteria,Planctomycetota,Phycisphaerae,Tepidisphaerales,WD2101 soil group,NA,WD2101_soil_group,ASV332_WD2101_soil_group
ASV333,-2.790783232,0.627275574,-4.449054525,1.69E-04,0.001198053,TRUE,TRUE,D-BSC,Bacteria,Planctomycetota,Phycisphaerae,Tepidisphaerales,WD2101 soil group,NA,WD2101_soil_group,ASV333_WD2101_soil_group
ASV334,-0.199199331,0.395524153,-0.503633796,0.619110384,0.769704801,FALSE,TRUE,D-BSC,Bacteria,Myxococcota,Polyangiia,Polyangiales,Phaselicystaceae,Phaselicystis,Phaselicystis,ASV334_Phaselicystis
ASV335,-3.134495053,0.644954175,-4.860027543,5.93E-05,5.23E-04,TRUE,TRUE,D-BSC,Bacteria,Pseudomonadota,Alphaproteobacteria,Acetobacterales,Acetobacteraceae,Rubritepida,Rubritepida,ASV335_Rubritepida
ASV336,1.157956178,0.642875427,1.801213936,0.084248185,0.180031573,FALSE,TRUE,D-BSC,Bacteria,Chloroflexota,Chloroflexia,Thermomicrobiales,JG30-KF-CM45,NA,JG30-KF-CM45,ASV336_JG30-KF-CM45
ASV337,-2.514159978,0.588331208,-4.273375176,2.64E-04,0.001758259,TRUE,TRUE,D-BSC,Bacteria,Pseudomonadota,Alphaproteobacteria,Sphingomonadales,Sphingomonadaceae,Sandaracinobacter,Sandaracinobacter,ASV337_Sandaracinobacter
ASV339,-2.68720629,0.696865002,-3.8561361,7.57E-04,0.00418916,TRUE,TRUE,D-BSC,Bacteria,Actinomycetota,Actinobacteria,Micrococcales,Intrasporangiaceae,Ornithinimicrobium,Ornithinimicrobium,ASV339_Ornithinimicrobium
ASV3394,0.103549864,0.516547568,0.200465302,0.842805753,0.918469112,FALSE,TRUE,D-BSC,Bacteria,Patescibacteria,Saccharimonadia,Saccharimonadales,LWQ8,NA,LWQ8,ASV3394_LWQ8
ASV3399,0.045557173,0.498146959,0.09145328,0.927891481,0.966599707,FALSE,TRUE,D-BSC,Bacteria,Pseudomonadota,Alphaproteobacteria,Rickettsiales,Rickettsiaceae,Candidatus Cryptoprodotis,Candidatus_Cryptoprodotis,ASV3399_Candidatus_Cryptoprodotis
ASV34,-1.303364605,0.383594067,-3.397770502,0.002370548,0.010382747,TRUE,TRUE,D-BSC,Bacteria,Pseudomonadota,Alphaproteobacteria,Hyphomicrobiales,Beijerinckiaceae,Microvirga,Microvirga,ASV34_Microvirga
ASV340,-0.010419716,0.424186428,-0.024564002,0.980605835,0.987414261,FALSE,TRUE,D-BSC,Bacteria,Abditibacteriota,Abditibacteriia,Abditibacteriales,Abditibacteriaceae,Abditibacterium,Abditibacterium,ASV340_Abditibacterium
ASV3400,-0.899310423,0.522712571,-1.720468329,0.098217514,0.203900491,FALSE,TRUE,D-BSC,Bacteria,Patescibacteria,Saccharimonadia,Saccharimonadales,LWQ8,NA,LWQ8,ASV3400_LWQ8
ASV343,2.55746511,0.54513886,4.691401214,9.10E-05,7.10E-04,TRUE,TRUE,D-BSC,Bacteria,Abditibacteriota,Abditibacteriia,Abditibacteriales,Abditibacteriaceae,Abditibacterium,Abditibacterium,ASV343_Abditibacterium
ASV3443,-0.733737657,0.521797753,-1.406172511,0.172488897,0.314073533,FALSE,TRUE,D-BSC,Bacteria,Bdellovibrionota,Bdellovibrionia,Bdellovibrionales,Pseudobdellovibrionaceae,NA,Pseudobdellovibrionaceae,ASV3443_Pseudobdellovibrionaceae
ASV345,0.833418503,0.636907351,1.30853962,0.20308348,0.35713272,FALSE,TRUE,D-BSC,Bacteria,Pseudomonadota,Alphaproteobacteria,Rhodobacterales,Paracoccaceae,Rubellimicrobium,Rubellimicrobium,ASV345_Rubellimicrobium
ASV348,-0.530023744,0.461913412,-1.147452598,0.262504829,0.424165218,FALSE,TRUE,D-BSC,Bacteria,Bacteroidota,Bacteroidia,Chitinophagales,Chitinophagaceae,Flavisolibacter,Flavisolibacter,ASV348_Flavisolibacter
ASV349,2.100222073,0.525793792,3.99438355,5.34E-04,0.003177546,TRUE,TRUE,D-BSC,Bacteria,Actinomycetota,Thermoleophilia,Solirubrobacterales,67-14,NA,67-14,ASV349_67-14
ASV3495,-0.286075019,0.373684868,-0.765551522,0.451406777,0.627232946,FALSE,TRUE,D-BSC,Bacteria,Pseudomonadota,Alphaproteobacteria,Hyphomicrobiales,Xanthobacteraceae,NA,Xanthobacteraceae,ASV3495_Xanthobacteraceae
ASV3510,0.241894785,0.467800136,0.517090026,0.6098263,0.762500982,FALSE,TRUE,D-BSC,Bacteria,Gemmatimonadota,Gemmatimonadia,Gemmatimonadales,Gemmatimonadaceae,Gemmatimonas,Gemmatimonas,ASV3510_Gemmatimonas
ASV353,-4.543629771,0.491812587,-9.238539008,2.26E-09,1.21E-07,TRUE,TRUE,D-BSC,Bacteria,Pseudomonadota,Alphaproteobacteria,Azospirillales,Azospirillaceae,Skermanella,Skermanella,ASV353_Skermanella
ASV354,-3.215820477,0.50258862,-6.398514316,1.29E-06,2.21E-05,TRUE,TRUE,D-BSC,Bacteria,Chloroflexota,Chloroflexia,Thermomicrobiales,JG30-KF-CM45,NA,JG30-KF-CM45,ASV354_JG30-KF-CM45
ASV355,2.088719263,0.617108057,3.384689667,0.002447956,0.010598794,TRUE,TRUE,D-BSC,Bacteria,Abditibacteriota,Abditibacteriia,Abditibacteriales,Abditibacteriaceae,Abditibacterium,Abditibacterium,ASV355_Abditibacterium
ASV3558,-0.094449081,0.444952909,-0.212267588,0.833690753,0.911947081,FALSE,TRUE,D-BSC,Bacteria,Patescibacteria,Saccharimonadia,Saccharimonadales,LWQ8,NA,LWQ8,ASV3558_LWQ8
ASV3566,-0.218448983,0.530441443,-0.411824879,0.684122723,0.811293433,FALSE,TRUE,D-BSC,Bacteria,Planctomycetota,Phycisphaerae,Tepidisphaerales,WD2101 soil group,NA,WD2101_soil_group,ASV3566_WD2101_soil_group
ASV357,-0.556937243,0.605998858,-0.919040087,0.367219645,0.545833282,FALSE,TRUE,D-BSC,Bacteria,Bacteroidota,Bacteroidia,Chitinophagales,Chitinophagaceae,Flavisolibacter,Flavisolibacter,ASV357_Flavisolibacter
ASV3570,-0.531346183,0.57630158,-0.921993278,0.365708354,0.544512949,FALSE,TRUE,D-BSC,Bacteria,Pseudomonadota,Gammaproteobacteria,Burkholderiales,Oxalobacteraceae,Massilia,Massilia,ASV3570_Massilia
ASV36,1.258549716,0.375095086,3.355281801,0.002631058,0.01116284,FALSE,FALSE,D-BSC,Bacteria,Pseudomonadota,Alphaproteobacteria,Sphingomonadales,Sphingomonadaceae,Ellin6055,Ellin6055,ASV36_Ellin6055
ASV3604,-0.432007326,0.458301991,-0.942625897,0.355265024,0.534426215,FALSE,TRUE,D-BSC,Bacteria,Myxococcota,Polyangiia,Polyangiales,BIrii41,NA,BIrii41,ASV3604_BIrii41
ASV3606,0.305748789,0.527356434,0.579776352,0.567468865,0.727981677,FALSE,TRUE,D-BSC,Bacteria,Planctomycetota,Planctomycetes,Gemmatales,Gemmataceae,NA,Gemmataceae,ASV3606_Gemmataceae
ASV361,-2.038017427,0.75237763,-2.708769301,0.012257597,0.038675594,TRUE,TRUE,D-BSC,Bacteria,Chloroflexota,Chloroflexia,Chloroflexales,Chloroflexaceae,NA,Chloroflexaceae,ASV361_Chloroflexaceae
ASV363,2.555556485,0.508971348,5.02102229,3.94E-05,3.87E-04,TRUE,TRUE,D-BSC,Bacteria,Pseudomonadota,Alphaproteobacteria,Sphingomonadales,Sphingomonadaceae,Sphingomonas,Sphingomonas,ASV363_Sphingomonas
ASV364,-0.884824529,0.678500923,-1.304087436,0.204573198,0.359030071,FALSE,TRUE,D-BSC,Bacteria,Acidobacteriota,Blastocatellia,Blastocatellales,Blastocatellaceae,Aridibacter,Aridibacter,ASV364_Aridibacter
ASV366,-2.916114753,0.574846441,-5.072858672,3.46E-05,3.47E-04,TRUE,TRUE,D-BSC,Bacteria,Bacteroidota,Bacteroidia,Cytophagales,Cytophagaceae,Rhodocytophaga,Rhodocytophaga,ASV366_Rhodocytophaga
ASV367,-1.295446882,0.79088506,-1.637971113,0.114473688,0.229472484,FALSE,TRUE,D-BSC,Bacteria,Acidobacteriota,Acidobacteriae,Bryobacterales,Bryobacteraceae,Bryobacter,Bryobacter,ASV367_Bryobacter
ASV37,1.809700999,0.693979024,2.607717147,0.015432686,0.04667186,FALSE,FALSE,D-BSC,Bacteria,Acidobacteriota,Blastocatellia,Blastocatellales,Blastocatellaceae,Blastocatella,Blastocatella,ASV37_Blastocatella
ASV3706,-0.412320143,0.520413268,-0.792293679,0.435951445,0.618847547,FALSE,TRUE,D-BSC,Bacteria,Deinococcota,Deinococci,Deinococcales,Trueperaceae,Truepera,Truepera,ASV3706_Truepera
ASV3707,0.229694398,0.512674841,0.448031343,0.658148963,0.792317071,FALSE,TRUE,D-BSC,Bacteria,Planctomycetota,Planctomycetes,Gemmatales,Gemmataceae,NA,Gemmataceae,ASV3707_Gemmataceae
ASV372,1.1975535,0.540898797,2.214006589,0.036578685,0.092398182,FALSE,TRUE,D-BSC,Bacteria,Bacteroidota,Bacteroidia,Chitinophagales,Chitinophagaceae,NA,Chitinophagaceae,ASV372_Chitinophagaceae
ASV373,-0.91905398,0.560932083,-1.638440747,0.114375119,0.229472484,FALSE,TRUE,D-BSC,Bacteria,Bacteroidota,Bacteroidia,Cytophagales,Spirosomataceae,Spirosoma,Spirosoma,ASV373_Spirosoma
ASV3749,-0.004757269,0.48692078,-0.009770108,0.992285467,0.993422106,FALSE,TRUE,D-BSC,Bacteria,Armatimonadota,Armatimonadia,Armatimonadales,Armatimonadaceae,NA,Armatimonadaceae,ASV3749_Armatimonadaceae
ASV375,-2.524561094,0.63820168,-3.955741852,5.89E-04,0.003433155,TRUE,TRUE,D-BSC,Bacteria,Pseudomonadota,Alphaproteobacteria,Rhodobacterales,Paracoccaceae,NA,Paracoccaceae,ASV375_Paracoccaceae
ASV376,-0.781953024,0.620246421,-1.260713481,0.219531165,0.380694916,FALSE,TRUE,D-BSC,Bacteria,Planctomycetota,Phycisphaerae,Tepidisphaerales,WD2101 soil group,NA,WD2101_soil_group,ASV376_WD2101_soil_group
ASV379,-1.346074682,0.829194847,-1.623351481,0.117577825,0.233263932,FALSE,TRUE,D-BSC,Bacteria,Planctomycetota,Planctomycetes,Isosphaerales,Isosphaeraceae,Tundrisphaera,Tundrisphaera,ASV379_Tundrisphaera
ASV382,-0.51681467,0.673531176,-0.76732108,0.450373992,0.626794378,FALSE,TRUE,D-BSC,Bacteria,Chloroflexota,Anaerolineae,Caldilineales,Caldilineaceae,Litorilinea,Litorilinea,ASV382_Litorilinea
ASV384,0.017421733,0.754350656,0.023095007,0.981765438,0.987414261,FALSE,TRUE,D-BSC,Bacteria,Acidobacteriota,Blastocatellia,Blastocatellales,Blastocatellaceae,Aridibacter,Aridibacter,ASV384_Aridibacter
ASV3849,0.282805391,0.536165803,0.527458837,0.602717544,0.756860824,FALSE,TRUE,D-BSC,Bacteria,Patescibacteria,Saccharimonadia,Saccharimonadales,LWQ8,NA,LWQ8,ASV3849_LWQ8
ASV385,-1.420351871,0.726472066,-1.95513625,0.062308876,0.141082792,FALSE,TRUE,D-BSC,Bacteria,Pseudomonadota,Alphaproteobacteria,Sphingomonadales,Sphingomonadaceae,Sphingoaurantiacus,Sphingoaurantiacus,ASV385_Sphingoaurantiacus
ASV386,2.474253757,0.519201135,4.765501439,7.54E-05,6.34E-04,TRUE,TRUE,D-BSC,Bacteria,Bacteroidota,Bacteroidia,Chitinophagales,Chitinophagaceae,Segetibacter,Segetibacter,ASV386_Segetibacter
ASV39,-2.072787214,0.42606853,-4.864915075,5.86E-05,5.23E-04,TRUE,TRUE,D-BSC,Bacteria,Actinomycetota,Actinobacteria,Frankiales,Geodermatophilaceae,Geodermatophilus,Geodermatophilus,ASV39_Geodermatophilus
ASV390,-0.515536461,0.662256791,-0.778454019,0.443909091,0.621757285,FALSE,TRUE,D-BSC,Bacteria,Pseudomonadota,Alphaproteobacteria,Tistrellales,Geminicoccaceae,Candidatus Alysiosphaera,Candidatus_Alysiosphaera,ASV390_Candidatus_Alysiosphaera
ASV391,-4.365844755,0.662700528,-6.587960282,8.18E-07,1.55E-05,TRUE,TRUE,D-BSC,Bacteria,Chloroflexota,Chloroflexia,Kallotenuales,AKIW781,NA,AKIW781,ASV391_AKIW781
ASV394,3.217718151,0.50528049,6.368182057,1.39E-06,2.29E-05,TRUE,TRUE,D-BSC,Bacteria,Bacteroidota,Bacteroidia,Chitinophagales,Chitinophagaceae,Segetibacter,Segetibacter,ASV394_Segetibacter
ASV395,0.158326564,0.641904872,0.246651133,0.807275747,0.895116872,FALSE,TRUE,D-BSC,Bacteria,Chloroflexota,Chloroflexia,Chloroflexales,Herpetosiphonaceae,Herpetosiphon,Herpetosiphon,ASV395_Herpetosiphon
ASV396,-2.420520941,0.512097371,-4.726681048,8.32E-05,6.72E-04,TRUE,TRUE,D-BSC,Bacteria,Deinococcota,Deinococci,Deinococcales,Deinococcaceae,Deinococcus,Deinococcus,ASV396_Deinococcus
ASV398,0.358469253,0.649701433,0.551744592,0.586224654,0.741476625,FALSE,TRUE,D-BSC,Bacteria,Pseudomonadota,Alphaproteobacteria,Rhodobacterales,Paracoccaceae,Rubellimicrobium,Rubellimicrobium,ASV398_Rubellimicrobium
ASV4,-0.307825439,0.349776607,-0.880062968,0.387552879,0.566506465,FALSE,TRUE,D-BSC,Bacteria,Pseudomonadota,Gammaproteobacteria,Burkholderiales,Comamonadaceae,Ramlibacter,Ramlibacter,ASV4_Ramlibacter
ASV400,-2.83558421,0.58696258,-4.830945455,6.38E-05,5.58E-04,TRUE,TRUE,D-BSC,Bacteria,Chloroflexota,Chloroflexia,Thermomicrobiales,JG30-KF-CM45,NA,JG30-KF-CM45,ASV400_JG30-KF-CM45
ASV401,2.769774163,0.629679953,4.398701512,1.92E-04,0.001329331,TRUE,TRUE,D-BSC,Bacteria,Bacteroidota,Bacteroidia,Chitinophagales,Chitinophagaceae,Segetibacter,Segetibacter,ASV401_Segetibacter
ASV402,-4.073103095,0.485089191,-8.396606579,1.33E-08,5.11E-07,TRUE,TRUE,D-BSC,Bacteria,Pseudomonadota,Alphaproteobacteria,Rhodobacterales,Paracoccaceae,Oceanicella,Oceanicella,ASV402_Oceanicella
ASV407,1.489478936,0.69597467,2.140133828,0.042713808,0.103988491,FALSE,TRUE,D-BSC,Bacteria,Gemmatimonadota,Gemmatimonadia,Gemmatimonadales,Gemmatimonadaceae,Gemmatimonas,Gemmatimonas,ASV407_Gemmatimonas
ASV408,-0.491267764,0.523070417,-0.939200053,0.356985053,0.535550571,FALSE,TRUE,D-BSC,Bacteria,Bacteroidota,Bacteroidia,Chitinophagales,Chitinophagaceae,Segetibacter,Segetibacter,ASV408_Segetibacter
ASV41,3.338323626,0.438412349,7.614574794,7.48E-08,2.11E-06,TRUE,TRUE,D-BSC,Bacteria,Abditibacteriota,Abditibacteriia,Abditibacteriales,Abditibacteriaceae,Abditibacterium,Abditibacterium,ASV41_Abditibacterium
ASV410,-3.643872637,0.574735624,-6.340084872,1.49E-06,2.40E-05,TRUE,TRUE,D-BSC,Bacteria,Bacteroidota,Bacteroidia,Cytophagales,Cytophagaceae,Rhodocytophaga,Rhodocytophaga,ASV410_Rhodocytophaga
ASV411,-1.298267513,0.413585068,-3.139057995,0.00444953,0.016619186,TRUE,TRUE,D-BSC,Bacteria,Chloroflexota,Chloroflexia,Kallotenuales,AKIW781,NA,AKIW781,ASV411_AKIW781
ASV4110,-0.122758357,0.505599113,-0.242797809,0.810225073,0.895242368,FALSE,TRUE,D-BSC,Bacteria,Pseudomonadota,Gammaproteobacteria,Rickettsiellales,Rickettsiellaceae,NA,Rickettsiellaceae,ASV4110_Rickettsiellaceae
ASV412,-2.357203985,0.679665766,-3.46818113,0.001993081,0.009025661,TRUE,TRUE,D-BSC,Bacteria,Gemmatimonadota,Gemmatimonadia,Gemmatimonadales,Gemmatimonadaceae,Roseisolibacter,Roseisolibacter,ASV412_Roseisolibacter
ASV4123,-0.40905602,0.543786516,-0.752236417,0.459223578,0.636071961,FALSE,TRUE,D-BSC,Bacteria,Pseudomonadota,Alphaproteobacteria,Rhodospirillales,Magnetospirillaceae,Magnetospirillum,Magnetospirillum,ASV4123_Magnetospirillum
ASV413,1.748789168,0.695794489,2.513370248,0.019077224,0.054977969,FALSE,TRUE,D-BSC,Bacteria,Verrucomicrobiota,Verrucomicrobiia,Chthoniobacterales,Chthoniobacteraceae,Chthoniobacter,Chthoniobacter,ASV413_Chthoniobacter
ASV414,-3.952992122,0.579613444,-6.820049053,4.71E-07,1.00E-05,TRUE,TRUE,D-BSC,Bacteria,Actinomycetota,Actinobacteria,Pseudonocardiales,Pseudonocardiaceae,Pseudonocardia,Pseudonocardia,ASV414_Pseudonocardia
ASV416,-1.254750205,0.528598544,-2.373729969,0.025957437,0.071342138,FALSE,TRUE,D-BSC,Bacteria,Abditibacteriota,Abditibacteriia,Abditibacteriales,Abditibacteriaceae,Abditibacterium,Abditibacterium,ASV416_Abditibacterium
ASV417,2.265525001,0.643182051,3.522369752,0.001743124,0.00834039,TRUE,TRUE,D-BSC,Bacteria,Gemmatimonadota,Gemmatimonadia,Gemmatimonadales,Gemmatimonadaceae,NA,Gemmatimonadaceae,ASV417_Gemmatimonadaceae
ASV418,0.779933636,0.68128712,1.144794336,0.26358311,0.425039923,FALSE,TRUE,D-BSC,Bacteria,Actinomycetota,Acidimicrobiia,Microtrichales,Ilumatobacteraceae,CL500-29 marine group,CL500-29_marine_group,ASV418_CL500-29_marine_group
ASV419,2.761335141,0.679915764,4.061290068,4.51E-04,0.002758029,TRUE,TRUE,D-BSC,Bacteria,Deinococcota,Deinococci,Deinococcales,Deinococcaceae,NA,Deinococcaceae,ASV419_Deinococcaceae
ASV42,0.539087293,0.562261862,0.958783316,0.347227893,0.529532334,FALSE,TRUE,D-BSC,Bacteria,Pseudomonadota,Alphaproteobacteria,Sphingomonadales,Sphingomonadaceae,Ellin6055,Ellin6055,ASV42_Ellin6055
ASV420,-2.399436813,0.694876559,-3.453040371,0.002068955,0.009320962,TRUE,TRUE,D-BSC,Bacteria,Actinomycetota,Actinobacteria,Micrococcales,Intrasporangiaceae,Aquipuribacter,Aquipuribacter,ASV420_Aquipuribacter
ASV421,-3.641835654,0.434079086,-8.389797547,1.35E-08,5.11E-07,TRUE,TRUE,D-BSC,Bacteria,Pseudomonadota,Alphaproteobacteria,Acetobacterales,Acetobacteraceae,NA,Acetobacteraceae,ASV421_Acetobacteraceae
ASV422,-3.460650173,0.858479651,-4.031138268,4.87E-04,0.002935579,TRUE,TRUE,D-BSC,Bacteria,Myxococcota,Myxococcia,Myxococcales,Myxococcaceae,Myxococcus,Myxococcus,ASV422_Myxococcus
ASV424,-3.655982848,0.532543116,-6.865139632,4.23E-07,9.34E-06,TRUE,TRUE,D-BSC,Bacteria,Planctomycetota,Planctomycetes,Isosphaerales,Isosphaeraceae,Tautonia,Tautonia,ASV424_Tautonia
ASV426,2.023324109,0.643592462,3.143797088,0.00439903,0.0165878,TRUE,TRUE,D-BSC,Bacteria,Actinomycetota,Thermoleophilia,Solirubrobacterales,Solirubrobacteraceae,Parviterribacter,Parviterribacter,ASV426_Parviterribacter
ASV427,-1.267834311,0.886658923,-1.429900808,0.165635467,0.305577485,FALSE,TRUE,D-BSC,Bacteria,Gemmatimonadota,Longimicrobiia,Longimicrobiales,Longimicrobiaceae,NA,Longimicrobiaceae,ASV427_Longimicrobiaceae
ASV4299,-0.412894913,0.492570239,-0.838245759,0.410163757,0.590581752,FALSE,TRUE,D-BSC,Bacteria,Planctomycetota,Planctomycetes,Isosphaerales,Isosphaeraceae,Tautonia,Tautonia,ASV4299_Tautonia
ASV43,0.718861784,0.726468064,0.989529781,0.332276093,0.512438685,FALSE,TRUE,D-BSC,Bacteria,Acidobacteriota,Blastocatellia,Pyrinomonadales,Pyrinomonadaceae,Arenimicrobium,Arenimicrobium,ASV43_Arenimicrobium
ASV430,-0.185854772,0.717524616,-0.259022154,0.79782688,0.891494556,FALSE,TRUE,D-BSC,Bacteria,Deinococcota,Deinococci,Deinococcales,Deinococcaceae,Deinococcus,Deinococcus,ASV430_Deinococcus
ASV431,-1.144511848,0.648610343,-1.764559972,0.090362833,0.18894047,FALSE,TRUE,D-BSC,Bacteria,Pseudomonadota,Alphaproteobacteria,Hyphomicrobiales,Beijerinckiaceae,Enterovirga,Enterovirga,ASV431_Enterovirga
ASV432,-2.711121336,0.693593709,-3.908803237,6.63E-04,0.003788804,TRUE,TRUE,D-BSC,Bacteria,Pseudomonadota,Alphaproteobacteria,Acetobacterales,Acetobacteraceae,Rubritepida,Rubritepida,ASV432_Rubritepida
ASV433,0.123349192,0.680043038,0.181384391,0.857589037,0.927639627,FALSE,TRUE,D-BSC,Bacteria,Gemmatimonadota,Gemmatimonadia,Gemmatimonadales,Gemmatimonadaceae,Gemmatimonas,Gemmatimonas,ASV433_Gemmatimonas
ASV434,1.864933532,0.634781869,2.937912414,0.007188705,0.025131711,FALSE,FALSE,D-BSC,Bacteria,Gemmatimonadota,Longimicrobiia,Longimicrobiales,Longimicrobiaceae,NA,Longimicrobiaceae,ASV434_Longimicrobiaceae
ASV4371,-0.311144503,0.487531594,-0.638203773,0.529384238,0.701033067,FALSE,TRUE,D-BSC,Bacteria,Actinomycetota,Acidimicrobiia,Microtrichales,Ilumatobacteraceae,NA,Ilumatobacteraceae,ASV4371_Ilumatobacteraceae
ASV438,3.730470239,0.414112909,9.008340858,3.63E-09,1.67E-07,TRUE,TRUE,D-BSC,Bacteria,Bacteroidota,Bacteroidia,Chitinophagales,Chitinophagaceae,Segetibacter,Segetibacter,ASV438_Segetibacter
ASV439,0.267556918,0.609256475,0.439153179,0.664479079,0.797739993,FALSE,TRUE,D-BSC,Bacteria,Verrucomicrobiota,Verrucomicrobiia,Chthoniobacterales,Chthoniobacteraceae,Chthoniobacter,Chthoniobacter,ASV439_Chthoniobacter
ASV44,0.73346459,0.369711238,1.98388503,0.058819443,0.134270828,FALSE,TRUE,D-BSC,Bacteria,Pseudomonadota,Alphaproteobacteria,Sphingomonadales,Sphingomonadaceae,Sphingomonas,Sphingomonas,ASV44_Sphingomonas
ASV440,3.602623265,0.499817992,7.207870308,1.90E-07,4.61E-06,TRUE,TRUE,D-BSC,Bacteria,Bacteroidota,Bacteroidia,Chitinophagales,Chitinophagaceae,Segetibacter,Segetibacter,ASV440_Segetibacter
ASV442,-1.206504208,0.606137863,-1.99047821,0.058043914,0.133501003,FALSE,TRUE,D-BSC,Bacteria,Gemmatimonadota,Gemmatimonadia,Gemmatimonadales,Gemmatimonadaceae,Gemmatimonas,Gemmatimonas,ASV442_Gemmatimonas
ASV445,-0.154464521,0.694780595,-0.222321294,0.825944849,0.906291666,FALSE,TRUE,D-BSC,Bacteria,Chloroflexota,Anaerolineae,Caldilineales,Caldilineaceae,NA,Caldilineaceae,ASV445_Caldilineaceae
ASV446,1.327099225,0.799119472,1.660701898,0.109783731,0.221742012,FALSE,TRUE,D-BSC,Bacteria,Deinococcota,Deinococci,Deinococcales,Trueperaceae,Truepera,Truepera,ASV446_Truepera
ASV45,1.044488034,0.48339237,2.160745801,0.04091495,0.099887337,FALSE,TRUE,D-BSC,Bacteria,Pseudomonadota,Alphaproteobacteria,Sphingomonadales,Sphingomonadaceae,NA,Sphingomonadaceae,ASV45_Sphingomonadaceae
ASV450,0.231876081,0.7579142,0.30593975,0.76228862,0.866372242,FALSE,TRUE,D-BSC,Bacteria,Armatimonadota,Armatimonadia,Armatimonadales,Armatimonadaceae,NA,Armatimonadaceae,ASV450_Armatimonadaceae
ASV451,-1.485255322,0.767845102,-1.934316333,0.064948364,0.145925117,FALSE,TRUE,D-BSC,Bacteria,Gemmatimonadota,Gemmatimonadia,Gemmatimonadales,Gemmatimonadaceae,Roseisolibacter,Roseisolibacter,ASV451_Roseisolibacter
ASV4530,-1.010754466,0.433962578,-2.329128171,0.028596103,0.076665627,FALSE,TRUE,D-BSC,Bacteria,Acidobacteriota,Acidobacteriae,Bryobacterales,Bryobacteraceae,Bryobacter,Bryobacter,ASV4530_Bryobacter
ASV456,0.653218636,0.533218428,1.225048877,0.232444492,0.396016542,FALSE,TRUE,D-BSC,Bacteria,Verrucomicrobiota,Verrucomicrobiia,Chthoniobacterales,Chthoniobacteraceae,Chthoniobacter,Chthoniobacter,ASV456_Chthoniobacter
ASV458,2.517677064,0.654431557,3.847120507,7.75E-04,0.004231671,TRUE,TRUE,D-BSC,Bacteria,Gemmatimonadota,Gemmatimonadia,Gemmatimonadales,Gemmatimonadaceae,NA,Gemmatimonadaceae,ASV458_Gemmatimonadaceae
ASV459,-4.362278217,0.475477434,-9.174522081,2.57E-09,1.25E-07,TRUE,TRUE,D-BSC,Bacteria,Deinococcota,Deinococci,Deinococcales,Trueperaceae,Truepera,Truepera,ASV459_Truepera
ASV46,0.213946515,0.378508478,0.565235726,0.577159703,0.733194158,FALSE,TRUE,D-BSC,Bacteria,Pseudomonadota,Alphaproteobacteria,Rhodobacterales,Paracoccaceae,Rubellimicrobium,Rubellimicrobium,ASV46_Rubellimicrobium
ASV462,2.448627301,0.502212384,4.875680845,5.70E-05,5.23E-04,TRUE,TRUE,D-BSC,Bacteria,Bacteroidota,Bacteroidia,Chitinophagales,Chitinophagaceae,Flavisolibacter,Flavisolibacter,ASV462_Flavisolibacter
ASV463,-0.720613617,0.645871508,-1.115722877,0.275587972,0.440301331,FALSE,TRUE,D-BSC,Bacteria,Gemmatimonadota,Gemmatimonadia,Gemmatimonadales,Gemmatimonadaceae,NA,Gemmatimonadaceae,ASV463_Gemmatimonadaceae
ASV464,2.429637046,0.574224196,4.231164522,2.93E-04,0.001942382,TRUE,TRUE,D-BSC,Bacteria,Pseudomonadota,Gammaproteobacteria,Burkholderiales,Comamonadaceae,Caenimonas,Caenimonas,ASV464_Caenimonas
ASV465,0.877760714,0.620545548,1.414498448,0.170058859,0.31094444,FALSE,TRUE,D-BSC,Bacteria,Bacteroidota,Bacteroidia,Chitinophagales,Chitinophagaceae,Segetibacter,Segetibacter,ASV465_Segetibacter
ASV4650,-0.640757189,0.441014853,-1.452915214,0.159198056,0.298581762,FALSE,TRUE,D-BSC,Bacteria,Chloroflexota,Chloroflexia,Thermomicrobiales,JG30-KF-CM45,NA,JG30-KF-CM45,ASV4650_JG30-KF-CM45
ASV466,-1.380374214,0.770975433,-1.790425679,0.086009841,0.182457769,FALSE,TRUE,D-BSC,Bacteria,Gemmatimonadota,Gemmatimonadia,Gemmatimonadales,Gemmatimonadaceae,Roseisolibacter,Roseisolibacter,ASV466_Roseisolibacter
ASV469,-2.701751163,0.594003197,-4.548378148,1.31E-04,9.78E-04,TRUE,TRUE,D-BSC,Bacteria,Pseudomonadota,Alphaproteobacteria,Rhodobacterales,Paracoccaceae,Amaricoccus,Amaricoccus,ASV469_Amaricoccus
ASV47,-2.74659913,0.450767641,-6.093159486,2.71E-06,3.85E-05,TRUE,TRUE,D-BSC,Bacteria,Actinomycetota,Rubrobacteria,Rubrobacterales,Rubrobacteriaceae,Rubrobacter,Rubrobacter,ASV47_Rubrobacter
ASV470,1.047232153,0.702499521,1.490722943,0.149061271,0.28199037,FALSE,TRUE,D-BSC,Bacteria,Actinomycetota,Acidimicrobiia,Acidimicrobiales,Acidimicrobiaceae,NA,Acidimicrobiaceae,ASV470_Acidimicrobiaceae
ASV471,-2.765323681,0.553525986,-4.995833535,4.20E-05,4.08E-04,TRUE,TRUE,D-BSC,Bacteria,Chloroflexota,Anaerolineae,Caldilineales,Caldilineaceae,NA,Caldilineaceae,ASV471_Caldilineaceae
ASV475,1.710139094,0.741327396,2.30686078,0.030003399,0.078984852,FALSE,TRUE,D-BSC,Bacteria,Planctomycetota,Planctomycetes,Gemmatales,Gemmataceae,Gemmata,Gemmata,ASV475_Gemmata
ASV477,1.451154167,0.493000174,2.943516543,0.007094213,0.024900971,FALSE,FALSE,D-BSC,Bacteria,Actinomycetota,Acidimicrobiia,Acidimicrobiales,Acidimicrobiaceae,NA,Acidimicrobiaceae,ASV477_Acidimicrobiaceae
ASV479,0.264467736,0.703604835,0.375875382,0.710311564,0.832188079,FALSE,TRUE,D-BSC,Bacteria,Bacteroidota,Bacteroidia,Cytophagales,Spirosomataceae,Nibrella,Nibrella,ASV479_Nibrella
ASV481,1.365337434,0.810162327,1.685264036,0.104898487,0.214710252,FALSE,TRUE,D-BSC,Bacteria,Actinomycetota,Thermoleophilia,Solirubrobacterales,67-14,NA,67-14,ASV481_67-14
ASV483,0.460155825,0.701447274,0.656009143,0.518058573,0.693386468,FALSE,TRUE,D-BSC,Bacteria,Verrucomicrobiota,Verrucomicrobiia,Chthoniobacterales,Chthoniobacteraceae,Chthoniobacter,Chthoniobacter,ASV483_Chthoniobacter
ASV484,-0.096032106,0.657616039,-0.146030662,0.885116816,0.943915672,FALSE,TRUE,D-BSC,Bacteria,Pseudomonadota,Alphaproteobacteria,Caulobacterales,Caulobacteraceae,PMMR1,PMMR1,ASV484_PMMR1
ASV485,-4.052385443,0.509948293,-7.946659487,3.55E-08,1.11E-06,TRUE,TRUE,D-BSC,Bacteria,Planctomycetota,Planctomycetes,Isosphaerales,Isosphaeraceae,NA,Isosphaeraceae,ASV485_Isosphaeraceae
ASV486,1.774583213,0.66021841,2.687872962,0.012858998,0.040138445,FALSE,FALSE,D-BSC,Bacteria,Verrucomicrobiota,Verrucomicrobiia,Chthoniobacterales,Chthoniobacteraceae,NA,Chthoniobacteraceae,ASV486_Chthoniobacteraceae
ASV487,-4.756865235,0.408655063,-11.64029438,2.34E-11,2.92E-09,TRUE,TRUE,D-BSC,Bacteria,Chloroflexota,Chloroflexia,Kallotenuales,AKIW781,NA,AKIW781,ASV487_AKIW781
ASV489,0.832573748,0.649510328,1.281848359,0.212141258,0.369345536,FALSE,TRUE,D-BSC,Bacteria,Armatimonadota,Fimbriimonadia,Fimbriimonadales,Fimbriimonadaceae,NA,Fimbriimonadaceae,ASV489_Fimbriimonadaceae
ASV491,2.317110998,0.420866161,5.505576867,1.16E-05,1.34E-04,TRUE,TRUE,D-BSC,Bacteria,Verrucomicrobiota,Verrucomicrobiia,Chthoniobacterales,Chthoniobacteraceae,Chthoniobacter,Chthoniobacter,ASV491_Chthoniobacter
ASV492,2.714157483,0.609024943,4.456562104,1.65E-04,0.001194817,TRUE,TRUE,D-BSC,Bacteria,Actinomycetota,Thermoleophilia,Solirubrobacterales,Solirubrobacteraceae,Solirubrobacter,Solirubrobacter,ASV492_Solirubrobacter
ASV494,-0.064736013,0.534255764,-0.121170454,0.904564817,0.953996217,FALSE,TRUE,D-BSC,Bacteria,Actinomycetota,Thermoleophilia,Gaiellales,Gaiellaceae,Gaiella,Gaiella,ASV494_Gaiella
ASV495,2.507045211,0.458841391,5.463860198,1.29E-05,1.46E-04,TRUE,TRUE,D-BSC,Bacteria,Abditibacteriota,Abditibacteriia,Abditibacteriales,Abditibacteriaceae,Abditibacterium,Abditibacterium,ASV495_Abditibacterium
ASV496,-1.206549133,0.736470375,-1.63828604,0.114407582,0.229472484,FALSE,TRUE,D-BSC,Bacteria,Pseudomonadota,Alphaproteobacteria,Sphingomonadales,Sphingomonadaceae,Sphingomonas,Sphingomonas,ASV496_Sphingomonas
ASV498,0.106950157,0.650378417,0.164442968,0.870759568,0.938401804,FALSE,TRUE,D-BSC,Bacteria,Pseudomonadota,Gammaproteobacteria,Burkholderiales,Oxalobacteraceae,Massilia,Massilia,ASV498_Massilia
ASV499,-2.098839804,0.750370252,-2.797072242,0.009996919,0.033087574,TRUE,TRUE,D-BSC,Bacteria,Planctomycetota,Planctomycetes,Isosphaerales,Isosphaeraceae,Tautonia,Tautonia,ASV499_Tautonia
ASV50,1.582663913,0.54141408,2.923204199,0.007442443,0.02591512,TRUE,TRUE,D-BSC,Bacteria,Pseudomonadota,Gammaproteobacteria,Lysobacterales,Lysobacteraceae,Lysobacter,Lysobacter,ASV50_Lysobacter
ASV503,0.484393999,0.55140723,0.878468711,0.388399833,0.566713613,FALSE,TRUE,D-BSC,Bacteria,Actinomycetota,Thermoleophilia,Solirubrobacterales,Solirubrobacteraceae,Solirubrobacter,Solirubrobacter,ASV503_Solirubrobacter
ASV504,0.298950137,0.620513253,0.481778811,0.634327289,0.780847959,FALSE,TRUE,D-BSC,Bacteria,Acidobacteriota,Blastocatellia,Blastocatellales,Blastocatellaceae,Blastocatella,Blastocatella,ASV504_Blastocatella
ASV507,-1.65911544,0.753631132,-2.201495361,0.037558173,0.094327135,FALSE,TRUE,D-BSC,Bacteria,Pseudomonadota,Alphaproteobacteria,Azospirillales,Azospirillaceae,Desertibacter,Desertibacter,ASV507_Desertibacter
ASV508,0.401200894,0.577854078,0.694294475,0.494164133,0.670651323,FALSE,TRUE,D-BSC,Bacteria,Bacteroidota,Bacteroidia,Cytophagales,Hymenobacteraceae,Hymenobacter,Hymenobacter,ASV508_Hymenobacter
ASV510,-0.147337025,0.664315342,-0.22178778,0.826355451,0.906291666,FALSE,TRUE,D-BSC,Bacteria,Chloroflexota,Anaerolineae,Aggregatilineales,A4b,NA,A4b,ASV510_A4b
ASV511,0.296322866,0.787917619,0.376083564,0.710158814,0.832188079,FALSE,TRUE,D-BSC,Bacteria,Actinomycetota,Actinobacteria,Kitasatosporales,Streptomycetaceae,E1B-B3-114,E1B-B3-114,ASV511_E1B-B3-114
ASV512,0.90616159,0.60616125,1.494918373,0.147969419,0.280532043,FALSE,TRUE,D-BSC,Bacteria,Planctomycetota,Planctomycetes,Gemmatales,Gemmataceae,Fimbriiglobus,Fimbriiglobus,ASV512_Fimbriiglobus
ASV516,-1.428721474,0.729767755,-1.957775559,0.061981099,0.140705145,FALSE,TRUE,D-BSC,Bacteria,Actinomycetota,Actinobacteria,Propionibacteriales,Nocardioidaceae,Marmoricola,Marmoricola,ASV516_Marmoricola
ASV517,-0.069383717,0.642141213,-0.10805056,0.914853841,0.961036367,FALSE,TRUE,D-BSC,Bacteria,Planctomycetota,Phycisphaerae,Tepidisphaerales,WD2101 soil group,NA,WD2101_soil_group,ASV517_WD2101_soil_group
ASV519,1.100680838,0.459000064,2.397997131,0.024617581,0.068521546,FALSE,TRUE,D-BSC,Bacteria,Pseudomonadota,Gammaproteobacteria,Burkholderiales,TRA3-20,NA,TRA3-20,ASV519_TRA3-20
ASV52,1.009281526,0.78633365,1.283528342,0.211562138,0.369072473,FALSE,TRUE,D-BSC,Bacteria,Gemmatimonadota,Longimicrobiia,Longimicrobiales,Longimicrobiaceae,NA,Longimicrobiaceae,ASV52_Longimicrobiaceae
ASV520,-1.468432901,0.603376051,-2.433694376,0.022762079,0.063968028,FALSE,FALSE,D-BSC,Bacteria,Bacteroidota,Bacteroidia,Cytophagales,Hymenobacteraceae,Hymenobacter,Hymenobacter,ASV520_Hymenobacter
ASV525,-2.623843605,0.623842141,-4.205941589,3.13E-04,0.002055239,TRUE,TRUE,D-BSC,Bacteria,Armatimonadota,Armatimonadia,Armatimonadales,Armatimonadaceae,NA,Armatimonadaceae,ASV525_Armatimonadaceae
ASV528,1.311358437,0.460370613,2.848484243,0.008868733,0.03027841,TRUE,TRUE,D-BSC,Bacteria,Actinomycetota,Actinobacteria,Propionibacteriales,Propionibacteriaceae,Cutibacterium,Cutibacterium,ASV528_Cutibacterium
ASV531,0.083308579,0.673840154,0.123632553,0.902635804,0.953934332,FALSE,TRUE,D-BSC,Bacteria,Acidobacteriota,Blastocatellia,Blastocatellales,Blastocatellaceae,Aridibacter,Aridibacter,ASV531_Aridibacter
ASV532,-2.820385573,0.565604624,-4.986496667,4.30E-05,4.13E-04,TRUE,TRUE,D-BSC,Bacteria,Planctomycetota,Phycisphaerae,Tepidisphaerales,WD2101 soil group,NA,WD2101_soil_group,ASV532_WD2101_soil_group
ASV534,-0.171051532,0.512524091,-0.333743398,0.741471716,0.856071704,FALSE,TRUE,D-BSC,Bacteria,Bacteroidota,Bacteroidia,Flavobacteriales,Flavobacteriaceae,Flavobacterium,Flavobacterium,ASV534_Flavobacterium
ASV535,0.334909446,0.572722763,0.58476713,0.564161875,0.727981677,FALSE,TRUE,D-BSC,Bacteria,Bacteroidota,Bacteroidia,Cytophagales,Hymenobacteraceae,Hymenobacter,Hymenobacter,ASV535_Hymenobacter
ASV5358,-0.068703232,0.454555425,-0.151143794,0.881125535,0.943747943,FALSE,TRUE,D-BSC,Bacteria,Patescibacteria,Saccharimonadia,Saccharimonadales,LWQ8,NA,LWQ8,ASV5358_LWQ8
ASV538,-2.39117967,0.7305044,-3.273326856,0.00321426,0.013187392,TRUE,TRUE,D-BSC,Bacteria,Pseudomonadota,Alphaproteobacteria,Sphingomonadales,Sphingomonadaceae,NA,Sphingomonadaceae,ASV538_Sphingomonadaceae
ASV539,0.110627118,0.603528189,0.183300664,0.856101871,0.927178482,FALSE,TRUE,D-BSC,Bacteria,Acidobacteriota,Vicinamibacteria,Vicinamibacterales,Vicinamibacteraceae,NA,Vicinamibacteraceae,ASV539_Vicinamibacteraceae
ASV541,2.111375161,0.555890992,3.798182005,8.76E-04,0.00469725,TRUE,TRUE,D-BSC,Bacteria,Actinomycetota,Actinobacteria,Euzebyales,Euzebyaceae,Euzebya,Euzebya,ASV541_Euzebya
ASV547,-2.215378963,0.599674025,-3.694305356,0.001136363,0.005842243,TRUE,TRUE,D-BSC,Bacteria,Bacteroidota,Bacteroidia,Cytophagales,Hymenobacteraceae,Hymenobacter,Hymenobacter,ASV547_Hymenobacter
ASV548,-0.697108696,0.486927328,-1.43164833,0.165139463,0.305577485,FALSE,TRUE,D-BSC,Bacteria,Acidobacteriota,Vicinamibacteria,Vicinamibacterales,Vicinamibacteraceae,Luteitalea,Luteitalea,ASV548_Luteitalea
ASV549,-0.552562535,0.719566072,-0.767910767,0.450030144,0.626794378,FALSE,TRUE,D-BSC,Bacteria,Bacteroidota,Bacteroidia,Sphingobacteriales,Sphingobacteriaceae,Arcticibacter,Arcticibacter,ASV549_Arcticibacter
ASV552,-4.35284782,0.40865342,-10.65168578,1.41E-10,1.12E-08,TRUE,TRUE,D-BSC,Bacteria,Planctomycetota,Planctomycetes,Isosphaerales,Isosphaeraceae,NA,Isosphaeraceae,ASV552_Isosphaeraceae
ASV554,-0.306256886,0.598982918,-0.511294857,0.6138166,0.765300583,FALSE,TRUE,D-BSC,Bacteria,Bacteroidota,Bacteroidia,Chitinophagales,Chitinophagaceae,Segetibacter,Segetibacter,ASV554_Segetibacter
ASV556,1.548319233,0.692909193,2.234519686,0.035022707,0.089241534,FALSE,TRUE,D-BSC,Bacteria,Armatimonadota,Armatimonadia,Armatimonadales,Armatimonadaceae,NA,Armatimonadaceae,ASV556_Armatimonadaceae
ASV558,0.78428788,0.54092946,1.449889382,0.160032757,0.299504559,FALSE,TRUE,D-BSC,Bacteria,Planctomycetota,Phycisphaerae,Tepidisphaerales,WD2101 soil group,NA,WD2101_soil_group,ASV558_WD2101_soil_group
ASV56,-0.38079021,0.351265474,-1.084052485,0.289112104,0.456108265,FALSE,TRUE,D-BSC,Bacteria,Pseudomonadota,Alphaproteobacteria,Hyphomicrobiales,Beijerinckiaceae,Microvirga,Microvirga,ASV56_Microvirga
ASV564,-1.254227575,0.609307724,-2.058446866,0.050561257,0.117841436,FALSE,TRUE,D-BSC,Bacteria,Bacteroidota,Bacteroidia,Cytophagales,Hymenobacteraceae,Adhaeribacter,Adhaeribacter,ASV564_Adhaeribacter
ASV566,-3.864064318,0.528123164,-7.316596919,1.48E-07,3.69E-06,TRUE,TRUE,D-BSC,Bacteria,Planctomycetota,Planctomycetes,Isosphaerales,Isosphaeraceae,Tautonia,Tautonia,ASV566_Tautonia
ASV569,-1.451752395,0.837376958,-1.733690402,0.095803304,0.199362113,FALSE,TRUE,D-BSC,Bacteria,Planctomycetota,Planctomycetes,Isosphaerales,Isosphaeraceae,Tundrisphaera,Tundrisphaera,ASV569_Tundrisphaera
ASV571,1.211991641,0.558377617,2.170559141,0.040082729,0.098405352,FALSE,TRUE,D-BSC,Bacteria,Actinomycetota,Thermoleophilia,Solirubrobacterales,Solirubrobacteraceae,Solirubrobacter,Solirubrobacter,ASV571_Solirubrobacter
ASV576,0.743336768,0.618377925,1.2020752,0.241061361,0.40594919,FALSE,TRUE,D-BSC,Bacteria,Bacteroidota,Bacteroidia,Chitinophagales,Chitinophagaceae,Segetibacter,Segetibacter,ASV576_Segetibacter
ASV577,-0.883902268,0.559817646,-1.578911052,0.127447418,0.250312457,FALSE,TRUE,D-BSC,Bacteria,Planctomycetota,Planctomycetes,Pirellulales,Pirellulaceae,NA,Pirellulaceae,ASV577_Pirellulaceae
ASV58,1.044848642,0.664761208,1.571765365,0.129096651,0.252417165,FALSE,TRUE,D-BSC,Bacteria,Pseudomonadota,Alphaproteobacteria,Rhodobacterales,Paracoccaceae,Rubellimicrobium,Rubellimicrobium,ASV58_Rubellimicrobium
ASV582,1.451468161,0.73956937,1.962585554,0.061387644,0.139720835,FALSE,TRUE,D-BSC,Bacteria,Pseudomonadota,Alphaproteobacteria,Sphingomonadales,Sphingomonadaceae,NA,Sphingomonadaceae,ASV582_Sphingomonadaceae
ASV585,-0.816979303,0.818356162,-0.998317531,0.328085097,0.509318605,FALSE,TRUE,D-BSC,Bacteria,Acidobacteriota,Blastocatellia,Blastocatellales,Blastocatellaceae,NA,Blastocatellaceae,ASV585_Blastocatellaceae
ASV588,-3.901251996,0.466973899,-8.354325598,1.45E-08,5.29E-07,TRUE,TRUE,D-BSC,Bacteria,Bacteroidota,Bacteroidia,Cytophagales,Spirosomataceae,NA,Spirosomataceae,ASV588_Spirosomataceae
ASV592,0.315484383,0.628196093,0.502206854,0.620098736,0.769838488,FALSE,TRUE,D-BSC,Bacteria,Armatimonadota,Armatimonadia,Armatimonadales,Armatimonadaceae,NA,Armatimonadaceae,ASV592_Armatimonadaceae
ASV594,0.353677991,0.61569247,0.574439364,0.571016151,0.728566593,FALSE,TRUE,D-BSC,Bacteria,Planctomycetota,Phycisphaerae,Tepidisphaerales,WD2101 soil group,NA,WD2101_soil_group,ASV594_WD2101_soil_group
ASV595,1.709758404,0.688819,2.482159181,0.020449278,0.058028145,FALSE,TRUE,D-BSC,Bacteria,Armatimonadota,Armatimonadia,Armatimonadales,Armatimonadaceae,NA,Armatimonadaceae,ASV595_Armatimonadaceae
ASV6,2.462369705,0.506210052,4.864324003,5.86E-05,5.23E-04,TRUE,TRUE,D-BSC,Bacteria,Pseudomonadota,Alphaproteobacteria,Sphingomonadales,Sphingomonadaceae,Ellin6055,Ellin6055,ASV6_Ellin6055
ASV60,-0.658205606,0.704222286,-0.93465603,0.359275085,0.537682233,FALSE,TRUE,D-BSC,Bacteria,Pseudomonadota,Alphaproteobacteria,Rhodobacterales,Paracoccaceae,Rubellimicrobium,Rubellimicrobium,ASV60_Rubellimicrobium
ASV602,1.180267111,0.690213295,1.710003443,0.100164739,0.206211844,FALSE,TRUE,D-BSC,Bacteria,Actinomycetota,Acidimicrobiia,Acidimicrobiales,Acidimicrobiaceae,NA,Acidimicrobiaceae,ASV602_Acidimicrobiaceae
ASV606,-0.385026191,0.581330484,-0.662318941,0.514077222,0.689115785,FALSE,TRUE,D-BSC,Bacteria,Pseudomonadota,Alphaproteobacteria,Sphingomonadales,Sphingomonadaceae,Sphingoaurantiacus,Sphingoaurantiacus,ASV606_Sphingoaurantiacus
ASV6061,0.209749582,0.460142028,0.45583661,0.65260525,0.792190261,FALSE,TRUE,D-BSC,Bacteria,Pseudomonadota,Gammaproteobacteria,Rickettsiellales,Rickettsiellaceae,NA,Rickettsiellaceae,ASV6061_Rickettsiellaceae
ASV610,0.023159764,0.646275169,0.035835763,0.971709716,0.985236997,FALSE,TRUE,D-BSC,Bacteria,Gemmatimonadota,Longimicrobiia,Longimicrobiales,Longimicrobiaceae,YC-ZSS-LKJ147,YC-ZSS-LKJ147,ASV610_YC-ZSS-LKJ147
ASV612,0.075204864,0.51187832,0.146919416,0.884422835,0.943915672,FALSE,TRUE,D-BSC,Bacteria,Pseudomonadota,Alphaproteobacteria,Caulobacterales,Caulobacteraceae,PMMR1,PMMR1,ASV612_PMMR1
ASV613,-2.962857646,0.603701347,-4.907820164,5.25E-05,4.88E-04,TRUE,TRUE,D-BSC,Bacteria,Bacteroidota,Bacteroidia,Cytophagales,Hymenobacteraceae,Pontibacter,Pontibacter,ASV613_Pontibacter
ASV614,-0.914597693,0.791961146,-1.154851722,0.259520559,0.422385417,FALSE,TRUE,D-BSC,Bacteria,Planctomycetota,Phycisphaerae,Tepidisphaerales,WD2101 soil group,NA,WD2101_soil_group,ASV614_WD2101_soil_group
ASV616,0.372873475,0.628098187,0.593654754,0.558297297,0.722891612,FALSE,TRUE,D-BSC,Bacteria,Pseudomonadota,Alphaproteobacteria,Hyphomicrobiales,Rhizobiaceae,NA,Rhizobiaceae,ASV616_Rhizobiaceae
ASV618,-0.057900877,0.564564232,-0.102558528,0.919165479,0.964406517,FALSE,TRUE,D-BSC,Bacteria,Chloroflexota,Anaerolineae,Aggregatilineales,A4b,NA,A4b,ASV618_A4b
ASV619,-1.561087299,0.568569751,-2.745639027,0.011260566,0.036182848,TRUE,TRUE,D-BSC,Bacteria,Planctomycetota,Phycisphaerae,Tepidisphaerales,WD2101 soil group,NA,WD2101_soil_group,ASV619_WD2101_soil_group
ASV620,1.156832915,0.768786767,1.504751336,0.145435862,0.27693016,FALSE,TRUE,D-BSC,Bacteria,Gemmatimonadota,Gemmatimonadia,Gemmatimonadales,Gemmatimonadaceae,NA,Gemmatimonadaceae,ASV620_Gemmatimonadaceae
ASV621,-1.054916074,0.820198851,-1.286171119,0.210653589,0.368960394,FALSE,TRUE,D-BSC,Bacteria,Gemmatimonadota,Gemmatimonadia,Gemmatimonadales,Gemmatimonadaceae,NA,Gemmatimonadaceae,ASV621_Gemmatimonadaceae
ASV624,-2.62398105,0.598598844,-4.383538453,1.99E-04,0.001370714,TRUE,TRUE,D-BSC,Bacteria,Planctomycetota,Phycisphaerae,Tepidisphaerales,WD2101 soil group,NA,WD2101_soil_group,ASV624_WD2101_soil_group
ASV627,-3.560927122,0.446276847,-7.979188587,3.30E-08,1.07E-06,TRUE,TRUE,D-BSC,Bacteria,Pseudomonadota,Alphaproteobacteria,Acetobacterales,Acetobacteraceae,Rubritepida,Rubritepida,ASV627_Rubritepida
ASV628,-3.491247706,0.442177741,-7.895575425,3.98E-08,1.20E-06,TRUE,TRUE,D-BSC,Bacteria,Chloroflexota,Chloroflexia,Kallotenuales,AKIW781,NA,AKIW781,ASV628_AKIW781
ASV630,-1.638256094,0.535195221,-3.06104395,0.005365484,0.01933351,TRUE,TRUE,D-BSC,Bacteria,Pseudomonadota,Alphaproteobacteria,Acetobacterales,Acetobacteraceae,Roseomonas,Roseomonas,ASV630_Roseomonas
ASV632,-0.960498673,0.570885697,-1.682471077,0.105444584,0.214821833,FALSE,TRUE,D-BSC,Bacteria,Gemmatimonadota,Longimicrobiia,Longimicrobiales,Longimicrobiaceae,NA,Longimicrobiaceae,ASV632_Longimicrobiaceae
ASV633,-1.632562551,0.584325025,-2.793928863,0.010070131,0.033087574,TRUE,TRUE,D-BSC,Bacteria,Chloroflexota,Chloroflexia,Thermomicrobiales,AKYG1722,NA,AKYG1722,ASV633_AKYG1722
ASV636,-1.739219046,0.499748249,-3.480190377,0.001934835,0.008931977,TRUE,TRUE,D-BSC,Bacteria,Pseudomonadota,Alphaproteobacteria,Acetobacterales,Acetobacteraceae,NA,Acetobacteraceae,ASV636_Acetobacteraceae
ASV637,-2.149266219,0.56843451,-3.781026981,9.15E-04,0.004815243,TRUE,TRUE,D-BSC,Bacteria,Planctomycetota,Phycisphaerae,Tepidisphaerales,WD2101 soil group,NA,WD2101_soil_group,ASV637_WD2101_soil_group
ASV64,-0.645464262,0.555485979,-1.161981197,0.256668753,0.422385417,FALSE,TRUE,D-BSC,Bacteria,Acidobacteriota,Blastocatellia,Blastocatellales,Blastocatellaceae,Blastocatella,Blastocatella,ASV64_Blastocatella
ASV640,-0.109509761,0.847713983,-0.12918244,0.898289822,0.9527977,FALSE,TRUE,D-BSC,Bacteria,Pseudomonadota,Alphaproteobacteria,Sphingomonadales,Sphingomonadaceae,MN 122.2a,MN_122.2a,ASV640_MN_122.2a
ASV641,-3.375156145,0.50102436,-6.73651106,5.74E-07,1.19E-05,TRUE,TRUE,D-BSC,Bacteria,Planctomycetota,Planctomycetes,Isosphaerales,Isosphaeraceae,Tautonia,Tautonia,ASV641_Tautonia
ASV644,-1.292960369,0.50934957,-2.538453833,0.018037057,0.053078914,FALSE,FALSE,D-BSC,Bacteria,Abditibacteriota,Abditibacteriia,Abditibacteriales,Abditibacteriaceae,Abditibacterium,Abditibacterium,ASV644_Abditibacterium
ASV646,-2.361812556,0.524972232,-4.498928541,1.49E-04,0.00109076,TRUE,TRUE,D-BSC,Bacteria,Pseudomonadota,Alphaproteobacteria,Acetobacterales,Acetobacteraceae,Rubritepida,Rubritepida,ASV646_Rubritepida
ASV650,0.373092538,0.514199952,0.725578711,0.47511343,0.651882477,FALSE,TRUE,D-BSC,Bacteria,Gemmatimonadota,Longimicrobiia,Longimicrobiales,Longimicrobiaceae,NA,Longimicrobiaceae,ASV650_Longimicrobiaceae
ASV651,0.447043501,0.489418847,0.913417014,0.370108672,0.549193514,FALSE,TRUE,D-BSC,Bacteria,Actinomycetota,Acidimicrobiia,Microtrichales,Iamiaceae,Iamia,Iamia,ASV651_Iamia
ASV653,-2.440154899,0.681893257,-3.578499825,0.001516537,0.007404768,TRUE,TRUE,D-BSC,Bacteria,Actinomycetota,Rubrobacteria,Rubrobacterales,Rubrobacteriaceae,Rubrobacter,Rubrobacter,ASV653_Rubrobacter
ASV656,-1.358597356,0.594711067,-2.284466239,0.031482279,0.081891404,FALSE,TRUE,D-BSC,Bacteria,Chloroflexota,Chloroflexia,Kallotenuales,AKIW781,NA,AKIW781,ASV656_AKIW781
ASV658,-3.663973445,0.523432055,-6.999902678,3.08E-07,7.09E-06,TRUE,TRUE,D-BSC,Bacteria,Chloroflexota,Chloroflexia,Kallotenuales,AKIW781,NA,AKIW781,ASV658_AKIW781
ASV66,2.646490861,0.644918107,4.103607623,4.05E-04,0.002538437,TRUE,TRUE,D-BSC,Bacteria,Pseudomonadota,Alphaproteobacteria,Sphingomonadales,Sphingomonadaceae,Sphingomonas,Sphingomonas,ASV66_Sphingomonas
ASV661,-3.318098634,0.527665216,-6.288264855,1.68E-06,2.63E-05,TRUE,TRUE,D-BSC,Bacteria,Pseudomonadota,Alphaproteobacteria,Acetobacterales,Acetobacteraceae,Dankookia,Dankookia,ASV661_Dankookia
ASV663,-4.025455195,0.396220851,-10.15962483,3.60E-10,2.42E-08,TRUE,TRUE,D-BSC,Bacteria,Pseudomonadota,Alphaproteobacteria,Rhodobacterales,Paracoccaceae,Pikeienuella,Pikeienuella,ASV663_Pikeienuella
ASV665,1.820492146,0.625047768,2.912564832,0.007631283,0.026362615,TRUE,TRUE,D-BSC,Bacteria,Actinomycetota,Thermoleophilia,Solirubrobacterales,67-14,NA,67-14,ASV665_67-14
ASV668,0.973369418,0.601038308,1.619479833,0.118411547,0.233615557,FALSE,TRUE,D-BSC,Bacteria,Bacteroidota,Bacteroidia,Chitinophagales,Chitinophagaceae,Segetibacter,Segetibacter,ASV668_Segetibacter
ASV67,-2.892659665,0.491909572,-5.880470372,4.57E-06,6.06E-05,TRUE,TRUE,D-BSC,Bacteria,Pseudomonadota,Alphaproteobacteria,Acetobacterales,Acetobacteraceae,Roseomonas,Roseomonas,ASV67_Roseomonas
ASV672,-0.029204098,0.584792396,-0.049939257,0.960584091,0.976857503,FALSE,TRUE,D-BSC,Bacteria,Pseudomonadota,Alphaproteobacteria,Sphingomonadales,Sphingomonadaceae,Sphingomonas,Sphingomonas,ASV672_Sphingomonas
ASV673,-4.117831962,0.480126983,-8.576547681,9.01E-09,3.75E-07,TRUE,TRUE,D-BSC,Bacteria,Actinomycetota,Actinobacteria,Propionibacteriales,Nocardioidaceae,Nocardioides,Nocardioides,ASV673_Nocardioides
ASV675,0.511592011,0.545002141,0.938697251,0.357237967,0.535550571,FALSE,TRUE,D-BSC,Bacteria,Sumerlaeota,Sumerlaeia,Sumerlaeales,Sumerlaeaceae,Sumerlaea,Sumerlaea,ASV675_Sumerlaea
ASV679,0.316566544,0.665297938,0.475826733,0.638500554,0.782678099,FALSE,TRUE,D-BSC,Bacteria,Bacteroidota,Bacteroidia,Cytophagales,Cytophagaceae,Sporocytophaga,Sporocytophaga,ASV679_Sporocytophaga
ASV68,1.133638657,0.536748504,2.112048096,0.045279271,0.108125909,FALSE,TRUE,D-BSC,Bacteria,Pseudomonadota,Alphaproteobacteria,Sphingomonadales,Sphingomonadaceae,NA,Sphingomonadaceae,ASV68_Sphingomonadaceae
ASV680,1.249807012,0.807373658,1.547990822,0.13471112,0.262221646,FALSE,TRUE,D-BSC,Bacteria,Planctomycetota,Planctomycetes,Isosphaerales,Isosphaeraceae,Tautonia,Tautonia,ASV680_Tautonia
ASV681,-1.907797675,0.616577188,-3.094174924,0.004956297,0.018221179,TRUE,TRUE,D-BSC,Bacteria,Chloroflexota,Chloroflexia,Kallotenuales,AKIW781,NA,AKIW781,ASV681_AKIW781
ASV682,2.611300841,0.678663722,3.847709484,7.74E-04,0.004231671,TRUE,TRUE,D-BSC,Bacteria,Armatimonadota,Armatimonadia,Armatimonadales,Armatimonadaceae,NA,Armatimonadaceae,ASV682_Armatimonadaceae
ASV683,0.730646174,0.555565077,1.315140574,0.200890256,0.355421222,FALSE,TRUE,D-BSC,Bacteria,Abditibacteriota,Abditibacteriia,Abditibacteriales,Abditibacteriaceae,Abditibacterium,Abditibacterium,ASV683_Abditibacterium
ASV688,0.835443425,0.699936648,1.193598631,0.244300443,0.410612667,FALSE,TRUE,D-BSC,Bacteria,Verrucomicrobiota,Verrucomicrobiia,Chthoniobacterales,Chthoniobacteraceae,Chthoniobacter,Chthoniobacter,ASV688_Chthoniobacter
ASV692,-3.508447233,0.669491092,-5.240468879,2.26E-05,2.33E-04,TRUE,TRUE,D-BSC,Bacteria,Planctomycetota,Planctomycetes,Isosphaerales,Isosphaeraceae,Tautonia,Tautonia,ASV692_Tautonia
ASV695,-3.527418075,0.566925421,-6.222014297,1.98E-06,2.93E-05,TRUE,TRUE,D-BSC,Bacteria,Planctomycetota,Planctomycetes,Isosphaerales,Isosphaeraceae,Tundrisphaera,Tundrisphaera,ASV695_Tundrisphaera
ASV697,1.19636468,0.621286696,1.925624173,0.066079036,0.147867629,FALSE,TRUE,D-BSC,Bacteria,Actinomycetota,Acidimicrobiia,Acidimicrobiales,Acidimicrobiaceae,NA,Acidimicrobiaceae,ASV697_Acidimicrobiaceae
ASV704,-2.559874045,0.578816613,-4.42259947,1.80E-04,0.001271115,TRUE,TRUE,D-BSC,Bacteria,Pseudomonadota,Alphaproteobacteria,Acetobacterales,Acetobacteraceae,Roseicella,Roseicella,ASV704_Roseicella
ASV705,-0.059420617,0.628175431,-0.094592392,0.925423924,0.966332748,FALSE,TRUE,D-BSC,Bacteria,Pseudomonadota,Alphaproteobacteria,Caulobacterales,Caulobacteraceae,NA,Caulobacteraceae,ASV705_Caulobacteraceae
ASV706,1.065274267,0.706803848,1.507171007,0.144817855,0.276355469,FALSE,TRUE,D-BSC,Bacteria,Chloroflexota,Chloroflexia,Thermomicrobiales,Thermomicrobiaceae,Sphaerobacter,Sphaerobacter,ASV706_Sphaerobacter
ASV710,-0.507144408,0.722999071,-0.70144545,0.489771519,0.667800792,FALSE,TRUE,D-BSC,Bacteria,Verrucomicrobiota,Verrucomicrobiia,Opitutales,Opitutaceae,Diplosphaera,Diplosphaera,ASV710_Diplosphaera
ASV711,-3.190528526,0.604511634,-5.277861247,2.06E-05,2.17E-04,TRUE,TRUE,D-BSC,Bacteria,Actinomycetota,Rubrobacteria,Rubrobacterales,Rubrobacteriaceae,Rubrobacter,Rubrobacter,ASV711_Rubrobacter
ASV713,-0.032650519,0.624177695,-0.052309653,0.958714929,0.976857503,FALSE,TRUE,D-BSC,Bacteria,Actinomycetota,Thermoleophilia,Solirubrobacterales,67-14,NA,67-14,ASV713_67-14
ASV715,-1.393728099,0.73252849,-1.902626475,0.069154084,0.151860978,FALSE,TRUE,D-BSC,Bacteria,Acidobacteriota,Acidobacteriae,Bryobacterales,Bryobacteraceae,Bryobacter,Bryobacter,ASV715_Bryobacter
ASV716,-1.130100225,0.534524941,-2.114214208,0.045076602,0.107936849,FALSE,TRUE,D-BSC,Bacteria,Chloroflexota,Chloroflexia,Kallotenuales,AKIW781,NA,AKIW781,ASV716_AKIW781
ASV717,0.877454386,0.741640491,1.183126322,0.248346872,0.415814494,FALSE,TRUE,D-BSC,Bacteria,Acidobacteriota,Blastocatellia,Blastocatellales,Blastocatellaceae,NA,Blastocatellaceae,ASV717_Blastocatellaceae
ASV718,-0.219538608,0.688410663,-0.31890646,0.752556426,0.862037112,FALSE,TRUE,D-BSC,Bacteria,Planctomycetota,Planctomycetes,Isosphaerales,Isosphaeraceae,Tautonia,Tautonia,ASV718_Tautonia
ASV719,-1.171227922,0.628173629,-1.86449712,0.074527977,0.16167206,FALSE,TRUE,D-BSC,Bacteria,Bacteroidota,Bacteroidia,Chitinophagales,Chitinophagaceae,Flavisolibacter,Flavisolibacter,ASV719_Flavisolibacter
ASV72,-3.934759593,0.60651681,-6.487469971,1.04E-06,1.84E-05,TRUE,TRUE,D-BSC,Bacteria,Actinomycetota,Actinobacteria,Micrococcales,Cellulomonadaceae,Cellulomonas,Cellulomonas,ASV72_Cellulomonas
ASV724,-0.616912953,0.682943629,-0.903314603,0.375336714,0.555066477,FALSE,TRUE,D-BSC,Bacteria,Actinomycetota,Thermoleophilia,Solirubrobacterales,67-14,NA,67-14,ASV724_67-14
ASV730,0.648813415,0.580869524,1.116969283,0.275065262,0.440301331,FALSE,TRUE,D-BSC,Bacteria,Pseudomonadota,Alphaproteobacteria,Sphingomonadales,Sphingomonadaceae,Sphingomonas,Sphingomonas,ASV730_Sphingomonas
ASV735,-1.39899938,0.692299861,-2.020799741,0.054592486,0.126227071,FALSE,TRUE,D-BSC,Bacteria,Actinomycetota,Acidimicrobiia,Acidimicrobiales,Acidimicrobiaceae,NA,Acidimicrobiaceae,ASV735_Acidimicrobiaceae
ASV737,0.445233864,0.681626299,0.653193494,0.519840648,0.693386468,FALSE,TRUE,D-BSC,Bacteria,Chloroflexota,Anaerolineae,Ardenticatenales,Ardenticatenaceae,NA,Ardenticatenaceae,ASV737_Ardenticatenaceae
ASV738,-2.681844488,0.6534698,-4.104006778,4.05E-04,0.002538437,TRUE,TRUE,D-BSC,Bacteria,Armatimonadota,Armatimonadia,Armatimonadales,Armatimonadaceae,NA,Armatimonadaceae,ASV738_Armatimonadaceae
ASV742,0.889898299,0.679557214,1.309526676,0.202754348,0.35713272,FALSE,TRUE,D-BSC,Bacteria,Bacteroidota,Bacteroidia,Chitinophagales,Chitinophagaceae,Segetibacter,Segetibacter,ASV742_Segetibacter
ASV746,1.549470502,0.547562658,2.829759261,0.009264884,0.031264513,TRUE,TRUE,D-BSC,Bacteria,Actinomycetota,Thermoleophilia,Solirubrobacterales,Solirubrobacteraceae,Baekduia,Baekduia,ASV746_Baekduia
ASV747,0.825946454,0.603025983,1.36966976,0.183469974,0.330624242,FALSE,TRUE,D-BSC,Bacteria,Bacteroidota,Bacteroidia,Cytophagales,Hymenobacteraceae,Adhaeribacter,Adhaeribacter,ASV747_Adhaeribacter
ASV749,-2.971499091,0.475117509,-6.254240335,1.83E-06,2.76E-05,TRUE,TRUE,D-BSC,Bacteria,Actinomycetota,Acidimicrobiia,Microtrichales,Ilumatobacteraceae,Desertimonas,Desertimonas,ASV749_Desertimonas
ASV75,-2.799486865,0.52946202,-5.28741772,2.01E-05,2.14E-04,TRUE,TRUE,D-BSC,Bacteria,Actinomycetota,Actinobacteria,Propionibacteriales,Nocardioidaceae,NA,Nocardioidaceae,ASV75_Nocardioidaceae
ASV753,-0.860559021,0.584134934,-1.473219578,0.153687206,0.2894884,FALSE,TRUE,D-BSC,Bacteria,Armatimonadota,Fimbriimonadia,Fimbriimonadales,Fimbriimonadaceae,NA,Fimbriimonadaceae,ASV753_Fimbriimonadaceae
ASV756,1.249804853,0.586722555,2.130146254,0.043610761,0.105292278,FALSE,TRUE,D-BSC,Bacteria,Bacteroidota,Bacteroidia,Sphingobacteriales,Sphingobacteriaceae,NA,Sphingobacteriaceae,ASV756_Sphingobacteriaceae
ASV758,0.274863521,0.666622168,0.412322803,0.683762719,0.811293433,FALSE,TRUE,D-BSC,Bacteria,Pseudomonadota,Alphaproteobacteria,Hyphomicrobiales,Beijerinckiaceae,Methylorubrum,Methylorubrum,ASV758_Methylorubrum
ASV76,-1.814593713,0.777353133,-2.334323536,0.02827657,0.07627692,FALSE,FALSE,D-BSC,Bacteria,Deinococcota,Deinococci,Deinococcales,Deinococcaceae,Deinococcus,Deinococcus,ASV76_Deinococcus
ASV763,-0.567861396,0.577055632,-0.984066984,0.334899837,0.513513083,FALSE,TRUE,D-BSC,Bacteria,Planctomycetota,Phycisphaerae,Tepidisphaerales,WD2101 soil group,NA,WD2101_soil_group,ASV763_WD2101_soil_group
ASV764,1.444373459,0.538203901,2.68369192,0.012982615,0.040236898,TRUE,TRUE,D-BSC,Bacteria,Actinomycetota,Acidimicrobiia,Microtrichales,Ilumatobacteraceae,NA,Ilumatobacteraceae,ASV764_Ilumatobacteraceae
ASV769,0.331633516,0.625565935,0.530133592,0.600890213,0.755651865,FALSE,TRUE,D-BSC,Bacteria,Verrucomicrobiota,Verrucomicrobiia,Chthoniobacterales,Chthoniobacteraceae,Chthoniobacter,Chthoniobacter,ASV769_Chthoniobacter
ASV770,2.352947506,0.520327057,4.52205488,1.40E-04,0.001037147,TRUE,TRUE,D-BSC,Bacteria,Pseudomonadota,Alphaproteobacteria,Sphingomonadales,Sphingomonadaceae,Sphingomonas,Sphingomonas,ASV770_Sphingomonas
ASV772,0.02986179,0.543544332,0.054939015,0.956641843,0.976857503,FALSE,TRUE,D-BSC,Bacteria,Armatimonadota,Fimbriimonadia,Fimbriimonadales,Fimbriimonadaceae,NA,Fimbriimonadaceae,ASV772_Fimbriimonadaceae
ASV778,2.342279017,0.437313815,5.356059969,1.69E-05,1.85E-04,TRUE,TRUE,D-BSC,Bacteria,Gemmatimonadota,Longimicrobiia,Longimicrobiales,Longimicrobiaceae,NA,Longimicrobiaceae,ASV778_Longimicrobiaceae
ASV779,-1.535163194,0.806156494,-1.904299234,0.068926274,0.151860978,FALSE,TRUE,D-BSC,Bacteria,Actinomycetota,Thermoleophilia,Solirubrobacterales,Solirubrobacteraceae,Solirubrobacter,Solirubrobacter,ASV779_Solirubrobacter
ASV783,0.78788466,0.601876076,1.309047978,0.202913918,0.35713272,FALSE,TRUE,D-BSC,Bacteria,Gemmatimonadota,Gemmatimonadia,Gemmatimonadales,Gemmatimonadaceae,Roseisolibacter,Roseisolibacter,ASV783_Roseisolibacter
ASV785,-1.193320171,0.511913618,-2.331096748,0.028474642,0.076574883,FALSE,TRUE,D-BSC,Bacteria,Planctomycetota,Phycisphaerae,Tepidisphaerales,WD2101 soil group,NA,WD2101_soil_group,ASV785_WD2101_soil_group
ASV788,0.316270704,0.638881821,0.495037882,0.625075252,0.774915986,FALSE,TRUE,D-BSC,Bacteria,Planctomycetota,Phycisphaerae,Tepidisphaerales,WD2101 soil group,NA,WD2101_soil_group,ASV788_WD2101_soil_group
ASV79,1.699785646,0.672892791,2.52608687,0.018543114,0.054022272,FALSE,TRUE,D-BSC,Bacteria,Acidobacteriota,Blastocatellia,Blastocatellales,Blastocatellaceae,Blastocatella,Blastocatella,ASV79_Blastocatella
ASV790,-1.762902491,0.467199418,-3.773340513,9.32E-04,0.004879576,TRUE,TRUE,D-BSC,Bacteria,Pseudomonadota,Alphaproteobacteria,Hyphomicrobiales,Beijerinckiaceae,Microvirga,Microvirga,ASV790_Microvirga
ASV791,-1.657230649,0.518817335,-3.194246871,0.00389454,0.015471943,TRUE,TRUE,D-BSC,Bacteria,Chloroflexota,Chloroflexia,Chloroflexales,Herpetosiphonaceae,Herpetosiphon,Herpetosiphon,ASV791_Herpetosiphon
ASV793,-0.198072729,0.587564571,-0.33710802,0.738965816,0.855438574,FALSE,TRUE,D-BSC,Bacteria,Bacteroidota,Bacteroidia,Chitinophagales,Chitinophagaceae,Ferruginibacter,Ferruginibacter,ASV793_Ferruginibacter
ASV799,-0.008354344,0.473115236,-0.017658159,0.986057541,0.988715166,FALSE,TRUE,D-BSC,Bacteria,Deinococcota,Deinococci,Thermales,Thermaceae,NA,Thermaceae,ASV799_Thermaceae
ASV8,-6.80990125,0.493948256,-13.78666929,6.71E-13,2.93E-10,TRUE,TRUE,D-BSC,Bacteria,Actinomycetota,Actinobacteria,Frankiales,Geodermatophilaceae,Geodermatophilus,Geodermatophilus,ASV8_Geodermatophilus
ASV80,-3.780337048,0.738344635,-5.120016956,3.07E-05,3.12E-04,TRUE,TRUE,D-BSC,Bacteria,Planctomycetota,Planctomycetes,Isosphaerales,Isosphaeraceae,NA,Isosphaeraceae,ASV80_Isosphaeraceae
ASV802,-1.453237189,0.696277971,-2.087150893,0.047668023,0.112768363,FALSE,TRUE,D-BSC,Bacteria,Planctomycetota,Phycisphaerae,Tepidisphaerales,WD2101 soil group,NA,WD2101_soil_group,ASV802_WD2101_soil_group
ASV803,1.428234387,0.569827956,2.506430885,0.019374678,0.055519568,FALSE,TRUE,D-BSC,Bacteria,Bacteroidota,Bacteroidia,Chitinophagales,Chitinophagaceae,NA,Chitinophagaceae,ASV803_Chitinophagaceae
ASV804,-2.475993754,0.57865462,-4.278880129,2.60E-04,0.001747179,TRUE,TRUE,D-BSC,Bacteria,Actinomycetota,Actinobacteria,Pseudonocardiales,Pseudonocardiaceae,Pseudonocardia,Pseudonocardia,ASV804_Pseudonocardia
ASV806,0.211891382,0.641293287,0.3304126,0.743955301,0.856675801,FALSE,TRUE,D-BSC,Bacteria,Pseudomonadota,Alphaproteobacteria,Sphingomonadales,Sphingomonadaceae,MN 122.2a,MN_122.2a,ASV806_MN_122.2a
ASV810,-2.117950058,0.595985957,-3.553691213,0.001612893,0.007788224,TRUE,TRUE,D-BSC,Bacteria,Actinomycetota,Actinobacteria,Micromonosporales,Micromonosporaceae,Couchioplanes,Couchioplanes,ASV810_Couchioplanes
ASV811,-1.747077201,0.662038009,-2.638937914,0.014377614,0.0442466,TRUE,TRUE,D-BSC,Bacteria,Chloroflexota,Chloroflexia,Thermomicrobiales,AKYG1722,NA,AKYG1722,ASV811_AKYG1722
ASV813,0.571672663,0.680528982,0.840041612,0.409175881,0.590131551,FALSE,TRUE,D-BSC,Bacteria,Armatimonadota,Armatimonadia,Armatimonadales,Armatimonadaceae,NA,Armatimonadaceae,ASV813_Armatimonadaceae
ASV815,-0.222738823,0.623074888,-0.357483229,0.723854622,0.841288484,FALSE,TRUE,D-BSC,Bacteria,Chloroflexota,Chloroflexia,Kallotenuales,AKIW781,NA,AKIW781,ASV815_AKIW781
ASV816,-3.495035105,0.509417446,-6.860846894,4.27E-07,9.34E-06,TRUE,TRUE,D-BSC,Bacteria,Planctomycetota,Planctomycetes,Isosphaerales,Isosphaeraceae,Tautonia,Tautonia,ASV816_Tautonia
ASV82,4.250007167,0.532678205,7.978564025,3.31E-08,1.07E-06,TRUE,TRUE,D-BSC,Bacteria,Armatimonadota,Armatimonadia,Armatimonadales,Armatimonadaceae,NA,Armatimonadaceae,ASV82_Armatimonadaceae
ASV821,2.306645636,0.383697245,6.011629386,3.31E-06,4.52E-05,TRUE,TRUE,D-BSC,Bacteria,Abditibacteriota,Abditibacteriia,Abditibacteriales,Abditibacteriaceae,Abditibacterium,Abditibacterium,ASV821_Abditibacterium
ASV823,-2.710675842,0.545944948,-4.965108386,4.54E-05,4.31E-04,TRUE,TRUE,D-BSC,Bacteria,Planctomycetota,Planctomycetes,Isosphaerales,Isosphaeraceae,Tundrisphaera,Tundrisphaera,ASV823_Tundrisphaera
ASV824,0.419243622,0.584637587,0.717100013,0.480233874,0.656845705,FALSE,TRUE,D-BSC,Bacteria,Acidobacteriota,Vicinamibacteria,Vicinamibacterales,Vicinamibacteraceae,NA,Vicinamibacteraceae,ASV824_Vicinamibacteraceae
ASV825,-0.045117134,0.596645922,-0.075617937,0.940349875,0.973774633,FALSE,TRUE,D-BSC,Bacteria,Verrucomicrobiota,Verrucomicrobiia,Chthoniobacterales,Chthoniobacteraceae,NA,Chthoniobacteraceae,ASV825_Chthoniobacteraceae
ASV826,-3.926488024,0.321783129,-12.20228058,8.84E-12,1.93E-09,TRUE,TRUE,D-BSC,Bacteria,Pseudomonadota,Alphaproteobacteria,Acetobacterales,Acetobacteraceae,NA,Acetobacteraceae,ASV826_Acetobacteraceae
ASV827,-2.751929467,0.697725693,-3.944142367,6.07E-04,0.003511711,TRUE,TRUE,D-BSC,Bacteria,Actinomycetota,Actinobacteria,Frankiales,Sporichthyaceae,NA,Sporichthyaceae,ASV827_Sporichthyaceae
ASV828,-1.668521713,0.654080241,-2.550943462,0.017539051,0.052317853,FALSE,FALSE,D-BSC,Bacteria,Chloroflexota,Anaerolineae,Caldilineales,Caldilineaceae,NA,Caldilineaceae,ASV828_Caldilineaceae
ASV83,-2.124186456,0.370783502,-5.728913081,6.66E-06,7.97E-05,TRUE,TRUE,D-BSC,Bacteria,Pseudomonadota,Alphaproteobacteria,Hyphomicrobiales,Beijerinckiaceae,NA,Beijerinckiaceae,ASV83_Beijerinckiaceae
ASV830,-0.012861924,0.481203725,-0.026728645,0.978897177,0.987414261,FALSE,TRUE,D-BSC,Bacteria,Actinomycetota,Acidimicrobiia,Acidimicrobiales,Acidimicrobiaceae,NA,Acidimicrobiaceae,ASV830_Acidimicrobiaceae
ASV831,-1.451224937,0.648011884,-2.239503585,0.034653845,0.088819534,FALSE,TRUE,D-BSC,Bacteria,Planctomycetota,Phycisphaerae,Tepidisphaerales,WD2101 soil group,NA,WD2101_soil_group,ASV831_WD2101_soil_group
ASV832,0.280783892,0.592326247,0.474035877,0.639758598,0.78312187,FALSE,TRUE,D-BSC,Bacteria,Armatimonadota,Armatimonadia,Armatimonadales,Armatimonadaceae,NA,Armatimonadaceae,ASV832_Armatimonadaceae
ASV833,-1.537626109,0.514797657,-2.986855297,0.006402472,0.022654902,TRUE,TRUE,D-BSC,Bacteria,Bacteroidota,Bacteroidia,Cytophagales,Hymenobacteraceae,Adhaeribacter,Adhaeribacter,ASV833_Adhaeribacter
ASV838,-1.898113765,0.579704707,-3.274276958,0.003206831,0.013187392,TRUE,TRUE,D-BSC,Bacteria,Bacteroidota,Bacteroidia,Cytophagales,Microscillaceae,Flexibacter,Flexibacter,ASV838_Flexibacter
ASV841,0.615533809,0.481241782,1.279053134,0.213107518,0.3702902,FALSE,TRUE,D-BSC,Bacteria,Bacillota,Bacilli,Staphylococcales,Staphylococcaceae,Staphylococcus,Staphylococcus,ASV841_Staphylococcus
ASV843,-3.054284445,0.528594969,-5.778118645,5.89E-06,7.36E-05,TRUE,TRUE,D-BSC,Bacteria,Acidobacteriota,Blastocatellia,Blastocatellales,Blastocatellaceae,NA,Blastocatellaceae,ASV843_Blastocatellaceae
ASV855,-2.072544929,0.439387128,-4.716899514,8.53E-05,6.72E-04,TRUE,TRUE,D-BSC,Bacteria,Pseudomonadota,Alphaproteobacteria,Tistrellales,Geminicoccaceae,Geminicoccus,Geminicoccus,ASV855_Geminicoccus
ASV859,-0.384224735,0.60364396,-0.63650887,0.530469277,0.701407184,FALSE,TRUE,D-BSC,Bacteria,Bacteroidota,Bacteroidia,Cytophagales,Spirosomataceae,Spirosoma,Spirosoma,ASV859_Spirosoma
ASV861,2.839641177,0.486325059,5.838977706,5.07E-06,6.42E-05,TRUE,TRUE,D-BSC,Bacteria,Abditibacteriota,Abditibacteriia,Abditibacteriales,Abditibacteriaceae,Abditibacterium,Abditibacterium,ASV861_Abditibacterium
ASV867,-0.247887566,0.472373492,-0.524770273,0.604556986,0.756995423,FALSE,TRUE,D-BSC,Bacteria,Deinococcota,Deinococci,Deinococcales,Deinococcaceae,NA,Deinococcaceae,ASV867_Deinococcaceae
ASV869,-1.559948047,0.578136237,-2.698236067,0.012557358,0.039478889,TRUE,TRUE,D-BSC,Bacteria,Bacteroidota,Bacteroidia,Chitinophagales,Chitinophagaceae,NA,Chitinophagaceae,ASV869_Chitinophagaceae
ASV87,-4.301648919,0.553307937,-7.774421133,5.22E-08,1.52E-06,TRUE,TRUE,D-BSC,Bacteria,Pseudomonadota,Alphaproteobacteria,Azospirillales,Azospirillaceae,Skermanella,Skermanella,ASV87_Skermanella
ASV871,0.341323354,0.553756361,0.616378209,0.543447736,0.711037906,FALSE,TRUE,D-BSC,Bacteria,Gemmatimonadota,Longimicrobiia,Longimicrobiales,Longimicrobiaceae,NA,Longimicrobiaceae,ASV871_Longimicrobiaceae
ASV876,-1.76755914,0.670879193,-2.634690655,0.014517064,0.044518997,TRUE,TRUE,D-BSC,Bacteria,Pseudomonadota,Alphaproteobacteria,Azospirillales,Azospirillaceae,Azospirillum,Azospirillum,ASV876_Azospirillum
ASV879,-1.187828311,0.660592802,-1.798124817,0.08474942,0.180660958,FALSE,TRUE,D-BSC,Bacteria,Acidobacteriota,Blastocatellia,Pyrinomonadales,Pyrinomonadaceae,Brevitalea,Brevitalea,ASV879_Brevitalea
ASV881,-1.439210201,0.656161965,-2.193376449,0.038206421,0.095399194,FALSE,FALSE,D-BSC,Bacteria,Deinococcota,Deinococci,Deinococcales,Deinococcaceae,Deinococcus,Deinococcus,ASV881_Deinococcus
ASV885,0.181259291,0.613852125,0.295281687,0.770318179,0.870445417,FALSE,TRUE,D-BSC,Bacteria,Actinomycetota,Thermoleophilia,Solirubrobacterales,Solirubrobacteraceae,Solirubrobacter,Solirubrobacter,ASV885_Solirubrobacter
ASV889,-0.211171265,0.695389027,-0.303673565,0.763993674,0.86718243,FALSE,TRUE,D-BSC,Bacteria,Actinomycetota,Actinobacteria,Micrococcales,Microbacteriaceae,NA,Microbacteriaceae,ASV889_Microbacteriaceae
ASV891,-1.945582681,0.553967963,-3.512085196,0.001788084,0.00844749,TRUE,TRUE,D-BSC,Bacteria,Chloroflexota,Chloroflexia,Kallotenuales,AKIW781,NA,AKIW781,ASV891_AKIW781
ASV894,-0.601792785,0.758102107,-0.793814949,0.435082096,0.618847547,FALSE,TRUE,D-BSC,Bacteria,Gemmatimonadota,Gemmatimonadia,Gemmatimonadales,Gemmatimonadaceae,NA,Gemmatimonadaceae,ASV894_Gemmatimonadaceae
ASV895,0.012516141,0.729477095,0.017157688,0.98645266,0.988715166,FALSE,TRUE,D-BSC,Bacteria,Acidobacteriota,Blastocatellia,Blastocatellales,Blastocatellaceae,Blastocatella,Blastocatella,ASV895_Blastocatella
ASV897,-0.917906191,0.594341269,-1.544409313,0.135574061,0.262731106,FALSE,TRUE,D-BSC,Bacteria,Gemmatimonadota,Gemmatimonadia,Gemmatimonadales,Gemmatimonadaceae,Gemmatimonas,Gemmatimonas,ASV897_Gemmatimonas
ASV898,-2.00590612,0.513972077,-3.902753105,6.73E-04,0.003822027,TRUE,TRUE,D-BSC,Bacteria,Pseudomonadota,Alphaproteobacteria,Acetobacterales,Acetobacteraceae,Roseicella,Roseicella,ASV898_Roseicella
ASV899,1.206993412,0.520888906,2.317180108,0.029343529,0.077952111,FALSE,TRUE,D-BSC,Bacteria,Rhodothermota,Rhodothermia,Rhodothermales,Rhodothermaceae,Rubrivirga,Rubrivirga,ASV899_Rubrivirga
ASV9,4.37353201,0.473827106,9.23022755,2.29E-09,1.21E-07,TRUE,TRUE,D-BSC,Bacteria,Abditibacteriota,Abditibacteriia,Abditibacteriales,Abditibacteriaceae,Abditibacterium,Abditibacterium,ASV9_Abditibacterium
ASV90,-0.795612482,0.345858548,-2.300398491,0.030423505,0.079611208,FALSE,TRUE,D-BSC,Bacteria,Actinomycetota,Actinobacteria,Frankiales,Geodermatophilaceae,Blastococcus,Blastococcus,ASV90_Blastococcus
ASV900,-0.368293491,0.588092546,-0.626250907,0.53706174,0.706915603,FALSE,TRUE,D-BSC,Bacteria,Myxococcota,Polyangiia,Haliangiales,Haliangiaceae,NA,Haliangiaceae,ASV900_Haliangiaceae
ASV901,-0.238161328,0.5267286,-0.452151882,0.655219821,0.792317071,FALSE,TRUE,D-BSC,Bacteria,Bacteroidota,Bacteroidia,Cytophagales,Hymenobacteraceae,Hymenobacter,Hymenobacter,ASV901_Hymenobacter
ASV904,-0.436533518,0.554650356,-0.787042707,0.43896035,0.618847547,FALSE,TRUE,D-BSC,Bacteria,Bacteroidota,Bacteroidia,Cytophagales,Hymenobacteraceae,Adhaeribacter,Adhaeribacter,ASV904_Adhaeribacter
ASV907,-1.22338681,0.511460255,-2.391948932,0.024945429,0.069085286,FALSE,TRUE,D-BSC,Bacteria,Pseudomonadota,Alphaproteobacteria,Tistrellales,Geminicoccaceae,Candidatus Alysiosphaera,Candidatus_Alysiosphaera,ASV907_Candidatus_Alysiosphaera
ASV909,-0.217341654,0.520540988,-0.417530337,0.68000222,0.811293433,FALSE,TRUE,D-BSC,Bacteria,Deinococcota,Deinococci,Deinococcales,Deinococcaceae,Deinococcus,Deinococcus,ASV909_Deinococcus
ASV91,-5.270608223,0.422005848,-12.48941986,5.44E-12,1.58E-09,TRUE,TRUE,D-BSC,Bacteria,Actinomycetota,Actinobacteria,Frankiales,Geodermatophilaceae,Geodermatophilus,Geodermatophilus,ASV91_Geodermatophilus
ASV913,-0.047597999,0.689230262,-0.069059647,0.94551432,0.974504146,FALSE,TRUE,D-BSC,Bacteria,Pseudomonadota,Alphaproteobacteria,Caulobacterales,Caulobacteraceae,PMMR1,PMMR1,ASV913_PMMR1
ASV914,-1.451760788,0.630446862,-2.302748852,0.030270093,0.079447632,FALSE,TRUE,D-BSC,Bacteria,Chloroflexota,Chloroflexia,Chloroflexales,Chloroflexaceae,Candidatus Chloroploca,Candidatus_Chloroploca,ASV914_Candidatus_Chloroploca
ASV915,0.581746735,0.568698843,1.022943412,0.316535642,0.49314109,FALSE,TRUE,D-BSC,Bacteria,Bacteroidota,Bacteroidia,Chitinophagales,Chitinophagaceae,NA,Chitinophagaceae,ASV915_Chitinophagaceae
ASV917,1.164844528,0.584218555,1.99385062,0.057650734,0.132946548,FALSE,TRUE,D-BSC,Bacteria,Actinomycetota,Acidimicrobiia,Microtrichales,Iamiaceae,Iamia,Iamia,ASV917_Iamia
ASV918,0.493791827,0.561126654,0.880000662,0.387585957,0.566506465,FALSE,TRUE,D-BSC,Bacteria,Planctomycetota,Phycisphaerae,Tepidisphaerales,WD2101 soil group,NA,WD2101_soil_group,ASV918_WD2101_soil_group
ASV92,-0.690442427,0.721792681,-0.956566125,0.348323446,0.529532334,FALSE,TRUE,D-BSC,Bacteria,Bacteroidota,Bacteroidia,Chitinophagales,Chitinophagaceae,Flavisolibacter,Flavisolibacter,ASV92_Flavisolibacter
ASV920,1.373034977,0.660515135,2.078733559,0.048500739,0.114257805,FALSE,TRUE,D-BSC,Bacteria,Armatimonadota,Armatimonadia,Armatimonadales,Armatimonadaceae,NA,Armatimonadaceae,ASV920_Armatimonadaceae
ASV921,-1.276768644,0.451587906,-2.827287064,0.009318424,0.03132424,TRUE,TRUE,D-BSC,Bacteria,Chloroflexota,Chloroflexia,Chloroflexales,Roseiflexaceae,NA,Roseiflexaceae,ASV921_Roseiflexaceae
ASV925,0.011479274,0.651178372,0.017628463,0.986080986,0.988715166,FALSE,TRUE,D-BSC,Bacteria,Actinomycetota,Acidimicrobiia,Microtrichales,Iamiaceae,Iamia,Iamia,ASV925_Iamia
ASV926,1.295457254,0.501157694,2.584929394,0.01624803,0.048799925,FALSE,FALSE,D-BSC,Bacteria,Bacteroidota,Bacteroidia,Flavobacteriales,Flavobacteriaceae,Flavobacterium,Flavobacterium,ASV926_Flavobacterium
ASV928,0.067976293,0.524210863,0.129673568,0.897905386,0.9527977,FALSE,TRUE,D-BSC,Bacteria,Planctomycetota,Planctomycetes,Gemmatales,Gemmataceae,Gemmata,Gemmata,ASV928_Gemmata
ASV929,-0.378538218,0.656496645,-0.576603431,0.569576428,0.727981677,FALSE,TRUE,D-BSC,Bacteria,Pseudomonadota,Gammaproteobacteria,Burkholderiales,Comamonadaceae,Polaromonas,Polaromonas,ASV929_Polaromonas
ASV93,-0.158170036,0.642705618,-0.246100286,0.807697187,0.895116872,FALSE,TRUE,D-BSC,Bacteria,Actinomycetota,Actinobacteria,Kineosporiales,Kineosporiaceae,Angustibacter,Angustibacter,ASV93_Angustibacter
ASV936,0.238933109,0.645263549,0.370287628,0.714416072,0.833921253,FALSE,TRUE,D-BSC,Bacteria,Verrucomicrobiota,Verrucomicrobiia,Chthoniobacterales,Chthoniobacteraceae,Chthoniobacter,Chthoniobacter,ASV936_Chthoniobacter
ASV937,-1.131306174,0.545440824,-2.074113495,0.048963295,0.114729007,FALSE,TRUE,D-BSC,Bacteria,Bacillota,Bacilli,Bacillales,Bacillaceae,Schinkia,Schinkia,ASV937_Schinkia
ASV942,0.659472466,0.478759256,1.377461547,0.181080837,0.327896333,FALSE,TRUE,D-BSC,Bacteria,Pseudomonadota,Alphaproteobacteria,Sphingomonadales,Sphingomonadaceae,Croceibacterium,Croceibacterium,ASV942_Croceibacterium
ASV944,0.536281692,0.626169088,0.856448684,0.400220427,0.581050918,FALSE,TRUE,D-BSC,Bacteria,Verrucomicrobiota,Verrucomicrobiia,Chthoniobacterales,Chthoniobacteraceae,NA,Chthoniobacteraceae,ASV944_Chthoniobacteraceae
ASV947,0.685104294,0.566801163,1.208720694,0.238544543,0.404046378,FALSE,TRUE,D-BSC,Bacteria,Verrucomicrobiota,Verrucomicrobiia,Chthoniobacterales,Chthoniobacteraceae,Chthoniobacter,Chthoniobacter,ASV947_Chthoniobacter
ASV948,-1.898463341,0.57862545,-3.280988317,0.003154826,0.013067856,TRUE,TRUE,D-BSC,Bacteria,Chloroflexota,Chloroflexia,Kallotenuales,AKIW781,NA,AKIW781,ASV948_AKIW781
ASV949,-0.193192507,0.658303218,-0.293470397,0.771685402,0.870445417,FALSE,TRUE,D-BSC,Bacteria,Pseudomonadota,Gammaproteobacteria,Lysobacterales,Lysobacteraceae,Pseudoxanthomonas,Pseudoxanthomonas,ASV949_Pseudoxanthomonas
ASV95,2.014023927,0.621978037,3.238094927,0.003501812,0.014169368,TRUE,TRUE,D-BSC,Bacteria,Pseudomonadota,Alphaproteobacteria,Sphingomonadales,Sphingomonadaceae,Sphingomonas,Sphingomonas,ASV95_Sphingomonas
ASV951,1.164919252,0.764389202,1.523987058,0.140581764,0.27183288,FALSE,TRUE,D-BSC,Bacteria,Armatimonadota,Armatimonadia,Armatimonadales,Armatimonadaceae,NA,Armatimonadaceae,ASV951_Armatimonadaceae
ASV952,-0.121172258,0.469818963,-0.257912659,0.79867304,0.891494556,FALSE,TRUE,D-BSC,Bacteria,Bacteroidota,Bacteroidia,Chitinophagales,Chitinophagaceae,NA,Chitinophagaceae,ASV952_Chitinophagaceae
ASV954,1.872089969,0.6051279,3.093709559,0.004961831,0.018221179,TRUE,TRUE,D-BSC,Bacteria,Actinomycetota,Thermoleophilia,Solirubrobacterales,Solirubrobacteraceae,Parviterribacter,Parviterribacter,ASV954_Parviterribacter
ASV958,-0.036334655,0.625343559,-0.058103508,0.954147254,0.976857503,FALSE,TRUE,D-BSC,Bacteria,Bacteroidota,Bacteroidia,Flavobacteriales,NS9 marine group,NA,NS9_marine_group,ASV958_NS9_marine_group
ASV959,-1.250922959,0.698289954,-1.791409073,0.085847958,0.182457769,FALSE,TRUE,D-BSC,Bacteria,Actinomycetota,Acidimicrobiia,Microtrichales,Microtrichaceae,NA,Microtrichaceae,ASV959_Microtrichaceae
ASV96,0.804692486,0.484653879,1.660344674,0.109856168,0.221742012,FALSE,TRUE,D-BSC,Bacteria,Abditibacteriota,Abditibacteriia,Abditibacteriales,Abditibacteriaceae,Abditibacterium,Abditibacterium,ASV96_Abditibacterium
ASV962,-1.298519808,0.771492642,-1.683126626,0.105316192,0.214821833,FALSE,TRUE,D-BSC,Bacteria,Gemmatimonadota,Longimicrobiia,Longimicrobiales,Longimicrobiaceae,NA,Longimicrobiaceae,ASV962_Longimicrobiaceae
ASV964,0.635882525,0.639262664,0.99471244,0.329799982,0.511073022,FALSE,TRUE,D-BSC,Bacteria,Verrucomicrobiota,Verrucomicrobiia,Chthoniobacterales,Chthoniobacteraceae,Chthoniobacter,Chthoniobacter,ASV964_Chthoniobacter
ASV965,-1.769623613,0.642022674,-2.756325725,0.010986195,0.035562719,TRUE,TRUE,D-BSC,Bacteria,Verrucomicrobiota,Verrucomicrobiia,Chthoniobacterales,Chthoniobacteraceae,Chthoniobacter,Chthoniobacter,ASV965_Chthoniobacter
ASV969,2.061746742,0.38402656,5.368760804,1.64E-05,1.81E-04,TRUE,TRUE,D-BSC,Bacteria,Myxococcota,Polyangiia,Polyangiales,Phaselicystaceae,Phaselicystis,Phaselicystis,ASV969_Phaselicystis
ASV970,-1.689595573,0.537226917,-3.145031491,0.004385967,0.0165878,TRUE,TRUE,D-BSC,Bacteria,Planctomycetota,Planctomycetes,Isosphaerales,Isosphaeraceae,Tundrisphaera,Tundrisphaera,ASV970_Tundrisphaera
ASV976,0.192584694,0.520548432,0.369964987,0.714653339,0.833921253,FALSE,TRUE,D-BSC,Bacteria,Bacteroidota,Bacteroidia,Flavobacteriales,Flavobacteriaceae,Flavobacterium,Flavobacterium,ASV976_Flavobacterium
ASV980,-2.762487938,0.453611433,-6.089987462,2.73E-06,3.85E-05,TRUE,TRUE,D-BSC,Bacteria,Pseudomonadota,Alphaproteobacteria,Hyphomicrobiales,Beijerinckiaceae,NA,Beijerinckiaceae,ASV980_Beijerinckiaceae
ASV981,1.431676455,0.617801733,2.317372028,0.029331384,0.077952111,FALSE,TRUE,D-BSC,Bacteria,Pseudomonadota,Alphaproteobacteria,Caulobacterales,Caulobacteraceae,Phenylobacterium,Phenylobacterium,ASV981_Phenylobacterium
ASV982,-3.688135115,0.588759605,-6.264246197,1.79E-06,2.74E-05,TRUE,TRUE,D-BSC,Bacteria,Planctomycetota,Planctomycetes,Isosphaerales,Isosphaeraceae,NA,Isosphaeraceae,ASV982_Isosphaeraceae
ASV987,1.757996748,0.449016351,3.915217659,6.53E-04,0.003752573,TRUE,TRUE,D-BSC,Bacteria,Actinomycetota,Acidimicrobiia,Acidimicrobiales,Acidimicrobiaceae,NA,Acidimicrobiaceae,ASV987_Acidimicrobiaceae
ASV988,-0.476685366,0.66385304,-0.718058572,0.479653382,0.656845705,FALSE,TRUE,D-BSC,Bacteria,Planctomycetota,Phycisphaerae,Tepidisphaerales,Tepidisphaeraceae,NA,Tepidisphaeraceae,ASV988_Tepidisphaeraceae
ASV990,1.587895973,0.503332769,3.154763746,0.004284275,0.016568391,TRUE,TRUE,D-BSC,Bacteria,Myxococcota,Myxococcia,Myxococcales,Myxococcaceae,NA,Myxococcaceae,ASV990_Myxococcaceae
ASV997,0.414212981,0.600350772,0.689951609,0.49684272,0.673241143,FALSE,TRUE,D-BSC,Bacteria,Planctomycetota,Planctomycetes,Gemmatales,Gemmataceae,Fimbriiglobus,Fimbriiglobus,ASV997_Fimbriiglobus
ASV998,-2.133310576,0.652609588,-3.268892483,0.003249154,0.013208189,TRUE,TRUE,D-BSC,Bacteria,Planctomycetota,Planctomycetes,Isosphaerales,Isosphaeraceae,Tundrisphaera,Tundrisphaera,ASV998_Tundrisphaera
