taxon,lfc,se,W,p,q,diff_robust,passed_ss,Fraction,Kingdom,Phylum,Class,Order,Family,Genus,Lowest,label
ASV10,-1.094990717,0.257213997,-4.257119483,2.75E-04,0.001805313,TRUE,TRUE,Bulk,Bacteria,Pseudomonadota,Alphaproteobacteria,Rhodobacterales,Paracoccaceae,Rubellimicrobium,Rubellimicrobium,ASV10_Rubellimicrobium
ASV1000,-0.554146146,0.630411307,-0.879023171,0.388105139,0.524009552,FALSE,TRUE,Bulk,Bacteria,Chloroflexota,Chloroflexia,Thermomicrobiales,JG30-KF-CM45,NA,JG30-KF-CM45,ASV1000_JG30-KF-CM45
ASV1002,2.489793437,0.476154121,5.22896543,2.33E-05,2.66E-04,TRUE,TRUE,Bulk,Bacteria,Bacteroidota,Bacteroidia,Cytophagales,Hymenobacteraceae,Pontibacter,Pontibacter,ASV1002_Pontibacter
ASV1005,-2.172139933,0.574550644,-3.780589153,9.16E-04,0.004380044,TRUE,TRUE,Bulk,Bacteria,Myxococcota,Polyangiia,Haliangiales,Haliangiaceae,NA,Haliangiaceae,ASV1005_Haliangiaceae
ASV1008,-1.621005969,0.441038845,-3.67542675,0.001191236,0.005319374,TRUE,TRUE,Bulk,Bacteria,Pseudomonadota,Alphaproteobacteria,Sphingomonadales,Sphingomonadaceae,Croceibacterium,Croceibacterium,ASV1008_Croceibacterium
ASV1009,-1.147308985,0.653600618,-1.755367045,0.091954694,0.163827329,FALSE,TRUE,Bulk,Bacteria,Pseudomonadota,Alphaproteobacteria,Acetobacterales,Acetobacteraceae,Roseomonas,Roseomonas,ASV1009_Roseomonas
ASV101,-0.510686762,0.39477438,-1.293616781,0.208110014,0.320010439,FALSE,TRUE,Bulk,Bacteria,Abditibacteriota,Abditibacteriia,Abditibacteriales,Abditibacteriaceae,Abditibacterium,Abditibacterium,ASV101_Abditibacterium
ASV1011,-2.964838051,0.477908636,-6.203775844,2.07E-06,4.72E-05,TRUE,TRUE,Bulk,Bacteria,Bacteroidota,Bacteroidia,Chitinophagales,Chitinophagaceae,Flavisolibacter,Flavisolibacter,ASV1011_Flavisolibacter
ASV1013,-1.375629947,0.430710455,-3.193862444,0.003898164,0.012280801,FALSE,FALSE,Bulk,Bacteria,Chloroflexota,Chloroflexia,Chloroflexales,Chloroflexaceae,NA,Chloroflexaceae,ASV1013_Chloroflexaceae
ASV1016,-0.592748816,0.599614403,-0.988549996,0.332745635,0.465296324,FALSE,TRUE,Bulk,Bacteria,Actinomycetota,Actinobacteria,Propionibacteriales,Nocardioidaceae,Aeromicrobium,Aeromicrobium,ASV1016_Aeromicrobium
ASV1018,-0.536993716,0.506925645,-1.059314559,0.300001946,0.431357157,FALSE,TRUE,Bulk,Bacteria,Bacteroidota,Bacteroidia,Chitinophagales,Chitinophagaceae,NA,Chitinophagaceae,ASV1018_Chitinophagaceae
ASV102,-0.214483112,0.491395956,-0.436477161,0.666392106,0.76625205,FALSE,TRUE,Bulk,Bacteria,Acidobacteriota,Blastocatellia,Blastocatellales,Blastocatellaceae,Blastocatella,Blastocatella,ASV102_Blastocatella
ASV103,-0.549244929,0.314515968,-1.746318107,0.093544953,0.1662783,FALSE,TRUE,Bulk,Bacteria,Deinococcota,Deinococci,Deinococcales,Deinococcaceae,Deinococcus,Deinococcus,ASV103_Deinococcus
ASV1033,-0.304254108,0.640310401,-0.475166587,0.638964166,0.752579375,FALSE,TRUE,Bulk,Bacteria,Pseudomonadota,Alphaproteobacteria,Acetobacterales,Acetobacteraceae,Roseomonas,Roseomonas,ASV1033_Roseomonas
ASV1034,-1.186917176,0.541514262,-2.191848413,0.038329551,0.079426209,FALSE,TRUE,Bulk,Bacteria,Chloroflexota,Chloroflexia,Chloroflexales,Roseiflexaceae,NA,Roseiflexaceae,ASV1034_Roseiflexaceae
ASV1035,-0.267714782,0.415132361,-0.644890178,0.525115485,0.654283764,FALSE,TRUE,Bulk,Bacteria,Verrucomicrobiota,Verrucomicrobiia,Chthoniobacterales,Chthoniobacteraceae,Chthoniobacter,Chthoniobacter,ASV1035_Chthoniobacter
ASV1037,-1.761424856,0.575899482,-3.058563015,0.005397396,0.015904876,FALSE,FALSE,Bulk,Bacteria,Armatimonadota,Armatimonadia,Armatimonadales,Armatimonadaceae,NA,Armatimonadaceae,ASV1037_Armatimonadaceae
ASV104,0.080362622,0.26502384,0.303227898,0.764329133,0.840217043,FALSE,TRUE,Bulk,Bacteria,Pseudomonadota,Alphaproteobacteria,Acetobacterales,Acetobacteraceae,Roseomonas,Roseomonas,ASV104_Roseomonas
ASV1040,-0.633753567,0.318449635,-1.990121817,0.058085603,0.113391291,FALSE,TRUE,Bulk,Bacteria,Planctomycetota,Planctomycetes,Gemmatales,Gemmataceae,NA,Gemmataceae,ASV1040_Gemmataceae
ASV1041,-1.290385198,0.366850715,-3.517466761,0.001764419,0.006976655,TRUE,TRUE,Bulk,Bacteria,Pseudomonadota,Gammaproteobacteria,Burkholderiales,TRA3-20,NA,TRA3-20,ASV1041_TRA3-20
ASV1045,0.773028312,0.443645864,1.742444538,0.09423283,0.166736172,FALSE,FALSE,Bulk,Bacteria,Pseudomonadota,Gammaproteobacteria,Burkholderiales,Burkholderiaceae,NA,Burkholderiaceae,ASV1045_Burkholderiaceae
ASV1047,-1.370285416,0.455909603,-3.005607708,0.006123578,0.017642278,FALSE,FALSE,Bulk,Bacteria,Pseudomonadota,Alphaproteobacteria,Sphingomonadales,Sphingomonadaceae,NA,Sphingomonadaceae,ASV1047_Sphingomonadaceae
ASV1048,-0.624773165,0.671081408,-0.930994597,0.361127448,0.495351809,FALSE,TRUE,Bulk,Bacteria,Pseudomonadota,Gammaproteobacteria,Burkholderiales,Burkholderiaceae,Limnobacter,Limnobacter,ASV1048_Limnobacter
ASV1053,-0.045677506,0.583343713,-0.078302903,0.938236305,0.961816318,FALSE,TRUE,Bulk,Bacteria,Chloroflexota,Chloroflexia,Thermomicrobiales,AKYG1722,NA,AKYG1722,ASV1053_AKYG1722
ASV1056,-1.609223734,0.55078695,-2.921680939,0.007469204,0.020200557,FALSE,FALSE,Bulk,Bacteria,Chloroflexota,Chloroflexia,Thermomicrobiales,JG30-KF-CM45,NA,JG30-KF-CM45,ASV1056_JG30-KF-CM45
ASV106,-2.024531582,0.588140172,-3.442260328,0.002124684,0.007916491,TRUE,TRUE,Bulk,Bacteria,Pseudomonadota,Alphaproteobacteria,Hyphomicrobiales,Devosiaceae,Devosia,Devosia,ASV106_Devosia
ASV1061,2.402212341,0.380753536,6.309100552,1.60E-06,4.31E-05,TRUE,TRUE,Bulk,Bacteria,Planctomycetota,Phycisphaerae,Tepidisphaerales,WD2101 Bulk group,NA,WD2101_Bulk_group,ASV1061_WD2101_Bulk_group
ASV1065,0.648113794,0.642256592,1.009119724,0.322983546,0.455113178,FALSE,TRUE,Bulk,Bacteria,Actinomycetota,Rubrobacteria,Rubrobacterales,Rubrobacteriaceae,Rubrobacter,Rubrobacter,ASV1065_Rubrobacter
ASV1067,0.614702209,0.435411054,1.41177447,0.170850869,0.271887933,FALSE,TRUE,Bulk,Bacteria,Planctomycetota,Planctomycetes,Gemmatales,Gemmataceae,Gemmata,Gemmata,ASV1067_Gemmata
ASV1068,-0.872648024,0.535231168,-1.630413317,0.116069744,0.198359463,FALSE,TRUE,Bulk,Bacteria,Bacteroidota,Bacteroidia,Flavobacteriales,Crocinitomicaceae,Fluviicola,Fluviicola,ASV1068_Fluviicola
ASV1075,-1.980994799,0.572925604,-3.45768244,0.002045398,0.007808785,TRUE,TRUE,Bulk,Bacteria,Chloroflexota,Chloroflexia,Kallotenuales,AKIW781,NA,AKIW781,ASV1075_AKIW781
ASV1076,-0.277342716,0.321990904,-0.861337113,0.397576579,0.532485425,FALSE,TRUE,Bulk,Bacteria,Pseudomonadota,Alphaproteobacteria,Hyphomicrobiales,Hyphomicrobiales Incertae Sedis,Phreatobacter,Phreatobacter,ASV1076_Phreatobacter
ASV1078,0.270834073,0.615927841,0.439717212,0.664076159,0.76625205,FALSE,TRUE,Bulk,Bacteria,Chloroflexota,Chloroflexia,Kallotenuales,AKIW781,NA,AKIW781,ASV1078_AKIW781
ASV108,-0.878254883,0.343567907,-2.556277416,0.017330296,0.04197181,FALSE,FALSE,Bulk,Bacteria,Chloroflexota,Chloroflexia,Thermomicrobiales,JG30-KF-CM45,NA,JG30-KF-CM45,ASV108_JG30-KF-CM45
ASV1082,-1.877821985,0.59160621,-3.174107969,0.004088851,0.012726344,FALSE,FALSE,Bulk,Bacteria,Planctomycetota,Phycisphaerae,Tepidisphaerales,WD2101 Bulk group,NA,WD2101_Bulk_group,ASV1082_WD2101_Bulk_group
ASV1083,0.572615424,0.601488697,0.951996982,0.350588501,0.482604065,FALSE,TRUE,Bulk,Bacteria,Myxococcota,Polyangiia,Haliangiales,Haliangiaceae,NA,Haliangiaceae,ASV1083_Haliangiaceae
ASV1094,-2.339605169,0.387859041,-6.032101664,3.15E-06,6.26E-05,TRUE,TRUE,Bulk,Bacteria,Bacteroidota,Bacteroidia,Cytophagales,Hymenobacteraceae,Rufibacter,Rufibacter,ASV1094_Rufibacter
ASV110,0.156441311,0.605484542,0.258373749,0.798321358,0.866525283,FALSE,TRUE,Bulk,Bacteria,Acidobacteriota,Blastocatellia,Blastocatellales,Blastocatellaceae,Blastocatella,Blastocatella,ASV110_Blastocatella
ASV1105,-0.625203041,0.633869864,-0.986327126,0.333812589,0.465296324,FALSE,TRUE,Bulk,Bacteria,Pseudomonadota,Alphaproteobacteria,Azospirillales,Azospirillaceae,Azospirillum,Azospirillum,ASV1105_Azospirillum
ASV1107,-1.791234656,0.402694084,-4.448127569,1.69E-04,0.001201625,TRUE,TRUE,Bulk,Bacteria,Chloroflexota,Chloroflexia,Chloroflexales,Chloroflexaceae,Chloronema,Chloronema,ASV1107_Chloronema
ASV1111,-0.044241796,0.600006472,-0.073735531,0.941831947,0.963192373,FALSE,TRUE,Bulk,Bacteria,Armatimonadota,Armatimonadia,Armatimonadales,Armatimonadaceae,NA,Armatimonadaceae,ASV1111_Armatimonadaceae
ASV1112,-1.22435169,0.610727481,-2.004743078,0.056396845,0.11093288,FALSE,TRUE,Bulk,Bacteria,Myxococcota,Myxococcia,Myxococcales,Myxococcaceae,Myxococcus,Myxococcus,ASV1112_Myxococcus
ASV1113,-0.922660502,0.628830149,-1.467265053,0.15528713,0.252830936,FALSE,TRUE,Bulk,Bacteria,Bacteroidota,Bacteroidia,Chitinophagales,Chitinophagaceae,Flavisolibacter,Flavisolibacter,ASV1113_Flavisolibacter
ASV1114,-2.620462025,0.415556258,-6.305914001,1.61E-06,4.31E-05,TRUE,TRUE,Bulk,Bacteria,Pseudomonadota,Alphaproteobacteria,Hyphomicrobiales,Beijerinckiaceae,NA,Beijerinckiaceae,ASV1114_Beijerinckiaceae
ASV1124,-0.49419039,0.533413051,-0.926468502,0.363426043,0.496746355,FALSE,TRUE,Bulk,Bacteria,Pseudomonadota,Alphaproteobacteria,Sphingomonadales,Sphingomonadaceae,NA,Sphingomonadaceae,ASV1124_Sphingomonadaceae
ASV1125,-2.787711682,0.509158266,-5.475137825,1.25E-05,1.82E-04,TRUE,TRUE,Bulk,Bacteria,Chloroflexota,Chloroflexia,Thermomicrobiales,JG30-KF-CM45,NA,JG30-KF-CM45,ASV1125_JG30-KF-CM45
ASV1128,-2.608262934,0.427748559,-6.097654523,2.68E-06,5.77E-05,TRUE,TRUE,Bulk,Bacteria,Pseudomonadota,Alphaproteobacteria,Hyphomicrobiales,Beijerinckiaceae,NA,Beijerinckiaceae,ASV1128_Beijerinckiaceae
ASV113,2.15893073,0.657388387,3.284102325,0.003130974,0.010325552,TRUE,TRUE,Bulk,Bacteria,Myxococcota,Myxococcia,Myxococcales,Myxococcaceae,Archangium,Archangium,ASV113_Archangium
ASV1131,-1.1945803,0.48099588,-2.483556203,0.020385957,0.048315342,FALSE,FALSE,Bulk,Bacteria,Verrucomicrobiota,Verrucomicrobiia,Pedosphaerales,Pedosphaeraceae,NA,Pedosphaeraceae,ASV1131_Pedosphaeraceae
ASV1132,-1.312432985,0.533082394,-2.461970234,0.021384932,0.049923034,FALSE,FALSE,Bulk,Bacteria,Chloroflexota,Chloroflexia,Thermobaculales,Thermobaculaceae,Thermobaculum,Thermobaculum,ASV1132_Thermobaculum
ASV1133,-2.277837251,0.477174028,-4.773598551,7.38E-05,6.43E-04,TRUE,TRUE,Bulk,Bacteria,Bacteroidota,Bacteroidia,Cytophagales,Spirosomataceae,Nibrella,Nibrella,ASV1133_Nibrella
ASV1137,-1.402854549,0.639869822,-2.192406175,0.038284565,0.079426209,FALSE,TRUE,Bulk,Bacteria,Pseudomonadota,Alphaproteobacteria,Hyphomicrobiales,Beijerinckiaceae,Psychroglaciecola,Psychroglaciecola,ASV1137_Psychroglaciecola
ASV114,-2.396117642,0.446545778,-5.36589474,1.65E-05,2.19E-04,TRUE,TRUE,Bulk,Bacteria,Bacteroidota,Bacteroidia,Cytophagales,Hymenobacteraceae,Hymenobacter,Hymenobacter,ASV114_Hymenobacter
ASV1140,-1.317003789,0.414464485,-3.177603477,0.004054467,0.012670209,FALSE,FALSE,Bulk,Bacteria,Acidobacteriota,Thermoanaerobaculia,Thermoanaerobaculales,Thermoanaerobaculaceae,Subgroup 10,Subgroup_10,ASV1140_Subgroup_10
ASV1141,-1.7254109,0.534254313,-3.229568501,0.003575053,0.011496541,TRUE,TRUE,Bulk,Bacteria,Deinococcota,Deinococci,Deinococcales,Deinococcaceae,Deinococcus,Deinococcus,ASV1141_Deinococcus
ASV1142,-1.911968088,0.558190975,-3.425293804,0.002215369,0.008060613,TRUE,TRUE,Bulk,Bacteria,Actinomycetota,Actinobacteria,Micromonosporales,Micromonosporaceae,Actinoplanes,Actinoplanes,ASV1142_Actinoplanes
ASV115,-3.164980473,0.704197322,-4.494451164,1.50E-04,0.001098267,TRUE,TRUE,Bulk,Bacteria,Gemmatimonadota,Longimicrobiia,Longimicrobiales,Longimicrobiaceae,Longimicrobium,Longimicrobium,ASV115_Longimicrobium
ASV1155,-1.523678653,0.534849243,-2.848800241,0.008862188,0.02328202,FALSE,FALSE,Bulk,Bacteria,Planctomycetota,Phycisphaerae,Tepidisphaerales,WD2101 Bulk group,NA,WD2101_Bulk_group,ASV1155_WD2101_Bulk_group
ASV1157,0.202367506,0.607159612,0.333301989,0.741800686,0.820146124,FALSE,TRUE,Bulk,Bacteria,Planctomycetota,Planctomycetes,Isosphaerales,Isosphaeraceae,Tautonia,Tautonia,ASV1157_Tautonia
ASV1161,0.241249645,0.519229796,0.464629817,0.646384218,0.755577329,FALSE,TRUE,Bulk,Bacteria,Gemmatimonadota,Longimicrobiia,Longimicrobiales,Longimicrobiaceae,NA,Longimicrobiaceae,ASV1161_Longimicrobiaceae
ASV1165,-1.342854224,0.411765526,-3.261210906,0.003310469,0.010734786,FALSE,FALSE,Bulk,Bacteria,Verrucomicrobiota,Verrucomicrobiia,Chthoniobacterales,Chthoniobacteraceae,Chthoniobacter,Chthoniobacter,ASV1165_Chthoniobacter
ASV1167,1.301380717,0.544958057,2.388038308,0.025159543,0.056195098,FALSE,FALSE,Bulk,Bacteria,Pseudomonadota,Alphaproteobacteria,Acetobacterales,Acetobacteraceae,NA,Acetobacteraceae,ASV1167_Acetobacteraceae
ASV117,-2.447940561,0.539622349,-4.53639581,1.35E-04,0.001025807,TRUE,TRUE,Bulk,Bacteria,Acidobacteriota,Blastocatellia,Blastocatellales,Blastocatellaceae,Blastocatella,Blastocatella,ASV117_Blastocatella
ASV1170,-2.947566668,0.507858415,-5.803914203,5.53E-06,9.52E-05,TRUE,TRUE,Bulk,Bacteria,Bacteroidota,Bacteroidia,Chitinophagales,Chitinophagaceae,Cnuella,Cnuella,ASV1170_Cnuella
ASV1172,0.517077262,0.672808845,0.768535174,0.449666223,0.584716984,FALSE,TRUE,Bulk,Bacteria,Planctomycetota,Planctomycetes,Isosphaerales,Isosphaeraceae,Tautonia,Tautonia,ASV1172_Tautonia
ASV1175,-0.601009889,0.450703368,-1.333493228,0.194889,0.301475,FALSE,TRUE,Bulk,Bacteria,Pseudomonadota,Alphaproteobacteria,Caulobacterales,Caulobacteraceae,Phenylobacterium,Phenylobacterium,ASV1175_Phenylobacterium
ASV118,-3.006200208,0.797462671,-3.769706489,9.41E-04,0.004473615,TRUE,TRUE,Bulk,Bacteria,Pseudomonadota,Alphaproteobacteria,Sphingomonadales,Sphingomonadaceae,NA,Sphingomonadaceae,ASV118_Sphingomonadaceae
ASV1180,0.423655251,0.62940732,0.673101881,0.50731277,0.637224306,FALSE,TRUE,Bulk,Bacteria,Chloroflexota,Chloroflexia,Kallotenuales,Kallotenuaceae,Kallotenue,Kallotenue,ASV1180_Kallotenue
ASV1183,1.302942324,0.534544609,2.437480995,0.022573019,0.051911247,FALSE,FALSE,Bulk,Bacteria,Pseudomonadota,Alphaproteobacteria,Acetobacterales,Acetobacteraceae,NA,Acetobacteraceae,ASV1183_Acetobacteraceae
ASV119,1.621757561,0.542571564,2.989020559,0.00636966,0.018088054,TRUE,TRUE,Bulk,Bacteria,Armatimonadota,Armatimonadia,Armatimonadales,Armatimonadaceae,NA,Armatimonadaceae,ASV119_Armatimonadaceae
ASV1192,0.685091305,0.591915441,1.157414147,0.258492908,0.382312984,FALSE,TRUE,Bulk,Bacteria,Planctomycetota,Planctomycetes,Isosphaerales,Isosphaeraceae,Tautonia,Tautonia,ASV1192_Tautonia
ASV1196,-0.860105854,0.596588777,-1.441706394,0.16230773,0.262059355,FALSE,TRUE,Bulk,Bacteria,Bacteroidota,Bacteroidia,Cytophagales,Hymenobacteraceae,Adhaeribacter,Adhaeribacter,ASV1196_Adhaeribacter
ASV120,-1.473674492,0.408533275,-3.607232465,0.001411966,0.00594714,TRUE,TRUE,Bulk,Bacteria,Gemmatimonadota,Longimicrobiia,Longimicrobiales,Longimicrobiaceae,NA,Longimicrobiaceae,ASV120_Longimicrobiaceae
ASV1200,-0.664299479,0.38434456,-1.728395688,0.096763934,0.170824712,FALSE,TRUE,Bulk,Bacteria,Planctomycetota,Planctomycetes,Gemmatales,Gemmataceae,Fimbriiglobus,Fimbriiglobus,ASV1200_Fimbriiglobus
ASV1205,-0.730119949,0.405196245,-1.801892191,0.084138474,0.152165316,FALSE,TRUE,Bulk,Bacteria,Bacteroidota,Bacteroidia,Sphingobacteriales,env.OPS 17,NA,env.OPS_17,ASV1205_env.OPS_17
ASV1207,-0.160232983,0.385124808,-0.41605469,0.68106697,0.779717555,FALSE,TRUE,Bulk,Bacteria,Pseudomonadota,Alphaproteobacteria,Hyphomicrobiales,Rhizobiaceae,Mesorhizobium,Mesorhizobium,ASV1207_Mesorhizobium
ASV122,0.109640095,0.288831185,0.37959923,0.70758114,0.795966629,FALSE,TRUE,Bulk,Bacteria,Pseudomonadota,Alphaproteobacteria,Rhodobacterales,Paracoccaceae,Oceanicella,Oceanicella,ASV122_Oceanicella
ASV1220,-1.794082758,0.529658326,-3.387245455,0.002432641,0.008701779,TRUE,TRUE,Bulk,Bacteria,Bacteroidota,Bacteroidia,Chitinophagales,Chitinophagaceae,Segetibacter,Segetibacter,ASV1220_Segetibacter
ASV1221,-0.81776874,0.341832324,-2.392309574,0.024925768,0.055992668,FALSE,TRUE,Bulk,Bacteria,Verrucomicrobiota,Verrucomicrobiia,Verrucomicrobiales,Verrucomicrobiaceae,NA,Verrucomicrobiaceae,ASV1221_Verrucomicrobiaceae
ASV1224,0.942022998,0.437031229,2.155504996,0.041365744,0.084364346,FALSE,FALSE,Bulk,Bacteria,Chloroflexota,Chloroflexia,Kallotenuales,AKIW781,NA,AKIW781,ASV1224_AKIW781
ASV1225,0.341427805,0.755834528,0.451722953,0.655524469,0.761666362,FALSE,TRUE,Bulk,Bacteria,Planctomycetota,Planctomycetes,Isosphaerales,Isosphaeraceae,Tundrisphaera,Tundrisphaera,ASV1225_Tundrisphaera
ASV1227,-2.024763247,0.544346475,-3.719622228,0.001066655,0.004857392,TRUE,TRUE,Bulk,Bacteria,Pseudomonadota,Alphaproteobacteria,Acetobacterales,Acetobacteraceae,NA,Acetobacteraceae,ASV1227_Acetobacteraceae
ASV1228,1.146047272,0.504713055,2.270690761,0.032424689,0.069226265,FALSE,FALSE,Bulk,Bacteria,Abditibacteriota,Abditibacteriia,Abditibacteriales,Abditibacteriaceae,Abditibacterium,Abditibacterium,ASV1228_Abditibacterium
ASV1231,0.698273477,0.542759106,1.286525585,0.210531956,0.322455072,FALSE,TRUE,Bulk,Bacteria,Deinococcota,Deinococci,Deinococcales,Trueperaceae,Truepera,Truepera,ASV1231_Truepera
ASV1233,1.554015566,0.603544713,2.574814312,0.01662269,0.040639069,TRUE,TRUE,Bulk,Bacteria,Pseudomonadota,Alphaproteobacteria,Rhodobacterales,Paracoccaceae,Amaricoccus,Amaricoccus,ASV1233_Amaricoccus
ASV1235,-2.76348916,0.463224746,-5.965763238,3.71E-06,6.53E-05,TRUE,TRUE,Bulk,Bacteria,Chloroflexota,Chloroflexia,Kallotenuales,AKIW781,NA,AKIW781,ASV1235_AKIW781
ASV124,-0.733495677,0.621548577,-1.180109978,0.249521567,0.369749932,FALSE,TRUE,Bulk,Bacteria,Chloroflexota,Chloroflexia,Chloroflexales,Herpetosiphonaceae,Herpetosiphon,Herpetosiphon,ASV124_Herpetosiphon
ASV1241,-2.445972293,0.496262862,-4.928783672,4.98E-05,4.71E-04,TRUE,TRUE,Bulk,Bacteria,Pseudomonadota,Alphaproteobacteria,Acetobacterales,Acetobacteraceae,Roseomonas,Roseomonas,ASV1241_Roseomonas
ASV1247,-2.530103976,0.478539982,-5.287131846,2.01E-05,2.42E-04,TRUE,TRUE,Bulk,Bacteria,Bacteroidota,Bacteroidia,Cytophagales,Hymenobacteraceae,Adhaeribacter,Adhaeribacter,ASV1247_Adhaeribacter
ASV1248,-1.324046458,0.557673435,-2.374232613,0.025929018,0.057578764,FALSE,TRUE,Bulk,Bacteria,Chloroflexota,Chloroflexia,Thermomicrobiales,JG30-KF-CM45,NA,JG30-KF-CM45,ASV1248_JG30-KF-CM45
ASV125,0.101136255,0.261463041,0.386808991,0.702306133,0.795966629,FALSE,TRUE,Bulk,Bacteria,Actinomycetota,Thermoleophilia,Solirubrobacterales,Solirubrobacteraceae,Paraconexibacter,Paraconexibacter,ASV125_Paraconexibacter
ASV1253,-1.220158134,0.674502767,-1.808974245,0.08300025,0.150998108,FALSE,TRUE,Bulk,Bacteria,Planctomycetota,Phycisphaerae,Tepidisphaerales,WD2101 Bulk group,NA,WD2101_Bulk_group,ASV1253_WD2101_Bulk_group
ASV1261,-1.718628999,0.432417789,-3.974464148,5.62E-04,0.003051138,TRUE,TRUE,Bulk,Bacteria,Pseudomonadota,Alphaproteobacteria,Hyphomicrobiales,D05-2,NA,D05-2,ASV1261_D05-2
ASV1262,-1.531060796,0.362002018,-4.229426138,2.95E-04,0.001871784,TRUE,TRUE,Bulk,Bacteria,Planctomycetota,Planctomycetes,Gemmatales,Gemmataceae,Fimbriiglobus,Fimbriiglobus,ASV1262_Fimbriiglobus
ASV1267,-2.146104307,0.493281909,-4.350664939,2.17E-04,0.001498384,TRUE,TRUE,Bulk,Bacteria,Chloroflexota,Chloroflexia,Kallotenuales,AKIW781,NA,AKIW781,ASV1267_AKIW781
ASV1269,-2.750968195,0.460214468,-5.977578679,3.60E-06,6.49E-05,TRUE,TRUE,Bulk,Bacteria,Bacteroidota,Bacteroidia,Chitinophagales,Chitinophagaceae,Flavisolibacter,Flavisolibacter,ASV1269_Flavisolibacter
ASV127,-1.040400756,0.455728123,-2.282941745,0.03158533,0.067620528,FALSE,TRUE,Bulk,Bacteria,Chloroflexota,Anaerolineae,Aggregatilineales,A4b,NA,A4b,ASV127_A4b
ASV1273,-2.489506955,0.550218093,-4.524582139,1.39E-04,0.001046846,TRUE,TRUE,Bulk,Bacteria,Actinomycetota,Actinobacteria,Micromonosporales,Micromonosporaceae,Actinoplanes,Actinoplanes,ASV1273_Actinoplanes
ASV1276,1.821079767,0.357749034,5.090383464,3.31E-05,3.56E-04,TRUE,TRUE,Bulk,Bacteria,Planctomycetota,Planctomycetes,Isosphaerales,Isosphaeraceae,Tautonia,Tautonia,ASV1276_Tautonia
ASV128,0.339992482,0.765445346,0.44417604,0.660894623,0.764467661,FALSE,TRUE,Bulk,Bacteria,Gemmatimonadota,Longimicrobiia,Longimicrobiales,Longimicrobiaceae,Longimicrobium,Longimicrobium,ASV128_Longimicrobium
ASV1281,1.627626543,0.454275017,3.582910093,0.001500008,0.006216609,TRUE,TRUE,Bulk,Bacteria,Gemmatimonadota,Gemmatimonadia,Gemmatimonadales,Gemmatimonadaceae,Roseisolibacter,Roseisolibacter,ASV1281_Roseisolibacter
ASV1285,-0.974799008,0.436483623,-2.233300302,0.035113495,0.073548538,FALSE,TRUE,Bulk,Bacteria,Acidobacteriota,Acidobacteriae,Bryobacterales,Bryobacteraceae,Bryobacter,Bryobacter,ASV1285_Bryobacter
ASV1286,0.075233106,0.540612159,0.139162808,0.890482688,0.932617643,FALSE,TRUE,Bulk,Bacteria,Chloroflexota,Chloroflexia,Kallotenuales,AKIW781,NA,AKIW781,ASV1286_AKIW781
ASV1289,0.925566111,0.501887553,1.844170285,0.07753841,0.143076827,FALSE,FALSE,Bulk,Bacteria,Chloroflexota,Chloroflexia,Thermomicrobiales,JG30-KF-CM45,NA,JG30-KF-CM45,ASV1289_JG30-KF-CM45
ASV1290,-1.213281322,0.505737653,-2.399033003,0.02456183,0.055412664,FALSE,TRUE,Bulk,Bacteria,Chloroflexota,Chloroflexia,Kallotenuales,AKIW781,NA,AKIW781,ASV1290_AKIW781
ASV1291,-0.758808859,0.565871626,-1.340955837,0.1924891,0.298956018,FALSE,TRUE,Bulk,Bacteria,Armatimonadota,Armatimonadia,Armatimonadales,Armatimonadaceae,NA,Armatimonadaceae,ASV1291_Armatimonadaceae
ASV1296,-2.51044252,0.455629855,-5.509828848,1.15E-05,1.75E-04,TRUE,TRUE,Bulk,Bacteria,Bacteroidota,Bacteroidia,Chitinophagales,Chitinophagaceae,Flavisolibacter,Flavisolibacter,ASV1296_Flavisolibacter
ASV1299,-0.893217144,0.362810346,-2.461939564,0.021386383,0.049923034,FALSE,FALSE,Bulk,Bacteria,Chloroflexota,Chloroflexia,Kallotenuales,AKIW781,NA,AKIW781,ASV1299_AKIW781
ASV13,1.528451042,0.600421638,2.545629512,0.017749351,0.042852795,TRUE,TRUE,Bulk,Bacteria,Acidobacteriota,Blastocatellia,Blastocatellales,Blastocatellaceae,Blastocatella,Blastocatella,ASV13_Blastocatella
ASV130,-0.465182174,0.528200625,-0.880692206,0.387218924,0.523725421,FALSE,TRUE,Bulk,Bacteria,Pseudomonadota,Gammaproteobacteria,Burkholderiales,Comamonadaceae,Piscinibacter,Piscinibacter,ASV130_Piscinibacter
ASV1306,0.227288819,0.481839591,0.471710552,0.641393742,0.754294613,FALSE,TRUE,Bulk,Bacteria,Gemmatimonadota,Gemmatimonadia,Gemmatimonadales,Gemmatimonadaceae,Roseisolibacter,Roseisolibacter,ASV1306_Roseisolibacter
ASV1309,-0.41825593,0.564165869,-0.741370496,0.465661922,0.601479983,FALSE,TRUE,Bulk,Bacteria,Planctomycetota,Planctomycetes,Isosphaerales,Isosphaeraceae,Tautonia,Tautonia,ASV1309_Tautonia
ASV131,-1.123086746,0.835899745,-1.343566322,0.191655068,0.29825839,FALSE,TRUE,Bulk,Bacteria,Pseudomonadota,Alphaproteobacteria,Rhodobacterales,Paracoccaceae,Rubellimicrobium,Rubellimicrobium,ASV131_Rubellimicrobium
ASV1310,-1.015072537,0.449029085,-2.260594181,0.033131654,0.070348033,FALSE,TRUE,Bulk,Bacteria,Actinomycetota,Thermoleophilia,Solirubrobacterales,Solirubrobacteraceae,Solirubrobacter,Solirubrobacter,ASV1310_Solirubrobacter
ASV1311,-2.915129441,0.463302743,-6.292061691,1.67E-06,4.31E-05,TRUE,TRUE,Bulk,Bacteria,Planctomycetota,Phycisphaerae,Tepidisphaerales,WD2101 Bulk group,NA,WD2101_Bulk_group,ASV1311_WD2101_Bulk_group
ASV1312,-0.978854982,0.536894796,-1.823178374,0.080757307,0.147959605,FALSE,TRUE,Bulk,Bacteria,Nitrospirota,Nitrospiria,Nitrospirales,Nitrospiraceae,Nitrospira,Nitrospira,ASV1312_Nitrospira
ASV1316,-1.445044014,0.562904118,-2.567122832,0.01691296,0.041218691,FALSE,FALSE,Bulk,Bacteria,Bacillota,Bacilli,Alicyclobacillales,Alicyclobacillaceae,Tumebacillus,Tumebacillus,ASV1316_Tumebacillus
ASV1319,0.032261556,0.471822642,0.068376447,0.946052463,0.964598996,FALSE,TRUE,Bulk,Bacteria,Gemmatimonadota,Gemmatimonadia,Gemmatimonadales,Gemmatimonadaceae,NA,Gemmatimonadaceae,ASV1319_Gemmatimonadaceae
ASV132,-0.567927271,0.280968349,-2.021321167,0.054534759,0.107545819,FALSE,TRUE,Bulk,Bacteria,Pseudomonadota,Alphaproteobacteria,Hyphomicrobiales,Beijerinckiaceae,Psychroglaciecola,Psychroglaciecola,ASV132_Psychroglaciecola
ASV1326,-1.251377187,0.578988024,-2.161317912,0.040866008,0.084008373,FALSE,TRUE,Bulk,Bacteria,Bacteroidota,Bacteroidia,Cytophagales,Hymenobacteraceae,Hymenobacter,Hymenobacter,ASV1326_Hymenobacter
ASV1330,-1.129578169,0.466806249,-2.419800873,0.023468349,0.053810564,FALSE,TRUE,Bulk,Bacteria,Actinomycetota,Actinobacteria,Propionibacteriales,Nocardioidaceae,Nocardioides,Nocardioides,ASV1330_Nocardioides
ASV1332,-1.108016479,0.450784977,-2.457971172,0.021574908,0.050201884,FALSE,TRUE,Bulk,Bacteria,Pseudomonadota,Alphaproteobacteria,Caulobacterales,Caulobacteraceae,Brevundimonas,Brevundimonas,ASV1332_Brevundimonas
ASV1333,-0.322211698,0.723881389,-0.445116703,0.660224254,0.764467661,FALSE,TRUE,Bulk,Bacteria,Planctomycetota,Planctomycetes,Isosphaerales,Isosphaeraceae,NA,Isosphaeraceae,ASV1333_Isosphaeraceae
ASV1334,-0.80540658,0.617487675,-1.304328188,0.204492426,0.315072824,FALSE,TRUE,Bulk,Bacteria,Actinomycetota,Thermoleophilia,Solirubrobacterales,Solirubrobacteraceae,Solirubrobacter,Solirubrobacter,ASV1334_Solirubrobacter
ASV134,2.283009606,0.543827538,4.198039725,3.19E-04,0.001976583,TRUE,TRUE,Bulk,Bacteria,Chloroflexota,Anaerolineae,Aggregatilineales,A4b,NA,A4b,ASV134_A4b
ASV1342,1.097617119,0.558159819,1.96649254,0.060909288,0.118011745,FALSE,FALSE,Bulk,Bacteria,Chloroflexota,Chloroflexia,Thermomicrobiales,JG30-KF-CM45,NA,JG30-KF-CM45,ASV1342_JG30-KF-CM45
ASV1353,-0.761862201,0.559246239,-1.362301877,0.185751908,0.291412407,FALSE,TRUE,Bulk,Bacteria,Chloroflexota,Chloroflexia,Thermomicrobiales,JG30-KF-CM45,NA,JG30-KF-CM45,ASV1353_JG30-KF-CM45
ASV1356,-1.160767792,0.398328142,-2.914099378,0.007603768,0.020390726,FALSE,FALSE,Bulk,Bacteria,Planctomycetota,Planctomycetes,Gemmatales,Gemmataceae,Gemmata,Gemmata,ASV1356_Gemmata
ASV136,-1.608913242,0.404882156,-3.973781556,5.63E-04,0.003051138,TRUE,TRUE,Bulk,Bacteria,Verrucomicrobiota,Verrucomicrobiia,Verrucomicrobiales,Rubritaleaceae,Luteolibacter,Luteolibacter,ASV136_Luteolibacter
ASV1361,-1.788782717,0.443969957,-4.029062524,4.90E-04,0.002841802,TRUE,TRUE,Bulk,Bacteria,Bacteroidota,Bacteroidia,Cytophagales,Hymenobacteraceae,Adhaeribacter,Adhaeribacter,ASV1361_Adhaeribacter
ASV1365,-1.321920835,0.483340261,-2.734969425,0.011540939,0.029616648,FALSE,FALSE,Bulk,Bacteria,Actinomycetota,Actinobacteria,Micrococcales,Cellulomonadaceae,Actinotalea,Actinotalea,ASV1365_Actinotalea
ASV1367,-1.059427989,0.548101238,-1.932905668,0.065130702,0.124632825,FALSE,TRUE,Bulk,Bacteria,Actinomycetota,Thermoleophilia,Solirubrobacterales,Solirubrobacteraceae,Solirubrobacter,Solirubrobacter,ASV1367_Solirubrobacter
ASV1368,0.428542631,0.601118204,0.712909089,0.482776623,0.616043931,FALSE,TRUE,Bulk,Bacteria,Planctomycetota,Planctomycetes,Isosphaerales,Isosphaeraceae,Tautonia,Tautonia,ASV1368_Tautonia
ASV137,-0.447193691,0.31855056,-1.403838971,0.173174905,0.275021622,FALSE,TRUE,Bulk,Bacteria,Bacteroidota,Bacteroidia,Cytophagales,Cytophagaceae,Rhodocytophaga,Rhodocytophaga,ASV137_Rhodocytophaga
ASV1370,0.025406479,0.379468917,0.066952727,0.947173982,0.964598996,FALSE,TRUE,Bulk,Bacteria,Armatimonadota,Fimbriimonadia,Fimbriimonadales,Fimbriimonadaceae,NA,Fimbriimonadaceae,ASV1370_Fimbriimonadaceae
ASV1376,-1.046782072,0.550590966,-1.901197325,0.069349237,0.131086973,FALSE,TRUE,Bulk,Bacteria,Planctomycetota,Phycisphaerae,Tepidisphaerales,Tepidisphaeraceae,Tepidisphaera,Tepidisphaera,ASV1376_Tepidisphaera
ASV1379,-2.167475667,0.673642268,-3.217547014,0.003680837,0.011739295,TRUE,TRUE,Bulk,Bacteria,Myxococcota,Polyangiia,Polyangiales,Polyangiaceae,Aetherobacter,Aetherobacter,ASV1379_Aetherobacter
ASV1381,-1.213131228,0.442663793,-2.740525082,0.011394137,0.029337064,FALSE,FALSE,Bulk,Bacteria,Planctomycetota,Planctomycetes,Gemmatales,Gemmataceae,Gemmata,Gemmata,ASV1381_Gemmata
ASV1383,-1.951503565,0.493235562,-3.956534596,5.88E-04,0.003137571,TRUE,TRUE,Bulk,Bacteria,Chloroflexota,Chloroflexia,Kallotenuales,AKIW781,NA,AKIW781,ASV1383_AKIW781
ASV1384,0.317252309,0.453451158,0.699639429,0.490878786,0.621619378,FALSE,TRUE,Bulk,Bacteria,Armatimonadota,Armatimonadia,Armatimonadales,Armatimonadaceae,NA,Armatimonadaceae,ASV1384_Armatimonadaceae
ASV139,0.185784323,0.411057892,0.45196632,0.65535161,0.761666362,FALSE,TRUE,Bulk,Bacteria,Chloroflexota,Chloroflexia,Thermomicrobiales,JG30-KF-CM45,NA,JG30-KF-CM45,ASV139_JG30-KF-CM45
ASV1396,-2.407269174,0.507101912,-4.747111221,7.90E-05,6.70E-04,TRUE,TRUE,Bulk,Bacteria,Bacillota,Bacilli,Bacillales,Planococcaceae,Planococcus,Planococcus,ASV1396_Planococcus
ASV14,-1.327456257,0.245831394,-5.399864653,1.52E-05,2.10E-04,TRUE,TRUE,Bulk,Bacteria,Pseudomonadota,Alphaproteobacteria,Hyphomicrobiales,Beijerinckiaceae,NA,Beijerinckiaceae,ASV14_Beijerinckiaceae
ASV140,-0.397655594,0.26893027,-1.478656877,0.152237918,0.248388183,FALSE,TRUE,Bulk,Bacteria,Actinomycetota,Actinobacteria,Propionibacteriales,Nocardioidaceae,Marmoricola,Marmoricola,ASV140_Marmoricola
ASV1401,1.173959352,0.651721363,1.80132096,0.084230865,0.152165316,FALSE,TRUE,Bulk,Bacteria,Planctomycetota,Planctomycetes,Isosphaerales,Isosphaeraceae,NA,Isosphaeraceae,ASV1401_Isosphaeraceae
ASV1404,-1.229158515,0.516086347,-2.381691594,0.025510637,0.056812483,FALSE,TRUE,Bulk,Bacteria,Pseudomonadota,Alphaproteobacteria,Caulobacterales,Caulobacteraceae,PMMR1,PMMR1,ASV1404_PMMR1
ASV1406,-0.963358404,0.494614269,-1.947696345,0.063241058,0.121919951,FALSE,TRUE,Bulk,Bacteria,Pseudomonadota,Alphaproteobacteria,Acetobacterales,Acetobacteraceae,NA,Acetobacteraceae,ASV1406_Acetobacteraceae
ASV1410,0.391708144,0.596950812,0.656181608,0.517949526,0.647436908,FALSE,TRUE,Bulk,Bacteria,Pseudomonadota,Gammaproteobacteria,Burkholderiales,Oxalobacteraceae,NA,Oxalobacteraceae,ASV1410_Oxalobacteraceae
ASV1415,-1.626814242,0.548968389,-2.9634024,0.006768387,0.018704856,FALSE,FALSE,Bulk,Bacteria,Actinomycetota,Actinobacteria,Micrococcales,Microbacteriaceae,Marisediminicola,Marisediminicola,ASV1415_Marisediminicola
ASV1416,0.199606524,0.554026196,0.360283549,0.721786531,0.808359193,FALSE,TRUE,Bulk,Bacteria,Acidobacteriota,Acidobacteriae,Bryobacterales,Bryobacteraceae,Bryobacter,Bryobacter,ASV1416_Bryobacter
ASV1423,-2.107640946,0.408659778,-5.157446514,2.79E-05,3.05E-04,TRUE,TRUE,Bulk,Bacteria,Planctomycetota,Phycisphaerae,Tepidisphaerales,WD2101 Bulk group,NA,WD2101_Bulk_group,ASV1423_WD2101_Bulk_group
ASV1426,0.092141239,0.571970825,0.161094299,0.873367523,0.926120318,FALSE,TRUE,Bulk,Bacteria,Planctomycetota,Phycisphaerae,Tepidisphaerales,WD2101 Bulk group,NA,WD2101_Bulk_group,ASV1426_WD2101_Bulk_group
ASV143,-0.934213561,0.290892625,-3.211540894,0.003734814,0.011862628,FALSE,FALSE,Bulk,Bacteria,Chloroflexota,Chloroflexia,Thermomicrobiales,JG30-KF-CM45,NA,JG30-KF-CM45,ASV143_JG30-KF-CM45
ASV1430,-0.245993003,0.511243011,-0.481166485,0.634756051,0.748760943,FALSE,TRUE,Bulk,Bacteria,Bacillota,Bacilli,Paenibacillales,Paenibacillaceae,Paenibacillus,Paenibacillus,ASV1430_Paenibacillus
ASV1435,-0.274202563,0.519294996,-0.528028509,0.602328134,0.720377012,FALSE,TRUE,Bulk,Bacteria,Pseudomonadota,Alphaproteobacteria,Hyphomicrobiales,Beijerinckiaceae,Microvirga,Microvirga,ASV1435_Microvirga
ASV1439,-0.998451918,0.493844281,-2.021795042,0.054482343,0.107545819,FALSE,TRUE,Bulk,Bacteria,Actinomycetota,Thermoleophilia,Solirubrobacterales,Solirubrobacteraceae,Parviterribacter,Parviterribacter,ASV1439_Parviterribacter
ASV1445,0.771242415,0.469193344,1.643762482,0.113263129,0.194631763,FALSE,FALSE,Bulk,Bacteria,Armatimonadota,Armatimonadia,Armatimonadales,Armatimonadaceae,NA,Armatimonadaceae,ASV1445_Armatimonadaceae
ASV1449,-1.532789477,0.492678119,-3.111137715,0.004758571,0.014634494,FALSE,FALSE,Bulk,Bacteria,Pseudomonadota,Alphaproteobacteria,Hyphomicrobiales,Beijerinckiaceae,NA,Beijerinckiaceae,ASV1449_Beijerinckiaceae
ASV145,-1.098448028,0.258247403,-4.253471738,2.77E-04,0.001805313,TRUE,TRUE,Bulk,Bacteria,Actinomycetota,Actinobacteria,Micromonosporales,Micromonosporaceae,Mangrovihabitans,Mangrovihabitans,ASV145_Mangrovihabitans
ASV1457,-1.259301165,0.467059547,-2.696232576,0.01261515,0.031950135,FALSE,FALSE,Bulk,Bacteria,Bacillota,Bacilli,Alicyclobacillales,Alicyclobacillaceae,Tumebacillus,Tumebacillus,ASV1457_Tumebacillus
ASV1459,-1.777990263,0.442722813,-4.016034887,5.06E-04,0.002904709,TRUE,TRUE,Bulk,Bacteria,Chloroflexota,Chloroflexia,Kallotenuales,AKIW781,NA,AKIW781,ASV1459_AKIW781
ASV146,1.087587222,0.445840422,2.439409189,0.022477306,0.051844978,FALSE,FALSE,Bulk,Bacteria,Gemmatimonadota,Longimicrobiia,Longimicrobiales,Longimicrobiaceae,NA,Longimicrobiaceae,ASV146_Longimicrobiaceae
ASV1479,-0.268282483,0.332916844,-0.805854337,0.428239655,0.56347323,FALSE,TRUE,Bulk,Bacteria,Actinomycetota,Actinobacteria,Micrococcales,Intrasporangiaceae,Pedococcus-Phycicoccus,Pedococcus-Phycicoccus,ASV1479_Pedococcus-Phycicoccus
ASV148,-1.259731971,0.8156185,-1.544511277,0.135549431,0.224948199,FALSE,TRUE,Bulk,Bacteria,Chloroflexota,Anaerolineae,Ardenticatenales,Ardenticatenaceae,NA,Ardenticatenaceae,ASV148_Ardenticatenaceae
ASV1482,-0.48664684,0.511058001,-0.952234068,0.350470727,0.482604065,FALSE,TRUE,Bulk,Bacteria,Myxococcota,Polyangiia,Nannocystales,Nannocystaceae,Nannocystis,Nannocystis,ASV1482_Nannocystis
ASV1484,0.761611674,0.568762193,1.339068743,0.193093779,0.299295357,FALSE,TRUE,Bulk,Bacteria,Myxococcota,Polyangiia,Haliangiales,Haliangiaceae,NA,Haliangiaceae,ASV1484_Haliangiaceae
ASV1491,-0.619361657,0.522295495,-1.185845297,0.247291515,0.367147365,FALSE,TRUE,Bulk,Bacteria,Planctomycetota,Phycisphaerae,Tepidisphaerales,WD2101 Bulk group,NA,WD2101_Bulk_group,ASV1491_WD2101_Bulk_group
ASV1492,-2.104532441,0.460604585,-4.56906533,1.24E-04,9.83E-04,TRUE,TRUE,Bulk,Bacteria,Pseudomonadota,Alphaproteobacteria,Hyphomicrobiales,Beijerinckiaceae,Enterovirga,Enterovirga,ASV1492_Enterovirga
ASV1494,-1.280027748,0.600835138,-2.130414264,0.043586472,0.088660147,FALSE,TRUE,Bulk,Bacteria,Planctomycetota,Planctomycetes,Isosphaerales,Isosphaeraceae,Tautonia,Tautonia,ASV1494_Tautonia
ASV1496,0.220862255,0.473561318,0.466385759,0.645145045,0.755267991,FALSE,TRUE,Bulk,Bacteria,Abditibacteriota,Abditibacteriia,Abditibacteriales,Abditibacteriaceae,Abditibacterium,Abditibacterium,ASV1496_Abditibacterium
ASV15,0.432460613,0.549448064,0.787081876,0.438937858,0.572688283,FALSE,TRUE,Bulk,Bacteria,Verrucomicrobiota,Verrucomicrobiia,Chthoniobacterales,Chthoniobacteraceae,NA,Chthoniobacteraceae,ASV15_Chthoniobacteraceae
ASV1503,0.150164973,0.431236201,0.348219777,0.730711076,0.8119734,FALSE,TRUE,Bulk,Bacteria,Bacteroidota,Bacteroidia,Cytophagales,MWH-CFBk5,NA,MWH-CFBk5,ASV1503_MWH-CFBk5
ASV151,-0.617067053,0.565451343,-1.091282319,0.285983584,0.413502384,FALSE,TRUE,Bulk,Bacteria,Bacteroidota,Bacteroidia,Cytophagales,Hymenobacteraceae,Adhaeribacter,Adhaeribacter,ASV151_Adhaeribacter
ASV1511,0.067197199,0.484519519,0.138688322,0.890853604,0.932617643,FALSE,TRUE,Bulk,Bacteria,Planctomycetota,Phycisphaerae,Tepidisphaerales,Tepidisphaeraceae,NA,Tepidisphaeraceae,ASV1511_Tepidisphaeraceae
ASV1515,-2.166536537,0.589629545,-3.674402948,0.001194285,0.005319374,TRUE,TRUE,Bulk,Bacteria,Verrucomicrobiota,Verrucomicrobiia,Chthoniobacterales,Chthoniobacteraceae,Chthoniobacter,Chthoniobacter,ASV1515_Chthoniobacter
ASV1517,-2.348559811,0.44181583,-5.315698653,1.87E-05,2.38E-04,TRUE,TRUE,Bulk,Bacteria,Bacteroidota,Bacteroidia,Chitinophagales,Chitinophagaceae,Cnuella,Cnuella,ASV1517_Cnuella
ASV1518,-1.978910519,0.448848034,-4.408865297,1.87E-04,0.001303902,TRUE,TRUE,Bulk,Bacteria,Acidobacteriota,Acidobacteriae,Bryobacterales,Bryobacteraceae,Bryobacter,Bryobacter,ASV1518_Bryobacter
ASV153,-0.95150066,0.401578878,-2.369399169,0.026203487,0.058022006,FALSE,TRUE,Bulk,Bacteria,Bacteroidota,Bacteroidia,Chitinophagales,Chitinophagaceae,Segetibacter,Segetibacter,ASV153_Segetibacter
ASV1530,-0.568434226,0.454580182,-1.250459762,0.2231865,0.339155955,FALSE,TRUE,Bulk,Bacteria,Verrucomicrobiota,Verrucomicrobiia,Chthoniobacterales,Chthoniobacteraceae,Chthoniobacter,Chthoniobacter,ASV1530_Chthoniobacter
ASV1531,-1.163565303,0.40993036,-2.838446276,0.009079056,0.023771178,FALSE,FALSE,Bulk,Bacteria,Myxococcota,Polyangiia,Polyangiales,Polyangiaceae,Pajaroellobacter,Pajaroellobacter,ASV1531_Pajaroellobacter
ASV1535,-1.401524885,0.416672179,-3.363615221,0.002577863,0.008999297,TRUE,TRUE,Bulk,Bacteria,Planctomycetota,Phycisphaerae,Tepidisphaerales,WD2101 Bulk group,NA,WD2101_Bulk_group,ASV1535_WD2101_Bulk_group
ASV155,-4.067956966,0.419419287,-9.699022171,8.90E-10,1.15E-07,TRUE,TRUE,Bulk,Bacteria,Bacteroidota,Bacteroidia,Cytophagales,Cytophagaceae,Siphonobacter,Siphonobacter,ASV155_Siphonobacter
ASV1552,-1.345221275,0.449770569,-2.990905517,0.006341226,0.018088054,FALSE,FALSE,Bulk,Bacteria,Myxococcota,Polyangiia,Haliangiales,Haliangiaceae,NA,Haliangiaceae,ASV1552_Haliangiaceae
ASV1555,0.020974319,0.454776465,0.046120062,0.963596176,0.974917802,FALSE,TRUE,Bulk,Bacteria,Pseudomonadota,Alphaproteobacteria,Sphingomonadales,Sphingomonadaceae,Sphingomonas,Sphingomonas,ASV1555_Sphingomonas
ASV1558,-1.528119261,0.511266805,-2.988888087,0.006371663,0.018088054,FALSE,FALSE,Bulk,Bacteria,Bacteroidota,Bacteroidia,Cytophagales,Hymenobacteraceae,Adhaeribacter,Adhaeribacter,ASV1558_Adhaeribacter
ASV1560,0.392146453,0.63713841,0.615480792,0.544030203,0.670358818,FALSE,TRUE,Bulk,Bacteria,Actinomycetota,Thermoleophilia,Solirubrobacterales,67-14,NA,67-14,ASV1560_67-14
ASV1562,-1.552751877,0.383765435,-4.046096222,4.69E-04,0.002760748,TRUE,TRUE,Bulk,Bacteria,Armatimonadota,Chthonomonadia,Chthonomonadales,Chthonomonadaceae,Chthonomonas,Chthonomonas,ASV1562_Chthonomonas
ASV1563,-1.673878383,0.475695341,-3.518803401,0.001758588,0.006976655,TRUE,TRUE,Bulk,Bacteria,Abditibacteriota,Abditibacteriia,Abditibacteriales,Abditibacteriaceae,Abditibacterium,Abditibacterium,ASV1563_Abditibacterium
ASV1568,-0.103134118,0.751771604,-0.1371881,0.892026531,0.932617643,FALSE,TRUE,Bulk,Bacteria,Myxococcota,Myxococcia,Myxococcales,Myxococcaceae,NA,Myxococcaceae,ASV1568_Myxococcaceae
ASV157,0.6589916,0.453476651,1.453198524,0.159120082,0.257448985,FALSE,TRUE,Bulk,Bacteria,Verrucomicrobiota,Verrucomicrobiia,Chthoniobacterales,Chthoniobacteraceae,Chthoniobacter,Chthoniobacter,ASV157_Chthoniobacter
ASV1572,-0.211997081,0.496898745,-0.426640404,0.67344396,0.773213436,FALSE,TRUE,Bulk,Bacteria,Chloroflexota,Anaerolineae,Ardenticatenales,Ardenticatenaceae,NA,Ardenticatenaceae,ASV1572_Ardenticatenaceae
ASV158,-0.874812686,0.456672335,-1.91562444,0.067401091,0.128659718,FALSE,TRUE,Bulk,Bacteria,Bacteroidota,Bacteroidia,Cytophagales,Cytophagaceae,Rhodocytophaga,Rhodocytophaga,ASV158_Rhodocytophaga
ASV1588,-0.916869814,0.381123407,-2.405703239,0.024205611,0.055174555,FALSE,TRUE,Bulk,Bacteria,Sumerlaeota,Sumerlaeia,Sumerlaeales,Sumerlaeaceae,Sumerlaea,Sumerlaea,ASV1588_Sumerlaea
ASV1589,0.430070223,0.487012044,0.883079235,0.385953756,0.522926855,FALSE,TRUE,Bulk,Bacteria,Acidobacteriota,Vicinamibacteria,Vicinamibacterales,Vicinamibacteraceae,NA,Vicinamibacteraceae,ASV1589_Vicinamibacteraceae
ASV159,-1.146216119,0.434332832,-2.639027113,0.014374698,0.035821194,FALSE,FALSE,Bulk,Bacteria,Pseudomonadota,Alphaproteobacteria,Hyphomicrobiales,Beijerinckiaceae,Microvirga,Microvirga,ASV159_Microvirga
ASV1596,0.915081086,0.509500905,1.79603427,0.085090081,0.15336003,FALSE,FALSE,Bulk,Bacteria,Acidobacteriota,Blastocatellia,Blastocatellales,Blastocatellaceae,NA,Blastocatellaceae,ASV1596_Blastocatellaceae
ASV1598,-0.311472433,0.448451614,-0.694550813,0.494006286,0.624559334,FALSE,TRUE,Bulk,Bacteria,Abditibacteriota,Abditibacteriia,Abditibacteriales,Abditibacteriaceae,Abditibacterium,Abditibacterium,ASV1598_Abditibacterium
ASV16,0.293374319,0.329225251,0.891105158,0.381719589,0.519004704,FALSE,TRUE,Bulk,Bacteria,Verrucomicrobiota,Verrucomicrobiia,Chthoniobacterales,Chthoniobacteraceae,Chthoniobacter,Chthoniobacter,ASV16_Chthoniobacter
ASV1603,-0.777281832,0.425750575,-1.825674181,0.080368651,0.147747577,FALSE,TRUE,Bulk,Bacteria,Chloroflexota,Chloroflexia,Chloroflexales,Chloroflexaceae,FFCH7168,FFCH7168,ASV1603_FFCH7168
ASV1606,0.418643549,0.501617499,0.834587209,0.412180936,0.546440781,FALSE,TRUE,Bulk,Bacteria,Chloroflexota,Chloroflexia,Chloroflexales,Chloroflexaceae,Candidatus Chloroploca,Candidatus_Chloroploca,ASV1606_Candidatus_Chloroploca
ASV1616,-0.894473792,0.385815202,-2.318399554,0.029266435,0.063179629,FALSE,TRUE,Bulk,Bacteria,Planctomycetota,Phycisphaerae,Tepidisphaerales,WD2101 Bulk group,NA,WD2101_Bulk_group,ASV1616_WD2101_Bulk_group
ASV1623,-0.263317981,0.380661739,-0.69173745,0.495740256,0.624713331,FALSE,TRUE,Bulk,Bacteria,Planctomycetota,Planctomycetes,Pirellulales,Pirellulaceae,Pirellula,Pirellula,ASV1623_Pirellula
ASV1630,-2.046109885,0.53620112,-3.815937356,8.38E-04,0.004162311,TRUE,TRUE,Bulk,Bacteria,Actinomycetota,Actinobacteria,Micromonosporales,Micromonosporaceae,Actinoplanes,Actinoplanes,ASV1630_Actinoplanes
ASV1634,-1.747477005,0.502232835,-3.479416083,0.001938539,0.007474468,TRUE,TRUE,Bulk,Bacteria,Pseudomonadota,Alphaproteobacteria,Acetobacterales,Acetobacteraceae,NA,Acetobacteraceae,ASV1634_Acetobacteraceae
ASV1637,-1.921476991,0.458321535,-4.192421358,3.24E-04,0.001976583,TRUE,TRUE,Bulk,Bacteria,Deinococcota,Deinococci,Deinococcales,Deinococcaceae,Deinococcus,Deinococcus,ASV1637_Deinococcus
ASV1646,0.601636524,0.525499397,1.144885279,0.263546167,0.386702017,FALSE,TRUE,Bulk,Bacteria,Pseudomonadota,Alphaproteobacteria,Acetobacterales,Acetobacteraceae,Roseomonas,Roseomonas,ASV1646_Roseomonas
ASV1648,0.604477728,0.504266223,1.198727379,0.242336775,0.361870906,FALSE,TRUE,Bulk,Bacteria,Chloroflexota,Chloroflexia,Thermomicrobiales,JG30-KF-CM45,NA,JG30-KF-CM45,ASV1648_JG30-KF-CM45
ASV1651,-0.071029276,0.531384402,-0.133668351,0.894779378,0.933316309,FALSE,TRUE,Bulk,Bacteria,Chloroflexota,Chloroflexia,Thermomicrobiales,JG30-KF-CM45,NA,JG30-KF-CM45,ASV1651_JG30-KF-CM45
ASV1658,-0.899137224,0.346158908,-2.597469554,0.015794494,0.038859469,FALSE,FALSE,Bulk,Bacteria,Acidobacteriota,Acidobacteriae,Bryobacterales,Bryobacteraceae,Bryobacter,Bryobacter,ASV1658_Bryobacter
ASV166,-1.796319565,0.663461922,-2.707494593,0.012293512,0.031237612,FALSE,FALSE,Bulk,Bacteria,Pseudomonadota,Alphaproteobacteria,Sphingomonadales,Sphingomonadaceae,Altererythrobacter,Altererythrobacter,ASV166_Altererythrobacter
ASV1663,0.978243354,0.511081749,1.914064348,0.067609423,0.128740301,FALSE,FALSE,Bulk,Bacteria,Bacteroidota,Bacteroidia,Cytophagales,Hymenobacteraceae,Pontibacter,Pontibacter,ASV1663_Pontibacter
ASV1669,-1.338936696,0.390192947,-3.431473345,0.002181911,0.008052292,TRUE,TRUE,Bulk,Bacteria,Chloroflexota,Chloroflexia,Kallotenuales,AKIW781,NA,AKIW781,ASV1669_AKIW781
ASV1682,-0.673615546,0.566330963,-1.189437961,0.245902167,0.365785373,FALSE,TRUE,Bulk,Bacteria,Actinomycetota,Rubrobacteria,Rubrobacterales,Rubrobacteriaceae,Rubrobacter,Rubrobacter,ASV1682_Rubrobacter
ASV1683,-1.395529526,0.553669534,-2.520509872,0.018775618,0.045049858,FALSE,FALSE,Bulk,Bacteria,Chloroflexota,Anaerolineae,Caldilineales,Caldilineaceae,NA,Caldilineaceae,ASV1683_Caldilineaceae
ASV1689,-2.267338347,0.470322914,-4.820811995,6.55E-05,6.04E-04,TRUE,TRUE,Bulk,Bacteria,Pseudomonadota,Alphaproteobacteria,Acetobacterales,Acetobacteraceae,Roseicella,Roseicella,ASV1689_Roseicella
ASV169,-1.71443539,0.567381213,-3.021664004,0.005894053,0.017044371,FALSE,FALSE,Bulk,Bacteria,Gemmatimonadota,Gemmatimonadia,Gemmatimonadales,Gemmatimonadaceae,Roseisolibacter,Roseisolibacter,ASV169_Roseisolibacter
ASV1711,0.73321619,0.45127227,1.624775638,0.117272382,0.199749661,FALSE,FALSE,Bulk,Bacteria,Planctomycetota,Phycisphaerae,Tepidisphaerales,WD2101 Bulk group,NA,WD2101_Bulk_group,ASV1711_WD2101_Bulk_group
ASV1712,-1.260712637,0.357905741,-3.522471118,0.001742686,0.006976655,TRUE,TRUE,Bulk,Bacteria,Planctomycetota,Phycisphaerae,Tepidisphaerales,WD2101 Bulk group,NA,WD2101_Bulk_group,ASV1712_WD2101_Bulk_group
ASV1714,-0.629857895,0.415109052,-1.51733115,0.142246172,0.234073055,FALSE,TRUE,Bulk,Bacteria,Gemmatimonadota,Gemmatimonadia,Gemmatimonadales,Gemmatimonadaceae,NA,Gemmatimonadaceae,ASV1714_Gemmatimonadaceae
ASV172,-2.202259912,0.391467693,-5.625649195,8.61E-06,1.39E-04,TRUE,TRUE,Bulk,Bacteria,Pseudomonadota,Alphaproteobacteria,Hyphomicrobiales,Beijerinckiaceae,Microvirga,Microvirga,ASV172_Microvirga
ASV1721,0.070487174,0.506461688,0.139175729,0.890472587,0.932617643,FALSE,TRUE,Bulk,Bacteria,Chloroflexota,Chloroflexia,Kallotenuales,AKIW781,NA,AKIW781,ASV1721_AKIW781
ASV1722,-2.796978089,0.40839528,-6.848703272,4.40E-07,1.62E-05,TRUE,TRUE,Bulk,Bacteria,Bacteroidota,Bacteroidia,Chitinophagales,Chitinophagaceae,NA,Chitinophagaceae,ASV1722_Chitinophagaceae
ASV1731,-0.861054358,0.456454294,-1.886397758,0.07139858,0.134109923,FALSE,TRUE,Bulk,Bacteria,Planctomycetota,Planctomycetes,Gemmatales,Gemmataceae,Gemmata,Gemmata,ASV1731_Gemmata
ASV1732,0.266306562,0.477580585,0.557615971,0.582270933,0.701804002,FALSE,TRUE,Bulk,Bacteria,Planctomycetota,Phycisphaerae,Tepidisphaerales,Tepidisphaeraceae,Tepidisphaera,Tepidisphaera,ASV1732_Tepidisphaera
ASV1733,-0.850925294,0.507034978,-1.678237856,0.106276861,0.185924531,FALSE,TRUE,Bulk,Bacteria,Verrucomicrobiota,Verrucomicrobiia,Verrucomicrobiales,Verrucomicrobiaceae,NA,Verrucomicrobiaceae,ASV1733_Verrucomicrobiaceae
ASV174,-0.513252577,0.533602086,-0.961863888,0.345709602,0.479293277,FALSE,TRUE,Bulk,Bacteria,Bacteroidota,Bacteroidia,Cytophagales,Hymenobacteraceae,Adhaeribacter,Adhaeribacter,ASV174_Adhaeribacter
ASV1741,-2.217741682,0.513909138,-4.315435389,2.37E-04,0.001596004,TRUE,TRUE,Bulk,Bacteria,Bacteroidota,Bacteroidia,Cytophagales,Hymenobacteraceae,Hymenobacter,Hymenobacter,ASV1741_Hymenobacter
ASV1747,-0.065278073,0.421857483,-0.154739634,0.878320559,0.926120318,FALSE,TRUE,Bulk,Bacteria,Bacteroidota,Bacteroidia,Chitinophagales,Chitinophagaceae,Flavisolibacter,Flavisolibacter,ASV1747_Flavisolibacter
ASV1764,-1.137556409,0.623269098,-1.82514489,0.080450939,0.147747577,FALSE,TRUE,Bulk,Bacteria,Bacteroidota,Bacteroidia,Cytophagales,Spirosomataceae,NA,Spirosomataceae,ASV1764_Spirosomataceae
ASV1766,-0.901541266,0.454783093,-1.982354403,0.059000787,0.114600526,FALSE,TRUE,Bulk,Bacteria,Bacillota,Clostridia,Peptostreptococcales-Tissierellales,Peptostreptococcaceae,Sporacetigenium,Sporacetigenium,ASV1766_Sporacetigenium
ASV1769,-0.135457329,0.401197358,-0.337632654,0.738575344,0.818878243,FALSE,TRUE,Bulk,Bacteria,Chloroflexota,Chloroflexia,Kallotenuales,AKIW781,NA,AKIW781,ASV1769_AKIW781
ASV179,2.628243979,0.529086601,4.967511885,4.51E-05,4.48E-04,TRUE,TRUE,Bulk,Bacteria,Deinococcota,Deinococci,Deinococcales,Trueperaceae,Truepera,Truepera,ASV179_Truepera
ASV1800,0.160261655,0.460178378,0.348259854,0.730681362,0.8119734,FALSE,TRUE,Bulk,Bacteria,Chloroflexota,Chloroflexia,Kallotenuales,AKIW781,NA,AKIW781,ASV1800_AKIW781
ASV1810,-0.48565427,0.343959081,-1.411953623,0.170798689,0.271887933,FALSE,TRUE,Bulk,Bacteria,Abditibacteriota,Abditibacteriia,Abditibacteriales,Abditibacteriaceae,Abditibacterium,Abditibacterium,ASV1810_Abditibacterium
ASV1812,-0.103160879,0.417044883,-0.247361575,0.806732293,0.871990972,FALSE,TRUE,Bulk,Bacteria,Chloroflexota,Chloroflexia,Thermomicrobiales,AKYG1722,NA,AKYG1722,ASV1812_AKYG1722
ASV1817,-0.809440796,0.593720126,-1.363337304,0.185429881,0.291412407,FALSE,TRUE,Bulk,Bacteria,Planctomycetota,Planctomycetes,Isosphaerales,Isosphaeraceae,NA,Isosphaeraceae,ASV1817_Isosphaeraceae
ASV1822,0.152611631,0.567168662,0.269076275,0.790170704,0.860087494,FALSE,TRUE,Bulk,Bacteria,Bacteroidota,Bacteroidia,Cytophagales,Hymenobacteraceae,Nibribacter,Nibribacter,ASV1822_Nibribacter
ASV1825,0.89619951,0.481488449,1.861310509,0.074993106,0.139375677,FALSE,FALSE,Bulk,Bacteria,Planctomycetota,Phycisphaerae,Tepidisphaerales,WD2101 Bulk group,NA,WD2101_Bulk_group,ASV1825_WD2101_Bulk_group
ASV1827,-0.795471335,0.509033519,-1.562709144,0.131212122,0.219631522,FALSE,TRUE,Bulk,Bacteria,Planctomycetota,Planctomycetes,Isosphaerales,Isosphaeraceae,NA,Isosphaeraceae,ASV1827_Isosphaeraceae
ASV183,-2.716650236,0.413046071,-6.577111911,8.39E-07,2.83E-05,TRUE,TRUE,Bulk,Bacteria,Bacteroidota,Bacteroidia,Cytophagales,Spirosomataceae,Fibrella,Fibrella,ASV183_Fibrella
ASV1831,0.751135973,0.406822837,1.846346629,0.077211131,0.142812951,FALSE,FALSE,Bulk,Bacteria,Planctomycetota,Planctomycetes,Isosphaerales,Isosphaeraceae,Tautonia,Tautonia,ASV1831_Tautonia
ASV1843,-0.169854701,0.445673185,-0.381119409,0.706467651,0.795966629,FALSE,TRUE,Bulk,Bacteria,Actinomycetota,Acidimicrobiia,Microtrichales,Ilumatobacteraceae,CL500-29 marine group,CL500-29_marine_group,ASV1843_CL500-29_marine_group
ASV185,0.993555843,0.595528985,1.668358498,0.108240762,0.188086526,FALSE,TRUE,Bulk,Bacteria,Pseudomonadota,Alphaproteobacteria,Sphingomonadales,Sphingomonadaceae,NA,Sphingomonadaceae,ASV185_Sphingomonadaceae
ASV1859,-1.015009717,0.501239098,-2.025001083,0.054128891,0.107545819,FALSE,TRUE,Bulk,Bacteria,Actinomycetota,Actinobacteria,Propionibacteriales,Propionibacteriaceae,Microlunatus,Microlunatus,ASV1859_Microlunatus
ASV186,-1.403047303,0.276521058,-5.073925697,3.45E-05,3.61E-04,TRUE,TRUE,Bulk,Bacteria,Actinomycetota,Actinobacteria,Frankiales,Geodermatophilaceae,Blastococcus,Blastococcus,ASV186_Blastococcus
ASV1860,-0.160794467,0.44908675,-0.358047676,0.723437594,0.809039156,FALSE,TRUE,Bulk,Bacteria,Planctomycetota,Planctomycetes,Gemmatales,Gemmataceae,Gemmata,Gemmata,ASV1860_Gemmata
ASV1863,-3.398525066,0.330663891,-10.27788386,2.87E-10,7.41E-08,TRUE,TRUE,Bulk,Bacteria,Actinomycetota,Acidimicrobiia,Microtrichales,Ilumatobacteraceae,CL500-29 marine group,CL500-29_marine_group,ASV1863_CL500-29_marine_group
ASV1868,0.035105082,0.445908951,0.078727017,0.93790249,0.961816318,FALSE,TRUE,Bulk,Bacteria,Actinomycetota,Actinobacteria,Propionibacteriales,Nocardioidaceae,Nocardioides,Nocardioides,ASV1868_Nocardioides
ASV1872,-0.383791044,0.445807504,-0.860889602,0.397818144,0.532485425,FALSE,TRUE,Bulk,Bacteria,Myxococcota,Polyangiia,Polyangiales,Polyangiaceae,Jahnella,Jahnella,ASV1872_Jahnella
ASV1879,-0.251460236,0.41618809,-0.60419854,0.551380994,0.677211204,FALSE,TRUE,Bulk,Bacteria,Chloroflexota,Anaerolineae,Aggregatilineales,A4b,NA,A4b,ASV1879_A4b
ASV1882,-0.651660783,0.564727303,-1.153938865,0.259887383,0.383348815,FALSE,TRUE,Bulk,Bacteria,Pseudomonadota,Alphaproteobacteria,Azospirillales,Azospirillaceae,Azospirillum,Azospirillum,ASV1882_Azospirillum
ASV1884,-0.284627863,0.747526964,-0.380759326,0.706731341,0.795966629,FALSE,TRUE,Bulk,Bacteria,Myxococcota,Myxococcia,Myxococcales,Myxococcaceae,Cystobacter,Cystobacter,ASV1884_Cystobacter
ASV1886,0.579495813,0.48112112,1.204469706,0.240152218,0.359469161,FALSE,TRUE,Bulk,Bacteria,Pseudomonadota,Alphaproteobacteria,Acetobacterales,Acetobacteraceae,Roseomonas,Roseomonas,ASV1886_Roseomonas
ASV189,-2.156072567,0.591815705,-3.643148616,0.001291139,0.005653292,TRUE,TRUE,Bulk,Bacteria,Acidobacteriota,Blastocatellia,Blastocatellales,Blastocatellaceae,JGI 0001001-H03,JGI_0001001-H03,ASV189_JGI_0001001-H03
ASV1897,-0.663675896,0.439962914,-1.508481452,0.144484048,0.237235461,FALSE,TRUE,Bulk,Bacteria,Pseudomonadota,Alphaproteobacteria,Sphingomonadales,Sphingomonadaceae,Novosphingobium,Novosphingobium,ASV1897_Novosphingobium
ASV19,-0.305145915,0.298132447,-1.02352467,0.316266502,0.448300057,FALSE,TRUE,Bulk,Bacteria,Acidobacteriota,Blastocatellia,Blastocatellales,Blastocatellaceae,Aridibacter,Aridibacter,ASV19_Aridibacter
ASV1901,-0.95861337,0.414958419,-2.310143197,0.029792049,0.063957999,FALSE,TRUE,Bulk,Bacteria,Actinomycetota,Thermoleophilia,Solirubrobacterales,67-14,NA,67-14,ASV1901_67-14
ASV1904,-0.838756091,0.562288625,-1.491682482,0.148810978,0.243823484,FALSE,TRUE,Bulk,Bacteria,Acidobacteriota,Acidobacteriae,Bryobacterales,Bryobacteraceae,Bryobacter,Bryobacter,ASV1904_Bryobacter
ASV1909,-1.225944551,0.341914774,-3.585526702,0.001490284,0.006209516,TRUE,TRUE,Bulk,Bacteria,Pseudomonadota,Alphaproteobacteria,Hyphomicrobiales,Beijerinckiaceae,Methylobacterium,Methylobacterium,ASV1909_Methylobacterium
ASV1910,-0.879805345,0.36673012,-2.399053958,0.024560703,0.055412664,FALSE,TRUE,Bulk,Bacteria,Deinococcota,Deinococci,Deinococcales,Deinococcaceae,NA,Deinococcaceae,ASV1910_Deinococcaceae
ASV1916,-0.217016583,0.450929675,-0.481264808,0.634687195,0.748760943,FALSE,TRUE,Bulk,Bacteria,Planctomycetota,Phycisphaerae,Tepidisphaerales,WD2101 Bulk group,NA,WD2101_Bulk_group,ASV1916_WD2101_Bulk_group
ASV192,1.126757852,0.480648867,2.344243227,0.027675539,0.060418431,FALSE,FALSE,Bulk,Bacteria,Acidobacteriota,Blastocatellia,Blastocatellales,Blastocatellaceae,Blastocatella,Blastocatella,ASV192_Blastocatella
ASV193,-1.520562397,0.454842699,-3.343051126,0.002711066,0.009338116,FALSE,FALSE,Bulk,Bacteria,Actinomycetota,Actinobacteria,Micrococcales,Micrococcaceae,NA,Micrococcaceae,ASV193_Micrococcaceae
ASV1930,-1.785497052,0.50937811,-3.505248881,0.001818595,0.007053227,TRUE,TRUE,Bulk,Bacteria,Planctomycetota,Planctomycetes,Isosphaerales,Isosphaeraceae,Tautonia,Tautonia,ASV1930_Tautonia
ASV1933,-1.412694415,0.493654783,-2.861705113,0.00859877,0.022744186,FALSE,FALSE,Bulk,Bacteria,Chloroflexota,Chloroflexia,Thermomicrobiales,JG30-KF-CM45,NA,JG30-KF-CM45,ASV1933_JG30-KF-CM45
ASV194,-0.951400224,0.288306688,-3.29995891,0.003012203,0.010194136,FALSE,FALSE,Bulk,Bacteria,Pseudomonadota,Alphaproteobacteria,Acetobacterales,Acetobacteraceae,Belnapia,Belnapia,ASV194_Belnapia
ASV1947,-0.464234867,0.586188184,-0.791955348,0.436144933,0.570003917,FALSE,TRUE,Bulk,Bacteria,Chloroflexota,Chloroflexia,Thermomicrobiales,JG30-KF-CM45,NA,JG30-KF-CM45,ASV1947_JG30-KF-CM45
ASV1957,-1.353975857,0.389379421,-3.477266095,0.001948863,0.007477073,TRUE,TRUE,Bulk,Bacteria,Chloroflexota,Anaerolineae,Aggregatilineales,A4b,OLB13,OLB13,ASV1957_OLB13
ASV196,-1.15982258,0.598224024,-1.938776335,0.064374823,0.123491306,FALSE,TRUE,Bulk,Bacteria,Verrucomicrobiota,Verrucomicrobiia,Verrucomicrobiales,Rubritaleaceae,Luteolibacter,Luteolibacter,ASV196_Luteolibacter
ASV1960,-0.129243419,0.419206801,-0.308304681,0.760510578,0.837209798,FALSE,TRUE,Bulk,Bacteria,Bacteroidota,Bacteroidia,Chitinophagales,Chitinophagaceae,Edaphobaculum,Edaphobaculum,ASV1960_Edaphobaculum
ASV1965,-1.296428453,0.389827509,-3.325646404,0.002829003,0.009658491,FALSE,FALSE,Bulk,Bacteria,Bacteroidota,Bacteroidia,Sphingobacteriales,Sphingobacteriaceae,Pedobacter,Pedobacter,ASV1965_Pedobacter
ASV1971,-0.341669487,0.467145276,-0.731398784,0.471617097,0.606141377,FALSE,TRUE,Bulk,Bacteria,Chloroflexota,Chloroflexia,Thermomicrobiales,JG30-KF-CM45,NA,JG30-KF-CM45,ASV1971_JG30-KF-CM45
ASV1975,-0.10177484,0.399671389,-0.2546463,0.801165598,0.868396278,FALSE,TRUE,Bulk,Bacteria,Rhodothermota,Rhodothermia,Rhodothermales,Rhodothermaceae,NA,Rhodothermaceae,ASV1975_Rhodothermaceae
ASV1978,0.095674735,0.513229714,0.186416983,0.853684547,0.911302374,FALSE,TRUE,Bulk,Bacteria,Planctomycetota,Planctomycetes,Isosphaerales,Isosphaeraceae,NA,Isosphaeraceae,ASV1978_Isosphaeraceae
ASV1982,0.04960185,0.421906169,0.11756607,0.907389867,0.942663736,FALSE,TRUE,Bulk,Bacteria,Planctomycetota,Phycisphaerae,Tepidisphaerales,WD2101 Bulk group,NA,WD2101_Bulk_group,ASV1982_WD2101_Bulk_group
ASV1989,-2.292944416,0.381753511,-6.00634794,3.35E-06,6.34E-05,TRUE,TRUE,Bulk,Bacteria,Bacteroidota,Bacteroidia,Chitinophagales,Chitinophagaceae,Aurantisolimonas,Aurantisolimonas,ASV1989_Aurantisolimonas
ASV199,-0.408155292,0.642297716,-0.635461222,0.531140559,0.657562193,FALSE,TRUE,Bulk,Bacteria,Pseudomonadota,Alphaproteobacteria,Sphingomonadales,Sphingomonadaceae,Rhizorhabdus,Rhizorhabdus,ASV199_Rhizorhabdus
ASV1993,-0.939069873,0.393243104,-2.38801358,0.025160902,0.056195098,FALSE,TRUE,Bulk,Bacteria,Verrucomicrobiota,Verrucomicrobiia,Pedosphaerales,Pedosphaeraceae,Pedosphaera,Pedosphaera,ASV1993_Pedosphaera
ASV20,-1.216884317,0.360271171,-3.377689959,0.002490382,0.008772936,FALSE,FALSE,Bulk,Bacteria,Abditibacteriota,Abditibacteriia,Abditibacteriales,Abditibacteriaceae,Abditibacterium,Abditibacterium,ASV20_Abditibacterium
ASV2008,-1.374893835,0.349965711,-3.928652983,6.31E-04,0.003282308,TRUE,TRUE,Bulk,Bacteria,Armatimonadota,Armatimonadia,Armatimonadales,Armatimonadaceae,NA,Armatimonadaceae,ASV2008_Armatimonadaceae
ASV201,0.735958099,0.469313063,1.568160268,0.129935379,0.217965191,FALSE,TRUE,Bulk,Bacteria,Actinomycetota,Acidimicrobiia,Acidimicrobiales,Acidimicrobiaceae,NA,Acidimicrobiaceae,ASV201_Acidimicrobiaceae
ASV2013,-0.078718949,0.427468574,-0.184151428,0.855441791,0.911922129,FALSE,TRUE,Bulk,Bacteria,Pseudomonadota,Alphaproteobacteria,Alphaproteobacteria Incertae Sedis,Neomegalonemataceae,Acuticoccus,Acuticoccus,ASV2013_Acuticoccus
ASV2014,0.403176815,0.474918886,0.848938263,0.404304187,0.539304208,FALSE,TRUE,Bulk,Bacteria,Myxococcota,Polyangiia,Polyangiales,Polyangiaceae,NA,Polyangiaceae,ASV2014_Polyangiaceae
ASV202,-2.436466571,0.467325449,-5.213639828,2.42E-05,2.72E-04,TRUE,TRUE,Bulk,Bacteria,Actinomycetota,Actinobacteria,Propionibacteriales,Propionibacteriaceae,Microlunatus,Microlunatus,ASV202_Microlunatus
ASV2023,0.228610949,0.523217472,0.436932941,0.666066115,0.76625205,FALSE,TRUE,Bulk,Bacteria,Deinococcota,Deinococci,Deinococcales,Trueperaceae,Truepera,Truepera,ASV2023_Truepera
ASV2045,-1.329428115,0.50363652,-2.639657892,0.014354099,0.035821194,FALSE,FALSE,Bulk,Bacteria,Actinomycetota,Actinobacteria,Propionibacteriales,Nocardioidaceae,Nocardioides,Nocardioides,ASV2045_Nocardioides
ASV2056,-0.001230895,0.496935878,-0.002476969,0.99804414,0.999333603,FALSE,TRUE,Bulk,Bacteria,Pseudomonadota,Alphaproteobacteria,Acetobacterales,Acetobacteraceae,NA,Acetobacteraceae,ASV2056_Acetobacteraceae
ASV206,-0.57137432,0.37234395,-1.534533648,0.137977072,0.228487672,FALSE,TRUE,Bulk,Bacteria,Armatimonadota,Armatimonadia,Armatimonadales,Armatimonadaceae,NA,Armatimonadaceae,ASV206_Armatimonadaceae
ASV2065,0.220224007,0.529410318,0.415979817,0.681121013,0.779717555,FALSE,TRUE,Bulk,Bacteria,Chloroflexota,Chloroflexia,Thermomicrobiales,JG30-KF-CM45,NA,JG30-KF-CM45,ASV2065_JG30-KF-CM45
ASV207,1.841078182,0.491310674,3.747279024,9.95E-04,0.004626249,TRUE,TRUE,Bulk,Bacteria,Acidobacteriota,Blastocatellia,Blastocatellales,Blastocatellaceae,Blastocatella,Blastocatella,ASV207_Blastocatella
ASV2070,-0.114780712,0.474254474,-0.242023466,0.810818101,0.875186669,FALSE,TRUE,Bulk,Bacteria,Chloroflexota,Chloroflexia,Chloroflexales,Roseiflexaceae,NA,Roseiflexaceae,ASV2070_Roseiflexaceae
ASV2074,-0.93173832,0.451408517,-2.064068986,0.049982545,0.101139614,FALSE,TRUE,Bulk,Bacteria,Planctomycetota,Phycisphaerae,Tepidisphaerales,WD2101 Bulk group,NA,WD2101_Bulk_group,ASV2074_WD2101_Bulk_group
ASV208,0.098912993,0.754115461,0.131164255,0.896738689,0.934102801,FALSE,TRUE,Bulk,Bacteria,Acidobacteriota,Blastocatellia,Blastocatellales,Blastocatellaceae,NA,Blastocatellaceae,ASV208_Blastocatellaceae
ASV2097,-1.328829489,0.348131006,-3.817038608,8.36E-04,0.004162311,TRUE,TRUE,Bulk,Bacteria,Bacteroidota,Bacteroidia,Cytophagales,Cytophagaceae,Cytophaga,Cytophaga,ASV2097_Cytophaga
ASV21,0.987903682,0.389449875,2.536664527,0.018109472,0.043586462,FALSE,FALSE,Bulk,Bacteria,Pseudomonadota,Alphaproteobacteria,Rhodobacterales,Paracoccaceae,Rubellimicrobium,Rubellimicrobium,ASV21_Rubellimicrobium
ASV210,0.676851393,0.657254919,1.029815637,0.31336381,0.446008057,FALSE,TRUE,Bulk,Bacteria,Acidobacteriota,Blastocatellia,Blastocatellales,Blastocatellaceae,Blastocatella,Blastocatella,ASV210_Blastocatella
ASV2101,-0.463182237,0.466143885,-0.993646495,0.330308217,0.46319358,FALSE,TRUE,Bulk,Bacteria,Planctomycetota,Planctomycetes,Isosphaerales,Isosphaeraceae,Tautonia,Tautonia,ASV2101_Tautonia
ASV2109,-1.637698824,0.410420282,-3.990297009,5.40E-04,0.003010705,TRUE,TRUE,Bulk,Bacteria,Chloroflexota,Chloroflexia,Chloroflexales,Roseiflexaceae,NA,Roseiflexaceae,ASV2109_Roseiflexaceae
ASV2110,-1.347818726,0.372266888,-3.62057107,0.001365853,0.005829619,TRUE,TRUE,Bulk,Bacteria,Bacteroidota,Bacteroidia,Chitinophagales,Chitinophagaceae,Cnuella,Cnuella,ASV2110_Cnuella
ASV2112,-1.448106213,0.459192014,-3.15359625,0.004296353,0.013318695,FALSE,FALSE,Bulk,Bacteria,Myxococcota,Polyangiia,Haliangiales,Haliangiaceae,NA,Haliangiaceae,ASV2112_Haliangiaceae
ASV212,-2.1707553,0.554648165,-3.913751885,6.55E-04,0.003384357,TRUE,TRUE,Bulk,Bacteria,Bacteroidota,Bacteroidia,Chitinophagales,Chitinophagaceae,Flavisolibacter,Flavisolibacter,ASV212_Flavisolibacter
ASV2128,-0.603144498,0.462209632,-1.304915467,0.204295498,0.315072824,FALSE,TRUE,Bulk,Bacteria,Bacillota,Clostridia,Clostridiales,Caloramatoraceae,Fonticella,Fonticella,ASV2128_Fonticella
ASV2142,-0.952944801,0.463361608,-2.056589897,0.050753711,0.101546057,FALSE,TRUE,Bulk,Bacteria,Planctomycetota,Planctomycetes,Pirellulales,Pirellulaceae,Pirellula,Pirellula,ASV2142_Pirellula
ASV2150,0.35625016,0.507631535,0.701788867,0.489561132,0.62096543,FALSE,TRUE,Bulk,Bacteria,Chloroflexota,Chloroflexia,Kallotenuales,AKIW781,NA,AKIW781,ASV2150_AKIW781
ASV2154,-1.154847712,0.334812536,-3.449236772,0.002088454,0.00781909,FALSE,FALSE,Bulk,Bacteria,Planctomycetota,Planctomycetes,Isosphaerales,Isosphaeraceae,Tundrisphaera,Tundrisphaera,ASV2154_Tundrisphaera
ASV2157,-1.545122522,0.35708547,-4.327038344,2.30E-04,0.001563219,TRUE,TRUE,Bulk,Bacteria,Bacteroidota,Bacteroidia,Cytophagales,Hymenobacteraceae,Hymenobacter,Hymenobacter,ASV2157_Hymenobacter
ASV216,-1.478514885,0.397694661,-3.717713693,0.00107176,0.004857392,TRUE,TRUE,Bulk,Bacteria,Deinococcota,Deinococci,Deinococcales,Deinococcaceae,Deinococcus,Deinococcus,ASV216_Deinococcus
ASV2166,0.14668098,0.386491914,0.379518884,0.70764001,0.795966629,FALSE,TRUE,Bulk,Bacteria,Planctomycetota,Planctomycetes,Gemmatales,Gemmataceae,NA,Gemmataceae,ASV2166_Gemmataceae
ASV2177,-0.622670367,0.493374372,-1.262064676,0.219052905,0.33352849,FALSE,TRUE,Bulk,Bacteria,Myxococcota,Myxococcia,Myxococcales,Myxococcaceae,NA,Myxococcaceae,ASV2177_Myxococcaceae
ASV218,-5.170674567,0.446460682,-11.581478,2.60E-11,2.01E-08,TRUE,TRUE,Bulk,Bacteria,Gemmatimonadota,Gemmatimonadia,Gemmatimonadales,Gemmatimonadaceae,NA,Gemmatimonadaceae,ASV218_Gemmatimonadaceae
ASV2185,-0.626279433,0.391786251,-1.598523253,0.123010286,0.208150593,FALSE,TRUE,Bulk,Bacteria,Bdellovibrionota,Bdellovibrionia,Bdellovibrionales,Pseudobdellovibrionaceae,NA,Pseudobdellovibrionaceae,ASV2185_Pseudobdellovibrionaceae
ASV2186,-0.284035899,0.410145602,-0.692524551,0.495254792,0.624713331,FALSE,TRUE,Bulk,Bacteria,Bacteroidota,Bacteroidia,Cytophagales,Spirosomataceae,NA,Spirosomataceae,ASV2186_Spirosomataceae
ASV2196,0.655972813,0.474254473,1.383166316,0.179347249,0.28250837,FALSE,TRUE,Bulk,Bacteria,Chloroflexota,Chloroflexia,Thermomicrobiales,JG30-KF-CM45,NA,JG30-KF-CM45,ASV2196_JG30-KF-CM45
ASV2198,0.645883984,0.39629667,1.62979917,0.116200253,0.198359463,FALSE,FALSE,Bulk,Bacteria,Actinomycetota,Acidimicrobiia,Microtrichales,Ilumatobacteraceae,NA,Ilumatobacteraceae,ASV2198_Ilumatobacteraceae
ASV22,-0.95326092,0.284602581,-3.349445798,0.002668945,0.009234073,FALSE,FALSE,Bulk,Bacteria,Pseudomonadota,Alphaproteobacteria,Sphingomonadales,Sphingomonadaceae,Sphingomonas,Sphingomonas,ASV22_Sphingomonas
ASV2202,0.370590106,0.463493016,0.799559202,0.431809081,0.567206843,FALSE,TRUE,Bulk,Bacteria,Deinococcota,Deinococci,Deinococcales,Trueperaceae,Truepera,Truepera,ASV2202_Truepera
ASV2204,0.065893387,0.415280074,0.158672162,0.875254806,0.926120318,FALSE,TRUE,Bulk,Bacteria,Chloroflexota,Chloroflexia,Thermomicrobiales,AKYG1722,NA,AKYG1722,ASV2204_AKYG1722
ASV2209,0.763986287,0.459318742,1.663303098,0.109257473,0.189333757,FALSE,TRUE,Bulk,Bacteria,Planctomycetota,Planctomycetes,Isosphaerales,Isosphaeraceae,Tautonia,Tautonia,ASV2209_Tautonia
ASV221,-0.728051582,0.253760154,-2.869053987,0.008452103,0.022471608,FALSE,FALSE,Bulk,Bacteria,Armatimonadota,Armatimonadia,Armatimonadales,Armatimonadaceae,NA,Armatimonadaceae,ASV221_Armatimonadaceae
ASV2228,-0.30853234,0.321962658,-0.958286099,0.347473373,0.480878329,FALSE,TRUE,Bulk,Bacteria,Actinomycetota,Acidimicrobiia,Microtrichales,Ilumatobacteraceae,Ilumatobacter,Ilumatobacter,ASV2228_Ilumatobacter
ASV223,-1.139462067,0.553121701,-2.060056702,0.050394942,0.101181554,FALSE,TRUE,Bulk,Bacteria,Deinococcota,Deinococci,Deinococcales,Deinococcaceae,Deinococcus,Deinococcus,ASV223_Deinococcus
ASV2241,0.536091493,0.468661175,1.143878609,0.263955312,0.386702017,FALSE,TRUE,Bulk,Bacteria,Gemmatimonadota,Gemmatimonadia,Gemmatimonadales,Gemmatimonadaceae,Roseisolibacter,Roseisolibacter,ASV2241_Roseisolibacter
ASV225,0.295543432,0.583605195,0.506409871,0.61718967,0.733622691,FALSE,TRUE,Bulk,Bacteria,Acidobacteriota,Vicinamibacteria,Vicinamibacterales,Vicinamibacteraceae,NA,Vicinamibacteraceae,ASV225_Vicinamibacteraceae
ASV2255,-1.3922276,0.420474182,-3.311089383,0.002931452,0.009964365,FALSE,FALSE,Bulk,Bacteria,Bacteroidota,Bacteroidia,Cytophagales,Cytophagaceae,Sporocytophaga,Sporocytophaga,ASV2255_Sporocytophaga
ASV226,-1.952648218,0.497040448,-3.928549929,6.31E-04,0.003282308,TRUE,TRUE,Bulk,Bacteria,Acidobacteriota,Blastocatellia,Blastocatellales,Blastocatellaceae,Stenotrophobacter,Stenotrophobacter,ASV226_Stenotrophobacter
ASV227,2.172437714,0.607816319,3.574168124,0.001532946,0.006319325,TRUE,TRUE,Bulk,Bacteria,Gemmatimonadota,Gemmatimonadia,Gemmatimonadales,Gemmatimonadaceae,NA,Gemmatimonadaceae,ASV227_Gemmatimonadaceae
ASV2279,0.206624141,0.498712701,0.414314976,0.682323126,0.779941626,FALSE,TRUE,Bulk,Bacteria,Chloroflexota,Chloroflexia,Kallotenuales,Kallotenuaceae,Kallotenue,Kallotenue,ASV2279_Kallotenue
ASV228,-0.473937894,0.911193496,-0.520128705,0.607738908,0.72572828,FALSE,TRUE,Bulk,Bacteria,Bacillota,Bacilli,Brevibacillales,Brevibacillaceae,Brevibacillus,Brevibacillus,ASV228_Brevibacillus
ASV2284,-1.42682681,0.362434107,-3.93678956,6.18E-04,0.003258545,TRUE,TRUE,Bulk,Bacteria,Chloroflexota,Chloroflexia,Thermomicrobiales,JG30-KF-CM45,NA,JG30-KF-CM45,ASV2284_JG30-KF-CM45
ASV229,-1.53364822,0.534685924,-2.868316053,0.008466722,0.022471608,FALSE,FALSE,Bulk,Bacteria,Pseudomonadota,Alphaproteobacteria,Sphingomonadales,Sphingomonadaceae,Sphingomonas,Sphingomonas,ASV229_Sphingomonas
ASV23,-0.237973423,0.256267143,-0.92861465,0.362334902,0.496129946,FALSE,TRUE,Bulk,Bacteria,Chloroflexota,Chloroflexia,Kallotenuales,AKIW781,NA,AKIW781,ASV23_AKIW781
ASV231,1.853014845,0.634253826,2.921566682,0.007471215,0.020200557,TRUE,TRUE,Bulk,Bacteria,Bacteroidota,Bacteroidia,Cytophagales,Spirosomataceae,NA,Spirosomataceae,ASV231_Spirosomataceae
ASV2312,-0.12765732,0.398089153,-0.320675203,0.751232087,0.829351663,FALSE,TRUE,Bulk,Bacteria,Pseudomonadota,Alphaproteobacteria,Sphingomonadales,Sphingomonadaceae,NA,Sphingomonadaceae,ASV2312_Sphingomonadaceae
ASV232,-1.622693985,0.320398738,-5.064607917,3.53E-05,3.63E-04,TRUE,TRUE,Bulk,Bacteria,Bacteroidota,Bacteroidia,Cytophagales,Spirosomataceae,Telluribacter,Telluribacter,ASV232_Telluribacter
ASV2336,-0.919099624,0.327053882,-2.810239154,0.009695687,0.025300192,FALSE,FALSE,Bulk,Bacteria,Gemmatimonadota,Longimicrobiia,Longimicrobiales,Longimicrobiaceae,NA,Longimicrobiaceae,ASV2336_Longimicrobiaceae
ASV2343,-1.048004282,0.400250686,-2.618369734,0.015064807,0.037301039,FALSE,FALSE,Bulk,Bacteria,Planctomycetota,Phycisphaerae,Tepidisphaerales,WD2101 Bulk group,NA,WD2101_Bulk_group,ASV2343_WD2101_Bulk_group
ASV235,-2.497829243,0.506697966,-4.929621606,4.97E-05,4.71E-04,TRUE,TRUE,Bulk,Bacteria,Bacteroidota,Bacteroidia,Chitinophagales,Chitinophagaceae,Flavisolibacter,Flavisolibacter,ASV235_Flavisolibacter
ASV236,-0.745685775,0.452886681,-1.646517343,0.11269106,0.194511294,FALSE,TRUE,Bulk,Bacteria,Gemmatimonadota,Gemmatimonadia,Gemmatimonadales,Gemmatimonadaceae,Gemmatimonas,Gemmatimonas,ASV236_Gemmatimonas
ASV2362,-1.355667547,0.442397588,-3.064364686,0.005323053,0.015745671,FALSE,FALSE,Bulk,Bacteria,Chloroflexota,Chloroflexia,Kallotenuales,AKIW781,NA,AKIW781,ASV2362_AKIW781
ASV237,0.876329935,0.520749817,1.682823318,0.10537558,0.184764874,FALSE,TRUE,Bulk,Bacteria,Planctomycetota,Planctomycetes,Isosphaerales,Isosphaeraceae,NA,Isosphaeraceae,ASV237_Isosphaeraceae
ASV2370,-0.401145632,0.363950616,-1.102197976,0.281306339,0.407499836,FALSE,TRUE,Bulk,Bacteria,Chloroflexota,Chloroflexia,Chloroflexales,Chloroflexaceae,FFCH7168,FFCH7168,ASV2370_FFCH7168
ASV2377,0.252434127,0.430848553,0.585899905,0.563412652,0.684137314,FALSE,TRUE,Bulk,Bacteria,Planctomycetota,Planctomycetes,Isosphaerales,Isosphaeraceae,Tundrisphaera,Tundrisphaera,ASV2377_Tundrisphaera
ASV2378,0.085618736,0.341038695,0.251052848,0.803910248,0.870154249,FALSE,TRUE,Bulk,Bacteria,Planctomycetota,Planctomycetes,Pirellulales,Pirellulaceae,NA,Pirellulaceae,ASV2378_Pirellulaceae
ASV238,-1.21747832,0.286940685,-4.242961648,2.85E-04,0.001838693,TRUE,TRUE,Bulk,Bacteria,Chloroflexota,Chloroflexia,Kallotenuales,AKIW781,NA,AKIW781,ASV238_AKIW781
ASV239,0.306866989,0.321743423,0.953763052,0.349711835,0.482604065,FALSE,TRUE,Bulk,Bacteria,Pseudomonadota,Alphaproteobacteria,Acetobacterales,Acetobacteraceae,NA,Acetobacteraceae,ASV239_Acetobacteraceae
ASV2421,-0.536038533,0.415809771,-1.289143668,0.209635257,0.321717474,FALSE,TRUE,Bulk,Bacteria,Planctomycetota,Planctomycetes,Isosphaerales,Isosphaeraceae,NA,Isosphaeraceae,ASV2421_Isosphaeraceae
ASV2422,0.123806188,0.467089485,0.265058821,0.793227445,0.862203744,FALSE,TRUE,Bulk,Bacteria,Actinomycetota,Actinobacteria,Propionibacteriales,Nocardioidaceae,Nocardioides,Nocardioides,ASV2422_Nocardioides
ASV2423,-0.410055772,0.424473537,-0.966033772,0.34366161,0.477307792,FALSE,TRUE,Bulk,Bacteria,Bacteroidota,Bacteroidia,Chitinophagales,Chitinophagaceae,Segetibacter,Segetibacter,ASV2423_Segetibacter
ASV2428,-0.901934736,0.496191191,-1.817716137,0.081613571,0.148997218,FALSE,TRUE,Bulk,Bacteria,Myxococcota,Myxococcia,Myxococcales,Myxococcaceae,NA,Myxococcaceae,ASV2428_Myxococcaceae
ASV243,1.094622527,0.536375107,2.040778016,0.052419028,0.104433795,FALSE,FALSE,Bulk,Bacteria,Bacteroidota,Bacteroidia,Chitinophagales,Chitinophagaceae,Segetibacter,Segetibacter,ASV243_Segetibacter
ASV2445,-1.027904642,0.283361359,-3.627539917,0.00134235,0.005779565,TRUE,TRUE,Bulk,Bacteria,Chloroflexota,Chloroflexia,Kallotenuales,AKIW781,NA,AKIW781,ASV2445_AKIW781
ASV245,-0.350145481,0.630172412,-0.555634417,0.583603809,0.702318248,FALSE,TRUE,Bulk,Bacteria,Acidobacteriota,Blastocatellia,Pyrinomonadales,Pyrinomonadaceae,NA,Pyrinomonadaceae,ASV245_Pyrinomonadaceae
ASV2451,-0.383130756,0.456163611,-0.839897676,0.409255003,0.544035381,FALSE,TRUE,Bulk,Bacteria,Pseudomonadota,Gammaproteobacteria,Burkholderiales,B1-7BS,NA,B1-7BS,ASV2451_B1-7BS
ASV2460,1.01884146,0.472039132,2.158383471,0.041117598,0.084079521,FALSE,FALSE,Bulk,Bacteria,Pseudomonadota,Alphaproteobacteria,Acetobacterales,Acetobacteraceae,Roseicella,Roseicella,ASV2460_Roseicella
ASV2465,-1.127411178,0.30127241,-3.742165363,0.001008131,0.004650603,TRUE,TRUE,Bulk,Bacteria,Planctomycetota,Planctomycetes,Gemmatales,Gemmataceae,NA,Gemmataceae,ASV2465_Gemmataceae
ASV2467,-0.158846944,0.350383902,-0.453351146,0.654368364,0.761666362,FALSE,TRUE,Bulk,Bacteria,Bacteroidota,Bacteroidia,Cytophagales,MWH-CFBk5,NA,MWH-CFBk5,ASV2467_MWH-CFBk5
ASV248,-1.935342547,0.572446689,-3.380825818,0.002471287,0.008772936,FALSE,FALSE,Bulk,Bacteria,Actinomycetota,Thermoleophilia,Solirubrobacterales,Solirubrobacteraceae,NA,Solirubrobacteraceae,ASV248_Solirubrobacteraceae
ASV249,1.163328,0.472024274,2.464551216,0.021263146,0.049923034,FALSE,FALSE,Bulk,Bacteria,Verrucomicrobiota,Verrucomicrobiia,Chthoniobacterales,Chthoniobacteraceae,Candidatus Udaeobacter,Candidatus_Udaeobacter,ASV249_Candidatus_Udaeobacter
ASV2494,-0.068530033,0.503663243,-0.136063201,0.892906182,0.932617643,FALSE,TRUE,Bulk,Bacteria,Bacteroidota,Bacteroidia,Cytophagales,Spirosomataceae,NA,Spirosomataceae,ASV2494_Spirosomataceae
ASV25,-0.092510165,0.277595383,-0.333255417,0.741835397,0.820146124,FALSE,TRUE,Bulk,Bacteria,Verrucomicrobiota,Verrucomicrobiia,Chthoniobacterales,Chthoniobacteraceae,Candidatus Udaeobacter,Candidatus_Udaeobacter,ASV25_Candidatus_Udaeobacter
ASV2521,0.429061661,0.519905046,0.825269277,0.417346665,0.551011354,FALSE,TRUE,Bulk,Bacteria,Chloroflexota,Chloroflexia,Kallotenuales,Kallotenuaceae,Kallotenue,Kallotenue,ASV2521_Kallotenue
ASV2524,-0.77674578,0.433685533,-1.791034566,0.085909577,0.154477778,FALSE,TRUE,Bulk,Bacteria,Planctomycetota,Phycisphaerae,Tepidisphaerales,WD2101 Bulk group,NA,WD2101_Bulk_group,ASV2524_WD2101_Bulk_group
ASV2527,0.302473254,0.518329765,0.583553703,0.564965008,0.684137314,FALSE,TRUE,Bulk,Bacteria,Actinomycetota,Rubrobacteria,Rubrobacterales,Rubrobacteriaceae,Rubrobacter,Rubrobacter,ASV2527_Rubrobacter
ASV253,-0.257336571,0.676950333,-0.380140992,0.707184238,0.795966629,FALSE,TRUE,Bulk,Bacteria,Planctomycetota,Planctomycetes,Gemmatales,Gemmataceae,Gemmata,Gemmata,ASV253_Gemmata
ASV2533,-0.382290059,0.507548437,-0.753209016,0.458649884,0.593411786,FALSE,TRUE,Bulk,Bacteria,Planctomycetota,Planctomycetes,Isosphaerales,Isosphaeraceae,Tautonia,Tautonia,ASV2533_Tautonia
ASV2534,-0.108563225,0.392496255,-0.276596843,0.784457821,0.855678383,FALSE,TRUE,Bulk,Bacteria,Chloroflexota,Chloroflexia,Chloroflexales,Chloroflexaceae,Chloronema,Chloronema,ASV2534_Chloronema
ASV2546,-0.538973284,0.303113017,-1.778126486,0.088056732,0.157244164,FALSE,TRUE,Bulk,Bacteria,Bacteroidota,Bacteroidia,Flavobacteriales,Weeksellaceae,Chryseobacterium,Chryseobacterium,ASV2546_Chryseobacterium
ASV255,-0.401188959,0.677745141,-0.59194664,0.559421962,0.682759087,FALSE,TRUE,Bulk,Bacteria,Bacteroidota,Bacteroidia,Cytophagales,Hymenobacteraceae,Hymenobacter,Hymenobacter,ASV255_Hymenobacter
ASV2552,-0.006084214,0.434852622,-0.01399144,0.988952472,0.99324111,FALSE,TRUE,Bulk,Bacteria,Gemmatimonadota,Gemmatimonadia,Gemmatimonadales,Gemmatimonadaceae,Roseisolibacter,Roseisolibacter,ASV2552_Roseisolibacter
ASV256,1.316205371,0.845517752,1.556685674,0.132634928,0.221058213,FALSE,TRUE,Bulk,Bacteria,Planctomycetota,Planctomycetes,Isosphaerales,Isosphaeraceae,Tautonia,Tautonia,ASV256_Tautonia
ASV2560,-0.639552863,0.554587305,-1.153205017,0.26018255,0.383348815,FALSE,TRUE,Bulk,Bacteria,Pseudomonadota,Alphaproteobacteria,Tistrellales,Geminicoccaceae,NA,Geminicoccaceae,ASV2560_Geminicoccaceae
ASV2565,0.208505967,0.41598511,0.501234208,0.620772846,0.736551237,FALSE,TRUE,Bulk,Bacteria,Bdellovibrionota,Oligoflexia,Silvanigrellales,Silvanigrellaceae,NA,Silvanigrellaceae,ASV2565_Silvanigrellaceae
ASV257,-3.201278596,0.674241883,-4.747967571,7.88E-05,6.70E-04,TRUE,TRUE,Bulk,Bacteria,Pseudomonadota,Gammaproteobacteria,Burkholderiales,Oxalobacteraceae,Noviherbaspirillum,Noviherbaspirillum,ASV257_Noviherbaspirillum
ASV2576,-1.835450982,0.523445199,-3.506481646,0.001813055,0.007053227,TRUE,TRUE,Bulk,Bacteria,Pseudomonadota,Alphaproteobacteria,Acetobacterales,Acetobacteraceae,NA,Acetobacteraceae,ASV2576_Acetobacteraceae
ASV258,1.315072418,0.494008585,2.662043652,0.013640724,0.034435052,FALSE,FALSE,Bulk,Bacteria,Pseudomonadota,Alphaproteobacteria,Acetobacterales,Acetobacteraceae,Roseomonas,Roseomonas,ASV258_Roseomonas
ASV2586,-0.457481624,0.448648159,-1.01968907,0.318045455,0.449790561,FALSE,TRUE,Bulk,Bacteria,Chloroflexota,Anaerolineae,Ardenticatenales,Ardenticatenaceae,NA,Ardenticatenaceae,ASV2586_Ardenticatenaceae
ASV2587,-0.018852302,0.457052085,-0.0412476,0.967439738,0.977530374,FALSE,TRUE,Bulk,Bacteria,Bacteroidota,Bacteroidia,Cytophagales,Cyclobacteriaceae,NA,Cyclobacteriaceae,ASV2587_Cyclobacteriaceae
ASV259,-3.061843335,0.803004683,-3.812983163,8.44E-04,0.004166601,TRUE,TRUE,Bulk,Bacteria,Actinomycetota,Actinobacteria,Frankiales,Geodermatophilaceae,Geodermatophilus,Geodermatophilus,ASV259_Geodermatophilus
ASV2597,-1.531833899,0.449715077,-3.406232032,0.002321748,0.0084082,TRUE,TRUE,Bulk,Bacteria,Bdellovibrionota,Oligoflexia,Oligoflexales,Oligoflexaceae,Oligoflexus,Oligoflexus,ASV2597_Oligoflexus
ASV26,-1.409516096,0.423504061,-3.32822333,0.002811233,0.00964029,TRUE,TRUE,Bulk,Bacteria,Deinococcota,Deinococci,Deinococcales,Deinococcaceae,Deinococcus,Deinococcus,ASV26_Deinococcus
ASV260,0.722766218,0.519128268,1.392269045,0.176608279,0.279329421,FALSE,TRUE,Bulk,Bacteria,Gemmatimonadota,Gemmatimonadia,Gemmatimonadales,Gemmatimonadaceae,Roseisolibacter,Roseisolibacter,ASV260_Roseisolibacter
ASV263,2.324320013,0.756517066,3.072396009,0.005221757,0.015564854,TRUE,TRUE,Bulk,Bacteria,Planctomycetota,Planctomycetes,Isosphaerales,Isosphaeraceae,Tautonia,Tautonia,ASV263_Tautonia
ASV264,-2.140127295,0.629751114,-3.398370004,0.002367058,0.008532417,TRUE,TRUE,Bulk,Bacteria,Gemmatimonadota,Longimicrobiia,Longimicrobiales,Longimicrobiaceae,NA,Longimicrobiaceae,ASV264_Longimicrobiaceae
ASV265,-1.896712084,0.515743924,-3.677623713,0.001184719,0.005319374,TRUE,TRUE,Bulk,Bacteria,Actinomycetota,Rubrobacteria,Rubrobacterales,Rubrobacteriaceae,Rubrobacter,Rubrobacter,ASV265_Rubrobacter
ASV2653,-1.37920841,0.379481235,-3.634457474,0.001319413,0.005744636,TRUE,TRUE,Bulk,Bacteria,Chloroflexota,Chloroflexia,Chloroflexales,Chloroflexaceae,Chloronema,Chloronema,ASV2653_Chloronema
ASV2663,-1.35776416,0.393267131,-3.452523881,0.002071592,0.007810037,TRUE,TRUE,Bulk,Bacteria,Gemmatimonadota,Longimicrobiia,Longimicrobiales,Longimicrobiaceae,NA,Longimicrobiaceae,ASV2663_Longimicrobiaceae
ASV2669,-0.909239994,0.484057161,-1.878373192,0.072531679,0.135777901,FALSE,TRUE,Bulk,Bacteria,Bacteroidota,Bacteroidia,Cytophagales,Spirosomataceae,NA,Spirosomataceae,ASV2669_Spirosomataceae
ASV2682,0.552810463,0.49008518,1.127988533,0.270475367,0.394761599,FALSE,TRUE,Bulk,Bacteria,Deinococcota,Deinococci,Deinococcales,Trueperaceae,Truepera,Truepera,ASV2682_Truepera
ASV2694,-0.432335256,0.347924453,-1.242612448,0.226015122,0.342112733,FALSE,TRUE,Bulk,Bacteria,Planctomycetota,Planctomycetes,Gemmatales,Gemmataceae,NA,Gemmataceae,ASV2694_Gemmataceae
ASV27,0.167214716,0.811947833,0.205942684,0.838572658,0.900129931,FALSE,TRUE,Bulk,Bacteria,Acidobacteriota,Blastocatellia,Blastocatellales,Blastocatellaceae,Aridibacter,Aridibacter,ASV27_Aridibacter
ASV272,-0.723962818,0.420238319,-1.722743467,0.097798453,0.172258639,FALSE,TRUE,Bulk,Bacteria,Abditibacteriota,Abditibacteriia,Abditibacteriales,Abditibacteriaceae,Abditibacterium,Abditibacterium,ASV272_Abditibacterium
ASV2728,-0.312420163,0.474195798,-0.658842115,0.516268931,0.64680042,FALSE,TRUE,Bulk,Bacteria,Bacteroidota,Bacteroidia,Chitinophagales,Chitinophagaceae,NA,Chitinophagaceae,ASV2728_Chitinophagaceae
ASV273,-2.061737902,0.528189152,-3.903408263,6.72E-04,0.003450729,TRUE,TRUE,Bulk,Bacteria,Actinomycetota,Actinobacteria,Frankiales,Geodermatophilaceae,Blastococcus,Blastococcus,ASV273_Blastococcus
ASV2735,0.069646477,0.445687016,0.156267682,0.877129078,0.926120318,FALSE,TRUE,Bulk,Bacteria,Chloroflexota,Anaerolineae,Ardenticatenales,Ardenticatenaceae,NA,Ardenticatenaceae,ASV2735_Ardenticatenaceae
ASV2738,-0.872344402,0.386703532,-2.255848032,0.033468802,0.07086973,FALSE,TRUE,Bulk,Bacteria,Myxococcota,Polyangiia,Haliangiales,Haliangiaceae,NA,Haliangiaceae,ASV2738_Haliangiaceae
ASV274,-2.787991297,0.527650615,-5.283782897,2.03E-05,2.42E-04,TRUE,TRUE,Bulk,Bacteria,Actinomycetota,Actinobacteria,Micrococcales,Micrococcaceae,Kocuria,Kocuria,ASV274_Kocuria
ASV2745,-1.028104703,0.476272363,-2.158648667,0.041094804,0.084079521,FALSE,TRUE,Bulk,Bacteria,Myxococcota,Polyangiia,Polyangiales,Sandaracinaceae,NA,Sandaracinaceae,ASV2745_Sandaracinaceae
ASV2775,-0.223173715,0.356776661,-0.625527785,0.537528115,0.664408754,FALSE,TRUE,Bulk,Bacteria,Pseudomonadota,Alphaproteobacteria,Rhodospirillales,Magnetospirillaceae,NA,Magnetospirillaceae,ASV2775_Magnetospirillaceae
ASV28,-0.014927642,0.678046324,-0.022015668,0.982617478,0.988998111,FALSE,TRUE,Bulk,Bacteria,Pseudomonadota,Alphaproteobacteria,Sphingomonadales,Sphingomonadaceae,NA,Sphingomonadaceae,ASV28_Sphingomonadaceae
ASV280,1.366434285,0.551484966,2.477736237,0.020650954,0.048794174,TRUE,TRUE,Bulk,Bacteria,Bacteroidota,Bacteroidia,Cytophagales,Spirosomataceae,Nibrella,Nibrella,ASV280_Nibrella
ASV2823,-2.021031889,0.480166901,-4.209019584,3.10E-04,0.001955269,TRUE,TRUE,Bulk,Bacteria,Bacteroidota,Bacteroidia,Cytophagales,Cytophagaceae,Sporocytophaga,Sporocytophaga,ASV2823_Sporocytophaga
ASV2841,-0.049997423,0.465081431,-0.107502513,0.91528398,0.947056187,FALSE,TRUE,Bulk,Bacteria,Rhodothermota,Rhodothermia,Rhodothermales,Rhodothermaceae,NA,Rhodothermaceae,ASV2841_Rhodothermaceae
ASV2842,-1.681656535,0.403360408,-4.169116502,3.43E-04,0.002062955,TRUE,TRUE,Bulk,Bacteria,Chloroflexota,Chloroflexia,Chloroflexales,Chloroflexaceae,FFCH7168,FFCH7168,ASV2842_FFCH7168
ASV287,-0.979323222,0.623831773,-1.569851464,0.129541363,0.217775609,FALSE,TRUE,Bulk,Bacteria,Bacteroidota,Bacteroidia,Cytophagales,Hymenobacteraceae,Hymenobacter,Hymenobacter,ASV287_Hymenobacter
ASV288,-2.705326052,0.634391875,-4.264439942,2.70E-04,0.001801123,TRUE,TRUE,Bulk,Bacteria,Pseudomonadota,Alphaproteobacteria,Sphingomonadales,Sphingomonadaceae,Sphingomonas,Sphingomonas,ASV288_Sphingomonas
ASV289,2.176360401,0.530337559,4.103726698,4.05E-04,0.00241612,TRUE,TRUE,Bulk,Bacteria,Pseudomonadota,Alphaproteobacteria,Sphingomonadales,Sphingomonadaceae,MN 122.2a,MN_122.2a,ASV289_MN_122.2a
ASV29,-1.37386973,0.264841004,-5.187526513,2.59E-05,2.86E-04,TRUE,TRUE,Bulk,Bacteria,Pseudomonadota,Alphaproteobacteria,Rhodobacterales,Paracoccaceae,Rubellimicrobium,Rubellimicrobium,ASV29_Rubellimicrobium
ASV2916,-1.173836949,0.325381146,-3.607575189,0.001410762,0.00594714,TRUE,TRUE,Bulk,Bacteria,Chloroflexota,Chloroflexia,Kallotenuales,AKIW781,NA,AKIW781,ASV2916_AKIW781
ASV292,-2.074582327,0.634262697,-3.270856599,0.003233654,0.010529754,TRUE,TRUE,Bulk,Bacteria,Acidobacteriota,Blastocatellia,Pyrinomonadales,Pyrinomonadaceae,NA,Pyrinomonadaceae,ASV292_Pyrinomonadaceae
ASV293,1.687009656,0.770745132,2.188803518,0.038575979,0.079723691,FALSE,FALSE,Bulk,Bacteria,Actinomycetota,Actinobacteria,Kineosporiales,Kineosporiaceae,Thalassiella,Thalassiella,ASV293_Thalassiella
ASV298,1.237478949,0.531255783,2.329346785,0.028582592,0.061875722,FALSE,TRUE,Bulk,Bacteria,Pseudomonadota,Alphaproteobacteria,Acetobacterales,Acetobacteraceae,NA,Acetobacteraceae,ASV298_Acetobacteraceae
ASV3012,0.417733206,0.408258313,1.023208082,0.316413072,0.448300057,FALSE,TRUE,Bulk,Bacteria,Pseudomonadota,Alphaproteobacteria,Acetobacterales,Acetobacteraceae,Craurococcus,Craurococcus,ASV3012_Craurococcus
ASV302,-0.778999319,0.351762057,-2.214563237,0.036535648,0.076115934,FALSE,TRUE,Bulk,Bacteria,Deinococcota,Deinococci,Deinococcales,Trueperaceae,Truepera,Truepera,ASV302_Truepera
ASV303,0.500925128,0.689237201,0.726781908,0.474389387,0.608694992,FALSE,TRUE,Bulk,Bacteria,Planctomycetota,Phycisphaerae,Tepidisphaerales,WD2101 Bulk group,NA,WD2101_Bulk_group,ASV303_WD2101_Bulk_group
ASV3036,-1.284228066,0.357010702,-3.597169662,0.00144776,0.006064941,TRUE,TRUE,Bulk,Bacteria,Pseudomonadota,Alphaproteobacteria,Azospirillales,Azospirillaceae,Azospirillum,Azospirillum,ASV3036_Azospirillum
ASV3039,-1.358071589,0.413183496,-3.286848582,0.003110084,0.010325552,FALSE,FALSE,Bulk,Bacteria,Planctomycetota,Planctomycetes,Isosphaerales,Isosphaeraceae,Tautonia,Tautonia,ASV3039_Tautonia
ASV305,-1.523652893,0.703881279,-2.164644719,0.040582456,0.08364735,FALSE,TRUE,Bulk,Bacteria,Actinomycetota,Thermoleophilia,Solirubrobacterales,Solirubrobacteraceae,Solirubrobacter,Solirubrobacter,ASV305_Solirubrobacter
ASV307,-0.657297945,0.247237365,-2.658570423,0.013749182,0.034596156,FALSE,FALSE,Bulk,Bacteria,Pseudomonadota,Gammaproteobacteria,Burkholderiales,Burkholderiaceae,Lautropia,Lautropia,ASV307_Lautropia
ASV3071,0.167685166,0.474906612,0.353090821,0.727102819,0.811966404,FALSE,TRUE,Bulk,Bacteria,Pseudomonadota,Alphaproteobacteria,Azospirillales,Azospirillaceae,Skermanella,Skermanella,ASV3071_Skermanella
ASV309,-1.832706905,0.406864419,-4.504465911,1.46E-04,0.001091226,TRUE,TRUE,Bulk,Bacteria,Bacteroidota,Bacteroidia,Chitinophagales,Chitinophagaceae,Cnuella,Cnuella,ASV309_Cnuella
ASV31,-2.827129761,0.468131782,-6.03917501,3.09E-06,6.26E-05,TRUE,TRUE,Bulk,Bacteria,Deinococcota,Deinococci,Deinococcales,Deinococcaceae,Deinococcus,Deinococcus,ASV31_Deinococcus
ASV3104,0.057788732,0.399579152,0.144623992,0.886215404,0.932617643,FALSE,TRUE,Bulk,Bacteria,Pseudomonadota,Gammaproteobacteria,Burkholderiales,Rhodocyclaceae,NA,Rhodocyclaceae,ASV3104_Rhodocyclaceae
ASV312,-3.308045068,0.530195718,-6.239290428,1.90E-06,4.59E-05,TRUE,TRUE,Bulk,Bacteria,Actinomycetota,Actinobacteria,Propionibacteriales,Nocardioidaceae,Nocardioides,Nocardioides,ASV312_Nocardioides
ASV314,-0.419580161,0.587240946,-0.714494049,0.48181407,0.616043931,FALSE,TRUE,Bulk,Bacteria,Pseudomonadota,Alphaproteobacteria,Sphingomonadales,Sphingomonadaceae,Sphingomonas,Sphingomonas,ASV314_Sphingomonas
ASV315,-1.963920133,0.461657038,-4.254067347,2.77E-04,0.001805313,TRUE,TRUE,Bulk,Bacteria,Acidobacteriota,Blastocatellia,Blastocatellales,Blastocatellaceae,JGI 0001001-H03,JGI_0001001-H03,ASV315_JGI_0001001-H03
ASV3159,-0.978900203,0.435521348,-2.24765148,0.034058405,0.071921699,FALSE,TRUE,Bulk,Bacteria,Myxococcota,Polyangiia,Polyangiales,Sandaracinaceae,NA,Sandaracinaceae,ASV3159_Sandaracinaceae
ASV316,0.650794529,0.571864511,1.138022236,0.266344779,0.389466423,FALSE,TRUE,Bulk,Bacteria,Pseudomonadota,Alphaproteobacteria,Caulobacterales,Caulobacteraceae,PMMR1,PMMR1,ASV316_PMMR1
ASV3167,-1.259301165,0.414248456,-3.039965859,0.005642476,0.016439543,FALSE,FALSE,Bulk,Bacteria,Chloroflexota,Chloroflexia,Chloroflexales,Chloroflexaceae,FFCH7168,FFCH7168,ASV3167_FFCH7168
ASV317,0.714535778,0.642748857,1.111687357,0.277285308,0.403182202,FALSE,TRUE,Bulk,Bacteria,Actinomycetota,Actinobacteria,Euzebyales,Euzebyaceae,NA,Euzebyaceae,ASV317_Euzebyaceae
ASV318,-0.038999379,0.377763718,-0.103237492,0.918632304,0.947989394,FALSE,TRUE,Bulk,Bacteria,Planctomycetota,Planctomycetes,Gemmatales,Gemmataceae,Gemmata,Gemmata,ASV318_Gemmata
ASV319,-3.326545207,0.592574372,-5.613717645,8.87E-06,1.40E-04,TRUE,TRUE,Bulk,Bacteria,Bacteroidota,Bacteroidia,Cytophagales,Hymenobacteraceae,Hymenobacter,Hymenobacter,ASV319_Hymenobacter
ASV3202,-0.17243337,0.368569157,-0.467845358,0.6441158,0.755267991,FALSE,TRUE,Bulk,Bacteria,Gemmatimonadota,Gemmatimonadia,Gemmatimonadales,Gemmatimonadaceae,NA,Gemmatimonadaceae,ASV3202_Gemmatimonadaceae
ASV3248,-0.272739639,0.464443069,-0.587240196,0.562526836,0.684137314,FALSE,TRUE,Bulk,Bacteria,Planctomycetota,Planctomycetes,Isosphaerales,Isosphaeraceae,NA,Isosphaeraceae,ASV3248_Isosphaeraceae
ASV325,0.921631808,0.665853512,1.384135988,0.179053891,0.28250837,FALSE,TRUE,Bulk,Bacteria,Pseudomonadota,Alphaproteobacteria,Sphingomonadales,Sphingomonadaceae,NA,Sphingomonadaceae,ASV325_Sphingomonadaceae
ASV326,-0.848180857,0.510225571,-1.662364461,0.109447127,0.189333757,FALSE,TRUE,Bulk,Bacteria,Verrucomicrobiota,Verrucomicrobiia,Chthoniobacterales,Chthoniobacteraceae,Chthoniobacter,Chthoniobacter,ASV326_Chthoniobacter
ASV327,1.513155114,0.629907269,2.402187096,0.02439279,0.055412664,FALSE,FALSE,Bulk,Bacteria,Actinomycetota,Actinobacteria,Kitasatosporales,Streptomycetaceae,NA,Streptomycetaceae,ASV327_Streptomycetaceae
ASV329,-2.416412471,0.522502252,-4.624692933,1.08E-04,8.71E-04,TRUE,TRUE,Bulk,Bacteria,Gemmatimonadota,Gemmatimonadia,Gemmatimonadales,Gemmatimonadaceae,Gemmatimonas,Gemmatimonas,ASV329_Gemmatimonas
ASV330,-2.141766787,0.434538871,-4.928826699,4.98E-05,4.71E-04,TRUE,TRUE,Bulk,Bacteria,Chloroflexota,Chloroflexia,Kallotenuales,AKIW781,NA,AKIW781,ASV330_AKIW781
ASV332,-1.848900639,0.632962551,-2.921026901,0.007480722,0.020200557,FALSE,FALSE,Bulk,Bacteria,Planctomycetota,Phycisphaerae,Tepidisphaerales,WD2101 Bulk group,NA,WD2101_Bulk_group,ASV332_WD2101_Bulk_group
ASV333,2.578036645,0.48625662,5.301802664,1.94E-05,2.42E-04,TRUE,TRUE,Bulk,Bacteria,Planctomycetota,Phycisphaerae,Tepidisphaerales,WD2101 Bulk group,NA,WD2101_Bulk_group,ASV333_WD2101_Bulk_group
ASV335,0.32975326,0.5170005,0.637820002,0.529629815,0.65674097,FALSE,TRUE,Bulk,Bacteria,Pseudomonadota,Alphaproteobacteria,Acetobacterales,Acetobacteraceae,Rubritepida,Rubritepida,ASV335_Rubritepida
ASV336,0.244404933,0.557922374,0.438062614,0.66525842,0.76625205,FALSE,TRUE,Bulk,Bacteria,Chloroflexota,Chloroflexia,Thermomicrobiales,JG30-KF-CM45,NA,JG30-KF-CM45,ASV336_JG30-KF-CM45
ASV337,0.77992722,0.488918818,1.595208022,0.123751203,0.20894811,FALSE,TRUE,Bulk,Bacteria,Pseudomonadota,Alphaproteobacteria,Sphingomonadales,Sphingomonadaceae,Sandaracinobacter,Sandaracinobacter,ASV337_Sandaracinobacter
ASV3381,-1.616780846,0.406423469,-3.978069594,5.57E-04,0.003051138,TRUE,TRUE,Bulk,Bacteria,Gemmatimonadota,Gemmatimonadia,Gemmatimonadales,Gemmatimonadaceae,Gemmatirosa,Gemmatirosa,ASV3381_Gemmatirosa
ASV339,1.856087663,0.601858904,3.083924904,0.005079577,0.015377627,TRUE,TRUE,Bulk,Bacteria,Actinomycetota,Actinobacteria,Micrococcales,Intrasporangiaceae,Ornithinimicrobium,Ornithinimicrobium,ASV339_Ornithinimicrobium
ASV34,-1.306499502,0.264941275,-4.931279588,4.95E-05,4.71E-04,TRUE,TRUE,Bulk,Bacteria,Pseudomonadota,Alphaproteobacteria,Hyphomicrobiales,Beijerinckiaceae,Microvirga,Microvirga,ASV34_Microvirga
ASV3400,-0.129386001,0.407819833,-0.317262651,0.753787917,0.830989524,FALSE,TRUE,Bulk,Bacteria,Patescibacteria,Saccharimonadia,Saccharimonadales,LWQ8,NA,LWQ8,ASV3400_LWQ8
ASV343,-0.35279112,0.294887579,-1.19635802,0.243242471,0.362524836,FALSE,TRUE,Bulk,Bacteria,Abditibacteriota,Abditibacteriia,Abditibacteriales,Abditibacteriaceae,Abditibacterium,Abditibacterium,ASV343_Abditibacterium
ASV3443,-0.139515065,0.377897617,-0.369187468,0.71522524,0.803332697,FALSE,TRUE,Bulk,Bacteria,Bdellovibrionota,Bdellovibrionia,Bdellovibrionales,Pseudobdellovibrionaceae,NA,Pseudobdellovibrionaceae,ASV3443_Pseudobdellovibrionaceae
ASV3459,-0.300427685,0.470193141,-0.638945273,0.528909924,0.65674097,FALSE,TRUE,Bulk,Bacteria,Chloroflexota,Chloroflexia,Kallotenuales,AKIW781,NA,AKIW781,ASV3459_AKIW781
ASV348,-0.615255907,0.454679195,-1.353164856,0.188612692,0.294707331,FALSE,TRUE,Bulk,Bacteria,Bacteroidota,Bacteroidia,Chitinophagales,Chitinophagaceae,Flavisolibacter,Flavisolibacter,ASV348_Flavisolibacter
ASV3495,-1.573295168,0.419847446,-3.747301986,9.95E-04,0.004626249,TRUE,TRUE,Bulk,Bacteria,Pseudomonadota,Alphaproteobacteria,Hyphomicrobiales,Xanthobacteraceae,NA,Xanthobacteraceae,ASV3495_Xanthobacteraceae
ASV353,-0.103425507,0.294520577,-0.351165642,0.728528144,0.8119734,FALSE,TRUE,Bulk,Bacteria,Pseudomonadota,Alphaproteobacteria,Azospirillales,Azospirillaceae,Skermanella,Skermanella,ASV353_Skermanella
ASV354,0.251867955,0.435703404,0.578072039,0.568600435,0.686394606,FALSE,TRUE,Bulk,Bacteria,Chloroflexota,Chloroflexia,Thermomicrobiales,JG30-KF-CM45,NA,JG30-KF-CM45,ASV354_JG30-KF-CM45
ASV355,-0.960560893,0.382721889,-2.509814362,0.019229112,0.045854036,FALSE,FALSE,Bulk,Bacteria,Abditibacteriota,Abditibacteriia,Abditibacteriales,Abditibacteriaceae,Abditibacterium,Abditibacterium,ASV355_Abditibacterium
ASV357,0.197583093,0.68356131,0.289049556,0.775025561,0.848368375,FALSE,TRUE,Bulk,Bacteria,Bacteroidota,Bacteroidia,Chitinophagales,Chitinophagaceae,Flavisolibacter,Flavisolibacter,ASV357_Flavisolibacter
ASV36,1.19936425,0.583412684,2.055773354,0.050838542,0.101546057,FALSE,TRUE,Bulk,Bacteria,Pseudomonadota,Alphaproteobacteria,Sphingomonadales,Sphingomonadaceae,Ellin6055,Ellin6055,ASV36_Ellin6055
ASV361,-1.365316393,0.720072781,-1.896081102,0.070051816,0.132092841,FALSE,TRUE,Bulk,Bacteria,Chloroflexota,Chloroflexia,Chloroflexales,Chloroflexaceae,NA,Chloroflexaceae,ASV361_Chloroflexaceae
ASV364,-1.772664366,0.652531364,-2.716596419,0.012039224,0.030692101,FALSE,FALSE,Bulk,Bacteria,Acidobacteriota,Blastocatellia,Blastocatellales,Blastocatellaceae,Aridibacter,Aridibacter,ASV364_Aridibacter
ASV366,-0.464083742,0.317832186,-1.460153387,0.157215556,0.254899699,FALSE,TRUE,Bulk,Bacteria,Bacteroidota,Bacteroidia,Cytophagales,Cytophagaceae,Rhodocytophaga,Rhodocytophaga,ASV366_Rhodocytophaga
ASV367,-0.149916772,0.766216248,-0.195658565,0.84652454,0.904905543,FALSE,TRUE,Bulk,Bacteria,Acidobacteriota,Acidobacteriae,Bryobacterales,Bryobacteraceae,Bryobacter,Bryobacter,ASV367_Bryobacter
ASV37,-1.416491735,0.630634901,-2.24613597,0.034168448,0.071958009,FALSE,TRUE,Bulk,Bacteria,Acidobacteriota,Blastocatellia,Blastocatellales,Blastocatellaceae,Blastocatella,Blastocatella,ASV37_Blastocatella
ASV372,-0.020357381,0.55356612,-0.036774976,0.970968605,0.979818579,FALSE,TRUE,Bulk,Bacteria,Bacteroidota,Bacteroidia,Chitinophagales,Chitinophagaceae,NA,Chitinophagaceae,ASV372_Chitinophagaceae
ASV373,-3.464932973,0.578924549,-5.985120128,3.53E-06,6.49E-05,TRUE,TRUE,Bulk,Bacteria,Bacteroidota,Bacteroidia,Cytophagales,Spirosomataceae,Spirosoma,Spirosoma,ASV373_Spirosoma
ASV375,-2.056485829,0.626191731,-3.284115277,0.003130875,0.010325552,TRUE,TRUE,Bulk,Bacteria,Pseudomonadota,Alphaproteobacteria,Rhodobacterales,Paracoccaceae,NA,Paracoccaceae,ASV375_Paracoccaceae
ASV376,0.406545039,0.570946944,0.712053972,0.4832964,0.616043931,FALSE,TRUE,Bulk,Bacteria,Planctomycetota,Phycisphaerae,Tepidisphaerales,WD2101 Bulk group,NA,WD2101_Bulk_group,ASV376_WD2101_Bulk_group
ASV3780,-1.316966402,0.408095718,-3.227101744,0.003596517,0.011517773,FALSE,FALSE,Bulk,Bacteria,Gemmatimonadota,Gemmatimonadia,Gemmatimonadales,Gemmatimonadaceae,Roseisolibacter,Roseisolibacter,ASV3780_Roseisolibacter
ASV379,-0.805231275,0.725674328,-1.109631751,0.2781528,0.40368618,FALSE,TRUE,Bulk,Bacteria,Planctomycetota,Planctomycetes,Isosphaerales,Isosphaeraceae,Tundrisphaera,Tundrisphaera,ASV379_Tundrisphaera
ASV382,-0.224722322,0.505705008,-0.444374327,0.660753288,0.764467661,FALSE,TRUE,Bulk,Bacteria,Chloroflexota,Anaerolineae,Caldilineales,Caldilineaceae,Litorilinea,Litorilinea,ASV382_Litorilinea
ASV385,-1.204221804,0.630301356,-1.910549282,0.068080883,0.129004117,FALSE,TRUE,Bulk,Bacteria,Pseudomonadota,Alphaproteobacteria,Sphingomonadales,Sphingomonadaceae,Sphingoaurantiacus,Sphingoaurantiacus,ASV385_Sphingoaurantiacus
ASV386,-1.222674273,0.62353998,-1.960859467,0.06160003,0.119052427,FALSE,TRUE,Bulk,Bacteria,Bacteroidota,Bacteroidia,Chitinophagales,Chitinophagaceae,Segetibacter,Segetibacter,ASV386_Segetibacter
ASV387,-1.655856282,0.49324813,-3.357045232,0.002619714,0.009104386,TRUE,TRUE,Bulk,Bacteria,Chloroflexota,Chloroflexia,Kallotenuales,AKIW781,NA,AKIW781,ASV387_AKIW781
ASV39,-1.772423126,0.263570273,-6.724670073,5.90E-07,2.08E-05,TRUE,TRUE,Bulk,Bacteria,Actinomycetota,Actinobacteria,Frankiales,Geodermatophilaceae,Geodermatophilus,Geodermatophilus,ASV39_Geodermatophilus
ASV390,0.950528988,0.64991654,1.462540079,0.156566231,0.254379096,FALSE,TRUE,Bulk,Bacteria,Pseudomonadota,Alphaproteobacteria,Tistrellales,Geminicoccaceae,Candidatus Alysiosphaera,Candidatus_Alysiosphaera,ASV390_Candidatus_Alysiosphaera
ASV391,2.029096546,0.600509388,3.37895891,0.002482638,0.008772936,TRUE,TRUE,Bulk,Bacteria,Chloroflexota,Chloroflexia,Kallotenuales,AKIW781,NA,AKIW781,ASV391_AKIW781
ASV394,0.254268835,0.415494557,0.611966707,0.546314188,0.672053168,FALSE,TRUE,Bulk,Bacteria,Bacteroidota,Bacteroidia,Chitinophagales,Chitinophagaceae,Segetibacter,Segetibacter,ASV394_Segetibacter
ASV395,-2.18048405,0.463233436,-4.707095558,8.75E-05,7.21E-04,TRUE,TRUE,Bulk,Bacteria,Chloroflexota,Chloroflexia,Chloroflexales,Herpetosiphonaceae,Herpetosiphon,Herpetosiphon,ASV395_Herpetosiphon
ASV396,-2.699702032,0.416305775,-6.484901707,1.05E-06,3.14E-05,TRUE,TRUE,Bulk,Bacteria,Deinococcota,Deinococci,Deinococcales,Deinococcaceae,Deinococcus,Deinococcus,ASV396_Deinococcus
ASV398,-0.921946631,0.596621312,-1.545279414,0.135363999,0.224948199,FALSE,TRUE,Bulk,Bacteria,Pseudomonadota,Alphaproteobacteria,Rhodobacterales,Paracoccaceae,Rubellimicrobium,Rubellimicrobium,ASV398_Rubellimicrobium
ASV4,-1.149176811,0.251864481,-4.562679121,1.26E-04,9.87E-04,TRUE,TRUE,Bulk,Bacteria,Pseudomonadota,Gammaproteobacteria,Burkholderiales,Comamonadaceae,Ramlibacter,Ramlibacter,ASV4_Ramlibacter
ASV400,-1.77617537,0.514044517,-3.455294847,0.002057481,0.007810037,TRUE,TRUE,Bulk,Bacteria,Chloroflexota,Chloroflexia,Thermomicrobiales,JG30-KF-CM45,NA,JG30-KF-CM45,ASV400_JG30-KF-CM45
ASV402,2.860324926,0.413857587,6.911374869,3.79E-07,1.47E-05,TRUE,TRUE,Bulk,Bacteria,Pseudomonadota,Alphaproteobacteria,Rhodobacterales,Paracoccaceae,Oceanicella,Oceanicella,ASV402_Oceanicella
ASV407,0.726485779,0.746917266,0.972645582,0.340431215,0.473670003,FALSE,TRUE,Bulk,Bacteria,Gemmatimonadota,Gemmatimonadia,Gemmatimonadales,Gemmatimonadaceae,Gemmatimonas,Gemmatimonas,ASV407_Gemmatimonas
ASV408,-0.789612235,0.483023759,-1.634727526,0.115156406,0.197447378,FALSE,TRUE,Bulk,Bacteria,Bacteroidota,Bacteroidia,Chitinophagales,Chitinophagaceae,Segetibacter,Segetibacter,ASV408_Segetibacter
ASV410,2.01613081,0.480931651,4.192135839,3.24E-04,0.001976583,TRUE,TRUE,Bulk,Bacteria,Bacteroidota,Bacteroidia,Cytophagales,Cytophagaceae,Rhodocytophaga,Rhodocytophaga,ASV410_Rhodocytophaga
ASV411,-3.103006975,0.432996466,-7.166356347,2.09E-07,1.01E-05,TRUE,TRUE,Bulk,Bacteria,Chloroflexota,Chloroflexia,Kallotenuales,AKIW781,NA,AKIW781,ASV411_AKIW781
ASV412,-1.378609956,0.561162237,-2.45670479,0.021635392,0.050201884,FALSE,TRUE,Bulk,Bacteria,Gemmatimonadota,Gemmatimonadia,Gemmatimonadales,Gemmatimonadaceae,Roseisolibacter,Roseisolibacter,ASV412_Roseisolibacter
ASV413,-2.68639077,0.643738514,-4.173108663,3.40E-04,0.002058126,TRUE,TRUE,Bulk,Bacteria,Verrucomicrobiota,Verrucomicrobiia,Chthoniobacterales,Chthoniobacteraceae,Chthoniobacter,Chthoniobacter,ASV413_Chthoniobacter
ASV414,0.29355072,0.742905093,0.395138925,0.696230504,0.791171027,FALSE,TRUE,Bulk,Bacteria,Actinomycetota,Actinobacteria,Pseudonocardiales,Pseudonocardiaceae,Pseudonocardia,Pseudonocardia,ASV414_Pseudonocardia
ASV416,0.034484958,0.469563464,0.073440462,0.942064283,0.963192373,FALSE,TRUE,Bulk,Bacteria,Abditibacteriota,Abditibacteriia,Abditibacteriales,Abditibacteriaceae,Abditibacterium,Abditibacterium,ASV416_Abditibacterium
ASV417,-0.073684802,0.428396395,-0.172001452,0.864878532,0.919452486,FALSE,TRUE,Bulk,Bacteria,Gemmatimonadota,Gemmatimonadia,Gemmatimonadales,Gemmatimonadaceae,NA,Gemmatimonadaceae,ASV417_Gemmatimonadaceae
ASV418,-1.594641367,0.677059761,-2.35524463,0.027022678,0.059495953,FALSE,TRUE,Bulk,Bacteria,Actinomycetota,Acidimicrobiia,Microtrichales,Ilumatobacteraceae,CL500-29 marine group,CL500-29_marine_group,ASV418_CL500-29_marine_group
ASV419,0.305500156,0.509655886,0.599424365,0.554507108,0.678898908,FALSE,TRUE,Bulk,Bacteria,Deinococcota,Deinococci,Deinococcales,Deinococcaceae,NA,Deinococcaceae,ASV419_Deinococcaceae
ASV42,2.246070265,0.759732956,2.956394411,0.006881547,0.018912052,TRUE,TRUE,Bulk,Bacteria,Pseudomonadota,Alphaproteobacteria,Sphingomonadales,Sphingomonadaceae,Ellin6055,Ellin6055,ASV42_Ellin6055
ASV420,-0.283294059,0.531375532,-0.533133429,0.598843966,0.717316961,FALSE,TRUE,Bulk,Bacteria,Actinomycetota,Actinobacteria,Micrococcales,Intrasporangiaceae,Aquipuribacter,Aquipuribacter,ASV420_Aquipuribacter
ASV421,-0.480581856,0.287063481,-1.674130942,0.107089591,0.186924398,FALSE,TRUE,Bulk,Bacteria,Pseudomonadota,Alphaproteobacteria,Acetobacterales,Acetobacteraceae,NA,Acetobacteraceae,ASV421_Acetobacteraceae
ASV4214,-1.312263227,0.456713865,-2.873272142,0.008368995,0.022365417,FALSE,FALSE,Bulk,Bacteria,Bdellovibrionota,Oligoflexia,Silvanigrellales,Silvanigrellaceae,NA,Silvanigrellaceae,ASV4214_Silvanigrellaceae
ASV422,1.268898647,0.806077625,1.574164334,0.128541011,0.21656366,FALSE,TRUE,Bulk,Bacteria,Myxococcota,Myxococcia,Myxococcales,Myxococcaceae,Myxococcus,Myxococcus,ASV422_Myxococcus
ASV424,1.03574997,0.549205592,1.885905722,0.071467611,0.134109923,FALSE,TRUE,Bulk,Bacteria,Planctomycetota,Planctomycetes,Isosphaerales,Isosphaeraceae,Tautonia,Tautonia,ASV424_Tautonia
ASV4246,-1.337889722,0.390467569,-3.426378598,0.002209459,0.008060613,TRUE,TRUE,Bulk,Bacteria,Planctomycetota,Phycisphaerae,Tepidisphaerales,WD2101 Bulk group,NA,WD2101_Bulk_group,ASV4246_WD2101_Bulk_group
ASV425,-3.35447972,0.408186427,-8.218008974,1.95E-08,1.38E-06,TRUE,TRUE,Bulk,Bacteria,Deinococcota,Deinococci,Deinococcales,Deinococcaceae,Deinococcus,Deinococcus,ASV425_Deinococcus
ASV426,-0.166343928,0.591753059,-0.281103621,0.781040204,0.853746345,FALSE,TRUE,Bulk,Bacteria,Actinomycetota,Thermoleophilia,Solirubrobacterales,Solirubrobacteraceae,Parviterribacter,Parviterribacter,ASV426_Parviterribacter
ASV427,0.395423282,0.86716767,0.455994031,0.652493649,0.761570148,FALSE,TRUE,Bulk,Bacteria,Gemmatimonadota,Longimicrobiia,Longimicrobiales,Longimicrobiaceae,NA,Longimicrobiaceae,ASV427_Longimicrobiaceae
ASV43,-2.030417658,0.682619975,-2.974448057,0.00659363,0.018447882,FALSE,FALSE,Bulk,Bacteria,Acidobacteriota,Blastocatellia,Pyrinomonadales,Pyrinomonadaceae,Arenimicrobium,Arenimicrobium,ASV43_Arenimicrobium
ASV430,-2.118740722,0.44007975,-4.814447204,6.66E-05,6.07E-04,TRUE,TRUE,Bulk,Bacteria,Deinococcota,Deinococci,Deinococcales,Deinococcaceae,Deinococcus,Deinococcus,ASV430_Deinococcus
ASV431,-0.923378949,0.53658159,-1.720854696,0.098146241,0.172479221,FALSE,TRUE,Bulk,Bacteria,Pseudomonadota,Alphaproteobacteria,Hyphomicrobiales,Beijerinckiaceae,Enterovirga,Enterovirga,ASV431_Enterovirga
ASV432,-1.542045927,0.540232387,-2.854412218,0.008746707,0.023056795,FALSE,FALSE,Bulk,Bacteria,Pseudomonadota,Alphaproteobacteria,Acetobacterales,Acetobacteraceae,Rubritepida,Rubritepida,ASV432_Rubritepida
ASV433,-0.713859141,0.58503268,-1.22020387,0.234242139,0.353186104,FALSE,TRUE,Bulk,Bacteria,Gemmatimonadota,Gemmatimonadia,Gemmatimonadales,Gemmatimonadaceae,Gemmatimonas,Gemmatimonas,ASV433_Gemmatimonas
ASV434,0.510565965,0.481533085,1.060292598,0.299565951,0.431357157,FALSE,TRUE,Bulk,Bacteria,Gemmatimonadota,Longimicrobiia,Longimicrobiales,Longimicrobiaceae,NA,Longimicrobiaceae,ASV434_Longimicrobiaceae
ASV438,-4.039674844,0.433089676,-9.327571326,1.88E-09,2.08E-07,TRUE,TRUE,Bulk,Bacteria,Bacteroidota,Bacteroidia,Chitinophagales,Chitinophagaceae,Segetibacter,Segetibacter,ASV438_Segetibacter
ASV439,-1.975228959,0.499196656,-3.956815282,5.88E-04,0.003137571,TRUE,TRUE,Bulk,Bacteria,Verrucomicrobiota,Verrucomicrobiia,Chthoniobacterales,Chthoniobacteraceae,Chthoniobacter,Chthoniobacter,ASV439_Chthoniobacter
ASV44,-0.899993113,0.292738172,-3.074396163,0.00519682,0.015550329,FALSE,FALSE,Bulk,Bacteria,Pseudomonadota,Alphaproteobacteria,Sphingomonadales,Sphingomonadaceae,Sphingomonas,Sphingomonas,ASV44_Sphingomonas
ASV442,-2.247066525,0.619298867,-3.628404066,0.001339464,0.005779565,TRUE,TRUE,Bulk,Bacteria,Gemmatimonadota,Gemmatimonadia,Gemmatimonadales,Gemmatimonadaceae,Gemmatimonas,Gemmatimonas,ASV442_Gemmatimonas
ASV445,-1.592188738,0.541202158,-2.941948243,0.007120536,0.01943104,FALSE,FALSE,Bulk,Bacteria,Chloroflexota,Anaerolineae,Caldilineales,Caldilineaceae,NA,Caldilineaceae,ASV445_Caldilineaceae
ASV45,0.530795729,0.651030038,0.815316802,0.422908785,0.557405286,FALSE,TRUE,Bulk,Bacteria,Pseudomonadota,Alphaproteobacteria,Sphingomonadales,Sphingomonadaceae,NA,Sphingomonadaceae,ASV45_Sphingomonadaceae
ASV450,0.780165514,0.575861458,1.354779874,0.188104533,0.294507097,FALSE,TRUE,Bulk,Bacteria,Armatimonadota,Armatimonadia,Armatimonadales,Armatimonadaceae,NA,Armatimonadaceae,ASV450_Armatimonadaceae
ASV451,-0.559003919,0.75600482,-0.739418458,0.466824184,0.601977941,FALSE,TRUE,Bulk,Bacteria,Gemmatimonadota,Gemmatimonadia,Gemmatimonadales,Gemmatimonadaceae,Roseisolibacter,Roseisolibacter,ASV451_Roseisolibacter
ASV4530,-0.246153092,0.348942553,-0.705425836,0.487336207,0.619156657,FALSE,TRUE,Bulk,Bacteria,Acidobacteriota,Acidobacteriae,Bryobacterales,Bryobacteraceae,Bryobacter,Bryobacter,ASV4530_Bryobacter
ASV456,-0.057102225,0.634311258,-0.090022406,0.929016492,0.956159072,FALSE,TRUE,Bulk,Bacteria,Verrucomicrobiota,Verrucomicrobiia,Chthoniobacterales,Chthoniobacteraceae,Chthoniobacter,Chthoniobacter,ASV456_Chthoniobacter
ASV458,-0.261557651,0.438786741,-0.596092876,0.556694006,0.680501348,FALSE,TRUE,Bulk,Bacteria,Gemmatimonadota,Gemmatimonadia,Gemmatimonadales,Gemmatimonadaceae,NA,Gemmatimonadaceae,ASV458_Gemmatimonadaceae
ASV459,1.85506391,0.569386665,3.258003787,0.003336399,0.010773788,TRUE,TRUE,Bulk,Bacteria,Deinococcota,Deinococci,Deinococcales,Trueperaceae,Truepera,Truepera,ASV459_Truepera
ASV46,-1.248772401,0.277756015,-4.495932884,1.50E-04,0.001098267,TRUE,TRUE,Bulk,Bacteria,Pseudomonadota,Alphaproteobacteria,Rhodobacterales,Paracoccaceae,Rubellimicrobium,Rubellimicrobium,ASV46_Rubellimicrobium
ASV462,-3.752470904,0.53307014,-7.039356779,2.81E-07,1.21E-05,TRUE,TRUE,Bulk,Bacteria,Bacteroidota,Bacteroidia,Chitinophagales,Chitinophagaceae,Flavisolibacter,Flavisolibacter,ASV462_Flavisolibacter
ASV463,2.077856536,0.549120743,3.783970214,9.08E-04,0.004370027,TRUE,TRUE,Bulk,Bacteria,Gemmatimonadota,Gemmatimonadia,Gemmatimonadales,Gemmatimonadaceae,NA,Gemmatimonadaceae,ASV463_Gemmatimonadaceae
ASV464,-1.384239017,0.565435762,-2.448092445,0.02205091,0.051013299,FALSE,TRUE,Bulk,Bacteria,Pseudomonadota,Gammaproteobacteria,Burkholderiales,Comamonadaceae,Caenimonas,Caenimonas,ASV464_Caenimonas
ASV465,-2.16174007,0.657891627,-3.285860439,0.003117585,0.010325552,FALSE,FALSE,Bulk,Bacteria,Bacteroidota,Bacteroidia,Chitinophagales,Chitinophagaceae,Segetibacter,Segetibacter,ASV465_Segetibacter
ASV466,-0.642738901,0.744230886,-0.863628362,0.396341248,0.53234743,FALSE,TRUE,Bulk,Bacteria,Gemmatimonadota,Gemmatimonadia,Gemmatimonadales,Gemmatimonadaceae,Roseisolibacter,Roseisolibacter,ASV466_Roseisolibacter
ASV469,-0.053964225,0.516620078,-0.104456306,0.917675294,0.947989394,FALSE,TRUE,Bulk,Bacteria,Pseudomonadota,Alphaproteobacteria,Rhodobacterales,Paracoccaceae,Amaricoccus,Amaricoccus,ASV469_Amaricoccus
ASV47,-0.42396396,0.243263373,-1.742818721,0.094166194,0.166736172,FALSE,TRUE,Bulk,Bacteria,Actinomycetota,Rubrobacteria,Rubrobacterales,Rubrobacteriaceae,Rubrobacter,Rubrobacter,ASV47_Rubrobacter
ASV470,-1.48676402,0.664150439,-2.238595254,0.034720808,0.072923106,FALSE,TRUE,Bulk,Bacteria,Actinomycetota,Acidimicrobiia,Acidimicrobiales,Acidimicrobiaceae,NA,Acidimicrobiaceae,ASV470_Acidimicrobiaceae
ASV471,2.281681778,0.515530911,4.425887426,1.79E-04,0.001260005,TRUE,TRUE,Bulk,Bacteria,Chloroflexota,Anaerolineae,Caldilineales,Caldilineaceae,NA,Caldilineaceae,ASV471_Caldilineaceae
ASV473,-3.962440615,0.536333838,-7.3880116,1.25E-07,6.94E-06,TRUE,TRUE,Bulk,Bacteria,Actinomycetota,Actinobacteria,Propionibacteriales,Nocardioidaceae,Marmoricola,Marmoricola,ASV473_Marmoricola
ASV475,-0.169854701,0.429683303,-0.395302074,0.696111712,0.791171027,FALSE,TRUE,Bulk,Bacteria,Planctomycetota,Planctomycetes,Gemmatales,Gemmataceae,Gemmata,Gemmata,ASV475_Gemmata
ASV477,0.680889746,0.414223871,1.64377235,0.113261075,0.194631763,FALSE,FALSE,Bulk,Bacteria,Actinomycetota,Acidimicrobiia,Acidimicrobiales,Acidimicrobiaceae,NA,Acidimicrobiaceae,ASV477_Acidimicrobiaceae
ASV479,-0.848144666,0.63092595,-1.344285595,0.191425763,0.29825839,FALSE,TRUE,Bulk,Bacteria,Bacteroidota,Bacteroidia,Cytophagales,Spirosomataceae,Nibrella,Nibrella,ASV479_Nibrella
ASV481,-0.084216254,0.611889745,-0.137633053,0.891678625,0.932617643,FALSE,TRUE,Bulk,Bacteria,Actinomycetota,Thermoleophilia,Solirubrobacterales,67-14,NA,67-14,ASV481_67-14
ASV483,0.267036923,0.418587402,0.637947826,0.529548013,0.65674097,FALSE,TRUE,Bulk,Bacteria,Verrucomicrobiota,Verrucomicrobiia,Chthoniobacterales,Chthoniobacteraceae,Chthoniobacter,Chthoniobacter,ASV483_Chthoniobacter
ASV484,0.165730572,0.405197631,0.4090117,0.686158109,0.782018433,FALSE,TRUE,Bulk,Bacteria,Pseudomonadota,Alphaproteobacteria,Caulobacterales,Caulobacteraceae,PMMR1,PMMR1,ASV484_PMMR1
ASV485,1.583269139,0.521384979,3.036660436,0.005687137,0.016507609,TRUE,TRUE,Bulk,Bacteria,Planctomycetota,Planctomycetes,Isosphaerales,Isosphaeraceae,NA,Isosphaeraceae,ASV485_Isosphaeraceae
ASV486,-1.71778686,0.558666433,-3.074798766,0.005191814,0.015550329,FALSE,FALSE,Bulk,Bacteria,Verrucomicrobiota,Verrucomicrobiia,Chthoniobacterales,Chthoniobacteraceae,NA,Chthoniobacteraceae,ASV486_Chthoniobacteraceae
ASV487,3.091249525,0.447139033,6.913396719,3.78E-07,1.47E-05,TRUE,TRUE,Bulk,Bacteria,Chloroflexota,Chloroflexia,Kallotenuales,AKIW781,NA,AKIW781,ASV487_AKIW781
ASV489,-0.706579087,0.474113377,-1.490316708,0.149167339,0.243891747,FALSE,TRUE,Bulk,Bacteria,Armatimonadota,Fimbriimonadia,Fimbriimonadales,Fimbriimonadaceae,NA,Fimbriimonadaceae,ASV489_Fimbriimonadaceae
ASV491,-1.981340855,0.472554045,-4.1928344,3.23E-04,0.001976583,TRUE,TRUE,Bulk,Bacteria,Verrucomicrobiota,Verrucomicrobiia,Chthoniobacterales,Chthoniobacteraceae,Chthoniobacter,Chthoniobacter,ASV491_Chthoniobacter
ASV492,-1.729030036,0.582245924,-2.969587186,0.006669998,0.018594418,FALSE,FALSE,Bulk,Bacteria,Actinomycetota,Thermoleophilia,Solirubrobacterales,Solirubrobacteraceae,Solirubrobacter,Solirubrobacter,ASV492_Solirubrobacter
ASV493,-1.908186776,0.579142803,-3.294846739,0.00305001,0.010277206,FALSE,FALSE,Bulk,Bacteria,Pseudomonadota,Alphaproteobacteria,Rhodobacterales,Paracoccaceae,Paracoccus,Paracoccus,ASV493_Paracoccus
ASV494,1.079597684,0.578732393,1.865452318,0.074389043,0.138585356,FALSE,FALSE,Bulk,Bacteria,Actinomycetota,Thermoleophilia,Gaiellales,Gaiellaceae,Gaiella,Gaiella,ASV494_Gaiella
ASV495,-1.076259155,0.284070231,-3.788707997,8.97E-04,0.004345378,TRUE,TRUE,Bulk,Bacteria,Abditibacteriota,Abditibacteriia,Abditibacteriales,Abditibacteriaceae,Abditibacterium,Abditibacterium,ASV495_Abditibacterium
ASV496,1.806671877,0.535712404,3.372466014,0.002522509,0.008845903,TRUE,TRUE,Bulk,Bacteria,Pseudomonadota,Alphaproteobacteria,Sphingomonadales,Sphingomonadaceae,Sphingomonas,Sphingomonas,ASV496_Sphingomonas
ASV498,-2.656521596,0.611364889,-4.345230885,2.20E-04,0.001505783,TRUE,TRUE,Bulk,Bacteria,Pseudomonadota,Gammaproteobacteria,Burkholderiales,Oxalobacteraceae,Massilia,Massilia,ASV498_Massilia
ASV499,-0.427805258,0.830220428,-0.515291173,0.611063601,0.728575831,FALSE,TRUE,Bulk,Bacteria,Planctomycetota,Planctomycetes,Isosphaerales,Isosphaeraceae,Tautonia,Tautonia,ASV499_Tautonia
ASV50,-2.346629387,0.587737383,-3.992649534,5.37E-04,0.003010705,TRUE,TRUE,Bulk,Bacteria,Pseudomonadota,Gammaproteobacteria,Lysobacterales,Lysobacteraceae,Lysobacter,Lysobacter,ASV50_Lysobacter
ASV507,0.663269153,0.732531517,0.90544794,0.374228679,0.50971393,FALSE,TRUE,Bulk,Bacteria,Pseudomonadota,Alphaproteobacteria,Azospirillales,Azospirillaceae,Desertibacter,Desertibacter,ASV507_Desertibacter
ASV508,-2.332166431,0.579041058,-4.02763569,4.91E-04,0.002841802,TRUE,TRUE,Bulk,Bacteria,Bacteroidota,Bacteroidia,Cytophagales,Hymenobacteraceae,Hymenobacter,Hymenobacter,ASV508_Hymenobacter
ASV511,-0.818244939,0.644234797,-1.270103608,0.216223938,0.329869196,FALSE,TRUE,Bulk,Bacteria,Actinomycetota,Actinobacteria,Kitasatosporales,Streptomycetaceae,E1B-B3-114,E1B-B3-114,ASV511_E1B-B3-114
ASV512,-1.179757029,0.395420804,-2.983548203,0.0064529,0.018251817,FALSE,FALSE,Bulk,Bacteria,Planctomycetota,Planctomycetes,Gemmatales,Gemmataceae,Fimbriiglobus,Fimbriiglobus,ASV512_Fimbriiglobus
ASV516,-1.498132798,0.824456413,-1.817115829,0.081708152,0.148997218,FALSE,TRUE,Bulk,Bacteria,Actinomycetota,Actinobacteria,Propionibacteriales,Nocardioidaceae,Marmoricola,Marmoricola,ASV516_Marmoricola
ASV517,-0.451205201,0.615571194,-0.732986217,0.470666092,0.605923956,FALSE,TRUE,Bulk,Bacteria,Planctomycetota,Phycisphaerae,Tepidisphaerales,WD2101 Bulk group,NA,WD2101_Bulk_group,ASV517_WD2101_Bulk_group
ASV52,-0.30431744,0.615326706,-0.494562379,0.625405981,0.739984176,FALSE,TRUE,Bulk,Bacteria,Gemmatimonadota,Longimicrobiia,Longimicrobiales,Longimicrobiaceae,NA,Longimicrobiaceae,ASV52_Longimicrobiaceae
ASV520,2.33820261,0.460268624,5.08008256,3.39E-05,3.60E-04,TRUE,TRUE,Bulk,Bacteria,Bacteroidota,Bacteroidia,Cytophagales,Hymenobacteraceae,Hymenobacter,Hymenobacter,ASV520_Hymenobacter
ASV525,0.226489512,0.590565253,0.383513101,0.704715691,0.795966629,FALSE,TRUE,Bulk,Bacteria,Armatimonadota,Armatimonadia,Armatimonadales,Armatimonadaceae,NA,Armatimonadaceae,ASV525_Armatimonadaceae
ASV531,-0.79411869,0.521855452,-1.521721555,0.14114649,0.233237804,FALSE,TRUE,Bulk,Bacteria,Acidobacteriota,Blastocatellia,Blastocatellales,Blastocatellaceae,Aridibacter,Aridibacter,ASV531_Aridibacter
ASV532,1.662271194,0.459236501,3.619640838,0.00136902,0.005829619,TRUE,TRUE,Bulk,Bacteria,Planctomycetota,Phycisphaerae,Tepidisphaerales,WD2101 Bulk group,NA,WD2101_Bulk_group,ASV532_WD2101_Bulk_group
ASV534,-0.11290005,0.544036604,-0.207522894,0.837352338,0.90006666,FALSE,TRUE,Bulk,Bacteria,Bacteroidota,Bacteroidia,Flavobacteriales,Flavobacteriaceae,Flavobacterium,Flavobacterium,ASV534_Flavobacterium
ASV535,-1.636524403,0.448225053,-3.651122112,0.001265722,0.005573492,TRUE,TRUE,Bulk,Bacteria,Bacteroidota,Bacteroidia,Cytophagales,Hymenobacteraceae,Hymenobacter,Hymenobacter,ASV535_Hymenobacter
ASV538,2.444913102,0.464207175,5.266857632,2.12E-05,2.49E-04,TRUE,TRUE,Bulk,Bacteria,Pseudomonadota,Alphaproteobacteria,Sphingomonadales,Sphingomonadaceae,NA,Sphingomonadaceae,ASV538_Sphingomonadaceae
ASV539,-0.138011192,0.476489127,-0.28964185,0.774577796,0.848368375,FALSE,TRUE,Bulk,Bacteria,Acidobacteriota,Vicinamibacteria,Vicinamibacterales,Vicinamibacteraceae,NA,Vicinamibacteraceae,ASV539_Vicinamibacteraceae
ASV54,-1.098388545,0.30928817,-3.551343539,0.001622316,0.006582694,TRUE,TRUE,Bulk,Bacteria,Deinococcota,Deinococci,Deinococcales,Deinococcaceae,Deinococcus,Deinococcus,ASV54_Deinococcus
ASV542,-3.658507202,0.437770892,-8.357127592,1.44E-08,1.15E-06,TRUE,TRUE,Bulk,Bacteria,Planctomycetota,Phycisphaerae,Tepidisphaerales,WD2101 Bulk group,NA,WD2101_Bulk_group,ASV542_WD2101_Bulk_group
ASV547,2.644262119,0.271001145,9.757383584,7.92E-10,1.15E-07,TRUE,TRUE,Bulk,Bacteria,Bacteroidota,Bacteroidia,Cytophagales,Hymenobacteraceae,Hymenobacter,Hymenobacter,ASV547_Hymenobacter
ASV548,-2.937832559,0.531894307,-5.52333898,1.11E-05,1.72E-04,TRUE,TRUE,Bulk,Bacteria,Acidobacteriota,Vicinamibacteria,Vicinamibacterales,Vicinamibacteraceae,Luteitalea,Luteitalea,ASV548_Luteitalea
ASV549,-0.528844221,0.664156781,-0.796264129,0.43368472,0.567746044,FALSE,TRUE,Bulk,Bacteria,Bacteroidota,Bacteroidia,Sphingobacteriales,Sphingobacteriaceae,Arcticibacter,Arcticibacter,ASV549_Arcticibacter
ASV552,1.390619369,0.451249422,3.081708919,0.005106614,0.015399323,TRUE,TRUE,Bulk,Bacteria,Planctomycetota,Planctomycetes,Isosphaerales,Isosphaeraceae,NA,Isosphaeraceae,ASV552_Isosphaeraceae
ASV554,-2.552101592,0.486632314,-5.244414555,2.24E-05,2.59E-04,TRUE,TRUE,Bulk,Bacteria,Bacteroidota,Bacteroidia,Chitinophagales,Chitinophagaceae,Segetibacter,Segetibacter,ASV554_Segetibacter
ASV558,-2.119679367,0.578744765,-3.662546074,0.001230159,0.005447848,TRUE,TRUE,Bulk,Bacteria,Planctomycetota,Phycisphaerae,Tepidisphaerales,WD2101 Bulk group,NA,WD2101_Bulk_group,ASV558_WD2101_Bulk_group
ASV56,-1.06411465,0.266553755,-3.992120278,5.38E-04,0.003010705,TRUE,TRUE,Bulk,Bacteria,Pseudomonadota,Alphaproteobacteria,Hyphomicrobiales,Beijerinckiaceae,Microvirga,Microvirga,ASV56_Microvirga
ASV564,-1.987759262,0.534355305,-3.719920517,0.001065859,0.004857392,TRUE,TRUE,Bulk,Bacteria,Bacteroidota,Bacteroidia,Cytophagales,Hymenobacteraceae,Adhaeribacter,Adhaeribacter,ASV564_Adhaeribacter
ASV566,0.49514811,0.47904148,1.03362262,0.311616328,0.444756269,FALSE,TRUE,Bulk,Bacteria,Planctomycetota,Planctomycetes,Isosphaerales,Isosphaeraceae,Tautonia,Tautonia,ASV566_Tautonia
ASV569,-0.14151567,0.795157384,-0.177971899,0.860238704,0.915776092,FALSE,TRUE,Bulk,Bacteria,Planctomycetota,Planctomycetes,Isosphaerales,Isosphaeraceae,Tundrisphaera,Tundrisphaera,ASV569_Tundrisphaera
ASV571,-0.032442941,0.654374044,-0.049578588,0.960868515,0.974317359,FALSE,TRUE,Bulk,Bacteria,Actinomycetota,Thermoleophilia,Solirubrobacterales,Solirubrobacteraceae,Solirubrobacter,Solirubrobacter,ASV571_Solirubrobacter
ASV576,-0.230716885,0.45267016,-0.509679906,0.614930763,0.732060432,FALSE,TRUE,Bulk,Bacteria,Bacteroidota,Bacteroidia,Chitinophagales,Chitinophagaceae,Segetibacter,Segetibacter,ASV576_Segetibacter
ASV577,-0.626357387,0.448153574,-1.39764006,0.175007778,0.277364066,FALSE,TRUE,Bulk,Bacteria,Planctomycetota,Planctomycetes,Pirellulales,Pirellulaceae,NA,Pirellulaceae,ASV577_Pirellulaceae
ASV58,-2.810266877,0.515783252,-5.448542316,1.34E-05,1.89E-04,TRUE,TRUE,Bulk,Bacteria,Pseudomonadota,Alphaproteobacteria,Rhodobacterales,Paracoccaceae,Rubellimicrobium,Rubellimicrobium,ASV58_Rubellimicrobium
ASV581,-3.391505109,0.415076927,-8.170786872,2.17E-08,1.40E-06,TRUE,TRUE,Bulk,Bacteria,Pseudomonadota,Alphaproteobacteria,Tistrellales,Geminicoccaceae,Candidatus Alysiosphaera,Candidatus_Alysiosphaera,ASV581_Candidatus_Alysiosphaera
ASV585,1.065311878,0.532981741,1.998777435,0.057080561,0.111993506,FALSE,FALSE,Bulk,Bacteria,Acidobacteriota,Blastocatellia,Blastocatellales,Blastocatellaceae,NA,Blastocatellaceae,ASV585_Blastocatellaceae
ASV588,0.684213608,0.562554946,1.216260941,0.235712801,0.35403683,FALSE,TRUE,Bulk,Bacteria,Bacteroidota,Bacteroidia,Cytophagales,Spirosomataceae,NA,Spirosomataceae,ASV588_Spirosomataceae
ASV592,-2.477262727,0.517691175,-4.785213363,7.17E-05,6.39E-04,TRUE,TRUE,Bulk,Bacteria,Armatimonadota,Armatimonadia,Armatimonadales,Armatimonadaceae,NA,Armatimonadaceae,ASV592_Armatimonadaceae
ASV594,-1.471115171,0.564107538,-2.60786299,0.015427593,0.038077658,FALSE,FALSE,Bulk,Bacteria,Planctomycetota,Phycisphaerae,Tepidisphaerales,WD2101 Bulk group,NA,WD2101_Bulk_group,ASV594_WD2101_Bulk_group
ASV595,-0.223810323,0.447524495,-0.500107426,0.621554205,0.736551237,FALSE,TRUE,Bulk,Bacteria,Armatimonadota,Armatimonadia,Armatimonadales,Armatimonadaceae,NA,Armatimonadaceae,ASV595_Armatimonadaceae
ASV6,-1.108537859,0.570005463,-1.944784624,0.063609205,0.122325394,FALSE,TRUE,Bulk,Bacteria,Pseudomonadota,Alphaproteobacteria,Sphingomonadales,Sphingomonadaceae,Ellin6055,Ellin6055,ASV6_Ellin6055
ASV60,-2.319410603,0.510331963,-4.544905615,1.32E-04,0.001013774,TRUE,TRUE,Bulk,Bacteria,Pseudomonadota,Alphaproteobacteria,Rhodobacterales,Paracoccaceae,Rubellimicrobium,Rubellimicrobium,ASV60_Rubellimicrobium
ASV602,0.067648362,0.431461237,0.156788969,0.876722676,0.926120318,FALSE,TRUE,Bulk,Bacteria,Actinomycetota,Acidimicrobiia,Acidimicrobiales,Acidimicrobiaceae,NA,Acidimicrobiaceae,ASV602_Acidimicrobiaceae
ASV606,-2.452043376,0.491447093,-4.989435102,4.27E-05,4.30E-04,TRUE,TRUE,Bulk,Bacteria,Pseudomonadota,Alphaproteobacteria,Sphingomonadales,Sphingomonadaceae,Sphingoaurantiacus,Sphingoaurantiacus,ASV606_Sphingoaurantiacus
ASV612,1.108003342,0.459974801,2.408834875,0.024040016,0.054958739,FALSE,FALSE,Bulk,Bacteria,Pseudomonadota,Alphaproteobacteria,Caulobacterales,Caulobacteraceae,PMMR1,PMMR1,ASV612_PMMR1
ASV613,-0.547500662,0.538249836,-1.017186864,0.31920973,0.450614829,FALSE,TRUE,Bulk,Bacteria,Bacteroidota,Bacteroidia,Cytophagales,Hymenobacteraceae,Pontibacter,Pontibacter,ASV613_Pontibacter
ASV614,1.199426685,0.600876847,1.996127311,0.057386633,0.112309699,FALSE,FALSE,Bulk,Bacteria,Planctomycetota,Phycisphaerae,Tepidisphaerales,WD2101 Bulk group,NA,WD2101_Bulk_group,ASV614_WD2101_Bulk_group
ASV616,0.183713799,0.5287859,0.347425676,0.731299914,0.8119734,FALSE,TRUE,Bulk,Bacteria,Pseudomonadota,Alphaproteobacteria,Hyphomicrobiales,Rhizobiaceae,NA,Rhizobiaceae,ASV616_Rhizobiaceae
ASV618,-2.118428856,0.548463128,-3.862481808,7.45E-04,0.003775282,TRUE,TRUE,Bulk,Bacteria,Chloroflexota,Anaerolineae,Aggregatilineales,A4b,NA,A4b,ASV618_A4b
ASV619,-0.537214165,0.521969626,-1.029205797,0.313644376,0.446008057,FALSE,TRUE,Bulk,Bacteria,Planctomycetota,Phycisphaerae,Tepidisphaerales,WD2101 Bulk group,NA,WD2101_Bulk_group,ASV619_WD2101_Bulk_group
ASV620,0.371188732,0.563852241,0.658308516,0.516605755,0.64680042,FALSE,TRUE,Bulk,Bacteria,Gemmatimonadota,Gemmatimonadia,Gemmatimonadales,Gemmatimonadaceae,NA,Gemmatimonadaceae,ASV620_Gemmatimonadaceae
ASV6200,-1.320188782,0.402472097,-3.280199531,0.003160895,0.010336261,FALSE,FALSE,Bulk,Bacteria,Planctomycetota,Planctomycetes,Isosphaerales,Isosphaeraceae,NA,Isosphaeraceae,ASV6200_Isosphaeraceae
ASV621,1.723125046,0.667056966,2.583175251,0.016312433,0.040006757,TRUE,TRUE,Bulk,Bacteria,Gemmatimonadota,Gemmatimonadia,Gemmatimonadales,Gemmatimonadaceae,NA,Gemmatimonadaceae,ASV621_Gemmatimonadaceae
ASV624,-1.481594969,0.639582266,-2.316504142,0.029386345,0.06326227,FALSE,TRUE,Bulk,Bacteria,Planctomycetota,Phycisphaerae,Tepidisphaerales,WD2101 Bulk group,NA,WD2101_Bulk_group,ASV624_WD2101_Bulk_group
ASV627,0.357721876,0.44912451,0.796487095,0.433557645,0.567746044,FALSE,TRUE,Bulk,Bacteria,Pseudomonadota,Alphaproteobacteria,Acetobacterales,Acetobacteraceae,Rubritepida,Rubritepida,ASV627_Rubritepida
ASV628,1.904629719,0.408839453,4.65862505,9.89E-05,8.07E-04,TRUE,TRUE,Bulk,Bacteria,Chloroflexota,Chloroflexia,Kallotenuales,AKIW781,NA,AKIW781,ASV628_AKIW781
ASV630,-2.779799087,0.623291112,-4.459872817,1.64E-04,0.001185468,TRUE,TRUE,Bulk,Bacteria,Pseudomonadota,Alphaproteobacteria,Acetobacterales,Acetobacteraceae,Roseomonas,Roseomonas,ASV630_Roseomonas
ASV631,-3.351860102,0.330924148,-10.12878668,3.83E-10,7.41E-08,TRUE,TRUE,Bulk,Bacteria,Deinococcota,Deinococci,Deinococcales,Deinococcaceae,Deinococcus,Deinococcus,ASV631_Deinococcus
ASV632,-0.010215305,0.455288313,-0.022437002,0.98228487,0.988998111,FALSE,TRUE,Bulk,Bacteria,Gemmatimonadota,Longimicrobiia,Longimicrobiales,Longimicrobiaceae,NA,Longimicrobiaceae,ASV632_Longimicrobiaceae
ASV633,-2.268654737,0.509001125,-4.457072147,1.65E-04,0.001185468,TRUE,TRUE,Bulk,Bacteria,Chloroflexota,Chloroflexia,Thermomicrobiales,AKYG1722,NA,AKYG1722,ASV633_AKYG1722
ASV636,-3.004166927,0.45820859,-6.556330437,8.82E-07,2.85E-05,TRUE,TRUE,Bulk,Bacteria,Pseudomonadota,Alphaproteobacteria,Acetobacterales,Acetobacteraceae,NA,Acetobacteraceae,ASV636_Acetobacteraceae
ASV637,-1.343888353,0.485605163,-2.767450711,0.010707283,0.027752992,FALSE,FALSE,Bulk,Bacteria,Planctomycetota,Phycisphaerae,Tepidisphaerales,WD2101 Bulk group,NA,WD2101_Bulk_group,ASV637_WD2101_Bulk_group
ASV64,0.414175086,0.437039873,0.947682607,0.352736358,0.484699783,FALSE,TRUE,Bulk,Bacteria,Acidobacteriota,Blastocatellia,Blastocatellales,Blastocatellaceae,Blastocatella,Blastocatella,ASV64_Blastocatella
ASV640,0.632310646,0.551552914,1.146418829,0.262923775,0.386652611,FALSE,TRUE,Bulk,Bacteria,Pseudomonadota,Alphaproteobacteria,Sphingomonadales,Sphingomonadaceae,MN 122.2a,MN_122.2a,ASV640_MN_122.2a
ASV641,0.102824234,0.513912617,0.200081163,0.84310281,0.902492649,FALSE,TRUE,Bulk,Bacteria,Planctomycetota,Planctomycetes,Isosphaerales,Isosphaeraceae,Tautonia,Tautonia,ASV641_Tautonia
ASV644,-1.756143769,0.461758702,-3.803163347,8.65E-04,0.004243591,TRUE,TRUE,Bulk,Bacteria,Abditibacteriota,Abditibacteriia,Abditibacteriales,Abditibacteriaceae,Abditibacterium,Abditibacterium,ASV644_Abditibacterium
ASV646,-1.105177554,0.47098889,-2.346504511,0.027540178,0.060292762,FALSE,TRUE,Bulk,Bacteria,Pseudomonadota,Alphaproteobacteria,Acetobacterales,Acetobacteraceae,Rubritepida,Rubritepida,ASV646_Rubritepida
ASV651,1.18E-04,0.423066829,2.78E-04,0.999780643,0.999780643,FALSE,TRUE,Bulk,Bacteria,Actinomycetota,Acidimicrobiia,Microtrichales,Iamiaceae,Iamia,Iamia,ASV651_Iamia
ASV653,0.424710489,0.72636612,0.584705807,0.564202449,0.684137314,FALSE,TRUE,Bulk,Bacteria,Actinomycetota,Rubrobacteria,Rubrobacterales,Rubrobacteriaceae,Rubrobacter,Rubrobacter,ASV653_Rubrobacter
ASV654,-3.138875528,0.517415186,-6.066454197,2.89E-06,6.06E-05,TRUE,TRUE,Bulk,Bacteria,Pseudomonadota,Gammaproteobacteria,Burkholderiales,Oxalobacteraceae,Noviherbaspirillum,Noviherbaspirillum,ASV654_Noviherbaspirillum
ASV656,-1.585700053,0.482144455,-3.288848471,0.003094956,0.010325552,FALSE,FALSE,Bulk,Bacteria,Chloroflexota,Chloroflexia,Kallotenuales,AKIW781,NA,AKIW781,ASV656_AKIW781
ASV658,0.604236573,0.6125774,0.986384045,0.333785239,0.465296324,FALSE,TRUE,Bulk,Bacteria,Chloroflexota,Chloroflexia,Kallotenuales,AKIW781,NA,AKIW781,ASV658_AKIW781
ASV66,-1.553933598,0.813249941,-1.910770009,0.068051193,0.129004117,FALSE,TRUE,Bulk,Bacteria,Pseudomonadota,Alphaproteobacteria,Sphingomonadales,Sphingomonadaceae,Sphingomonas,Sphingomonas,ASV66_Sphingomonas
ASV661,0.136397728,0.623098061,0.218902507,0.828576883,0.893111383,FALSE,TRUE,Bulk,Bacteria,Pseudomonadota,Alphaproteobacteria,Acetobacterales,Acetobacteraceae,Dankookia,Dankookia,ASV661_Dankookia
ASV663,2.449844966,0.393435913,6.226795476,1.96E-06,4.59E-05,TRUE,TRUE,Bulk,Bacteria,Pseudomonadota,Alphaproteobacteria,Rhodobacterales,Paracoccaceae,Pikeienuella,Pikeienuella,ASV663_Pikeienuella
ASV665,-0.270750077,0.451432393,-0.599757752,0.554288508,0.678898908,FALSE,TRUE,Bulk,Bacteria,Actinomycetota,Thermoleophilia,Solirubrobacterales,67-14,NA,67-14,ASV665_67-14
ASV668,-1.494743698,0.476056592,-3.139844552,0.00444111,0.013712591,FALSE,FALSE,Bulk,Bacteria,Bacteroidota,Bacteroidia,Chitinophagales,Chitinophagaceae,Segetibacter,Segetibacter,ASV668_Segetibacter
ASV67,1.405639639,0.454296439,3.094102261,0.004957161,0.015065881,TRUE,TRUE,Bulk,Bacteria,Pseudomonadota,Alphaproteobacteria,Acetobacterales,Acetobacteraceae,Roseomonas,Roseomonas,ASV67_Roseomonas
ASV673,2.575707738,0.508960167,5.060725583,3.56E-05,3.63E-04,TRUE,TRUE,Bulk,Bacteria,Actinomycetota,Actinobacteria,Propionibacteriales,Nocardioidaceae,Nocardioides,Nocardioides,ASV673_Nocardioides
ASV674,-1.346607314,0.392950515,-3.426913219,0.002206553,0.008060613,TRUE,TRUE,Bulk,Bacteria,Pseudomonadota,Alphaproteobacteria,Sphingomonadales,Sphingomonadaceae,Altererythrobacter,Altererythrobacter,ASV674_Altererythrobacter
ASV679,-0.488178656,0.590276974,-0.827033202,0.416365667,0.550654252,FALSE,TRUE,Bulk,Bacteria,Bacteroidota,Bacteroidia,Cytophagales,Cytophagaceae,Sporocytophaga,Sporocytophaga,ASV679_Sporocytophaga
ASV68,0.922368926,0.607904695,1.517291993,0.142256011,0.234073055,FALSE,TRUE,Bulk,Bacteria,Pseudomonadota,Alphaproteobacteria,Sphingomonadales,Sphingomonadaceae,NA,Sphingomonadaceae,ASV68_Sphingomonadaceae
ASV681,-1.664884684,0.694165742,-2.398396496,0.024596073,0.055412664,FALSE,TRUE,Bulk,Bacteria,Chloroflexota,Chloroflexia,Kallotenuales,AKIW781,NA,AKIW781,ASV681_AKIW781
ASV688,0.370523971,0.516397556,0.717516896,0.479981365,0.614852162,FALSE,TRUE,Bulk,Bacteria,Verrucomicrobiota,Verrucomicrobiia,Chthoniobacterales,Chthoniobacteraceae,Chthoniobacter,Chthoniobacter,ASV688_Chthoniobacter
ASV690,-2.074117639,0.631958189,-3.282048839,0.003146683,0.010333386,TRUE,TRUE,Bulk,Bacteria,Actinomycetota,Actinobacteria,Micrococcales,Micrococcaceae,Pseudarthrobacter,Pseudarthrobacter,ASV690_Pseudarthrobacter
ASV692,2.629183937,0.555739593,4.730963874,8.23E-05,6.86E-04,TRUE,TRUE,Bulk,Bacteria,Planctomycetota,Planctomycetes,Isosphaerales,Isosphaeraceae,Tautonia,Tautonia,ASV692_Tautonia
ASV695,0.224744145,0.612041348,0.367204186,0.716684805,0.803807125,FALSE,TRUE,Bulk,Bacteria,Planctomycetota,Planctomycetes,Isosphaerales,Isosphaeraceae,Tundrisphaera,Tundrisphaera,ASV695_Tundrisphaera
ASV697,-0.572329898,0.401579038,-1.42519864,0.166976015,0.267368619,FALSE,TRUE,Bulk,Bacteria,Actinomycetota,Acidimicrobiia,Acidimicrobiales,Acidimicrobiaceae,NA,Acidimicrobiaceae,ASV697_Acidimicrobiaceae
ASV698,-3.498864841,0.608677024,-5.748311015,6.35E-06,1.07E-04,TRUE,TRUE,Bulk,Bacteria,Pseudomonadota,Gammaproteobacteria,Burkholderiales,Oxalobacteraceae,Noviherbaspirillum,Noviherbaspirillum,ASV698_Noviherbaspirillum
ASV704,-1.006771065,0.628956146,-1.60070153,0.122525473,0.207783899,FALSE,TRUE,Bulk,Bacteria,Pseudomonadota,Alphaproteobacteria,Acetobacterales,Acetobacteraceae,Roseicella,Roseicella,ASV704_Roseicella
ASV705,-2.065555357,0.589334447,-3.504894998,0.001820188,0.007053227,TRUE,TRUE,Bulk,Bacteria,Pseudomonadota,Alphaproteobacteria,Caulobacterales,Caulobacteraceae,NA,Caulobacteraceae,ASV705_Caulobacteraceae
ASV706,-0.467296752,0.463935148,-1.007245848,0.323864557,0.455526373,FALSE,TRUE,Bulk,Bacteria,Chloroflexota,Chloroflexia,Thermomicrobiales,Thermomicrobiaceae,Sphaerobacter,Sphaerobacter,ASV706_Sphaerobacter
ASV707,-3.712423779,0.444973645,-8.34301946,1.49E-08,1.15E-06,TRUE,TRUE,Bulk,Bacteria,Pseudomonadota,Alphaproteobacteria,Acetobacterales,Acetobacteraceae,Roseomonas,Roseomonas,ASV707_Roseomonas
ASV710,0.745525619,0.601397523,1.239655288,0.227088083,0.343066792,FALSE,TRUE,Bulk,Bacteria,Verrucomicrobiota,Verrucomicrobiia,Opitutales,Opitutaceae,Diplosphaera,Diplosphaera,ASV710_Diplosphaera
ASV711,0.365185233,0.668130831,0.546577431,0.589715083,0.707475525,FALSE,TRUE,Bulk,Bacteria,Actinomycetota,Rubrobacteria,Rubrobacterales,Rubrobacteriaceae,Rubrobacter,Rubrobacter,ASV711_Rubrobacter
ASV713,-0.036379453,0.589149054,-0.061749149,0.951273969,0.967503052,FALSE,TRUE,Bulk,Bacteria,Actinomycetota,Thermoleophilia,Solirubrobacterales,67-14,NA,67-14,ASV713_67-14
ASV715,0.435921516,0.708335626,0.615416619,0.544071867,0.670358818,FALSE,TRUE,Bulk,Bacteria,Acidobacteriota,Acidobacteriae,Bryobacterales,Bryobacteraceae,Bryobacter,Bryobacter,ASV715_Bryobacter
ASV716,-2.052410872,0.684404062,-2.998829181,0.006223023,0.017862381,FALSE,FALSE,Bulk,Bacteria,Chloroflexota,Chloroflexia,Kallotenuales,AKIW781,NA,AKIW781,ASV716_AKIW781
ASV717,0.006417242,0.477853826,0.013429299,0.989396305,0.99324111,FALSE,TRUE,Bulk,Bacteria,Acidobacteriota,Blastocatellia,Blastocatellales,Blastocatellaceae,NA,Blastocatellaceae,ASV717_Blastocatellaceae
ASV718,-0.917939207,0.640885549,-1.432298182,0.164955317,0.264679856,FALSE,TRUE,Bulk,Bacteria,Planctomycetota,Planctomycetes,Isosphaerales,Isosphaeraceae,Tautonia,Tautonia,ASV718_Tautonia
ASV719,-0.998657931,0.621716634,-1.606291156,0.121288667,0.206137537,FALSE,TRUE,Bulk,Bacteria,Bacteroidota,Bacteroidia,Chitinophagales,Chitinophagaceae,Flavisolibacter,Flavisolibacter,ASV719_Flavisolibacter
ASV72,-2.097449397,0.438022558,-4.788450633,7.11E-05,6.39E-04,TRUE,TRUE,Bulk,Bacteria,Actinomycetota,Actinobacteria,Micrococcales,Cellulomonadaceae,Cellulomonas,Cellulomonas,ASV72_Cellulomonas
ASV720,-2.992439099,0.425045395,-7.040281191,2.80E-07,1.21E-05,TRUE,TRUE,Bulk,Bacteria,Chloroflexota,Chloroflexia,Kallotenuales,AKIW781,NA,AKIW781,ASV720_AKIW781
ASV722,-1.314243269,0.443008158,-2.966634464,0.006716799,0.018657775,FALSE,FALSE,Bulk,Bacteria,Acidobacteriota,Blastocatellia,Blastocatellales,Blastocatellaceae,Blastocatella,Blastocatella,ASV722_Blastocatella
ASV724,-0.648666914,0.616063717,-1.052921794,0.30286282,0.434664232,FALSE,TRUE,Bulk,Bacteria,Actinomycetota,Thermoleophilia,Solirubrobacterales,67-14,NA,67-14,ASV724_67-14
ASV727,-2.443251667,0.446259198,-5.474960918,1.26E-05,1.82E-04,TRUE,TRUE,Bulk,Bacteria,Pseudomonadota,Alphaproteobacteria,Sphingomonadales,Sphingomonadaceae,NA,Sphingomonadaceae,ASV727_Sphingomonadaceae
ASV730,-1.735875244,0.493208289,-3.519558131,0.001755304,0.006976655,TRUE,TRUE,Bulk,Bacteria,Pseudomonadota,Alphaproteobacteria,Sphingomonadales,Sphingomonadaceae,Sphingomonas,Sphingomonas,ASV730_Sphingomonas
ASV732,-2.428366584,0.450347847,-5.392202044,1.54E-05,2.10E-04,TRUE,TRUE,Bulk,Bacteria,Bacteroidota,Bacteroidia,Cytophagales,Spirosomataceae,Nibrella,Nibrella,ASV732_Nibrella
ASV734,-3.052468397,0.493891326,-6.180445451,2.19E-06,4.85E-05,TRUE,TRUE,Bulk,Bacteria,Chloroflexota,Chloroflexia,Kallotenuales,AKIW781,NA,AKIW781,ASV734_AKIW781
ASV735,-0.551097388,0.654648525,-0.841821781,0.408198121,0.543562789,FALSE,TRUE,Bulk,Bacteria,Actinomycetota,Acidimicrobiia,Acidimicrobiales,Acidimicrobiaceae,NA,Acidimicrobiaceae,ASV735_Acidimicrobiaceae
ASV738,1.338480768,0.603097829,2.219342708,0.036168009,0.075553119,FALSE,FALSE,Bulk,Bacteria,Armatimonadota,Armatimonadia,Armatimonadales,Armatimonadaceae,NA,Armatimonadaceae,ASV738_Armatimonadaceae
ASV742,-1.874236591,0.632642534,-2.962552294,0.006782019,0.018704856,FALSE,FALSE,Bulk,Bacteria,Bacteroidota,Bacteroidia,Chitinophagales,Chitinophagaceae,Segetibacter,Segetibacter,ASV742_Segetibacter
ASV747,-0.333189808,0.566920061,-0.587719206,0.562210426,0.684137314,FALSE,TRUE,Bulk,Bacteria,Bacteroidota,Bacteroidia,Cytophagales,Hymenobacteraceae,Adhaeribacter,Adhaeribacter,ASV747_Adhaeribacter
ASV749,-0.586366741,0.53982264,-1.086221099,0.288171129,0.415889432,FALSE,TRUE,Bulk,Bacteria,Actinomycetota,Acidimicrobiia,Microtrichales,Ilumatobacteraceae,Desertimonas,Desertimonas,ASV749_Desertimonas
ASV75,-0.012297549,0.253732842,-0.048466526,0.961745522,0.974317359,FALSE,TRUE,Bulk,Bacteria,Actinomycetota,Actinobacteria,Propionibacteriales,Nocardioidaceae,NA,Nocardioidaceae,ASV75_Nocardioidaceae
ASV750,-1.283567038,0.635017815,-2.021308707,0.054536138,0.107545819,FALSE,TRUE,Bulk,Bacteria,Actinomycetota,Actinobacteria,Pseudonocardiales,Pseudonocardiaceae,Actinomycetospora,Actinomycetospora,ASV750_Actinomycetospora
ASV753,-1.112082631,0.529459733,-2.100410215,0.046382191,0.094099995,FALSE,TRUE,Bulk,Bacteria,Armatimonadota,Fimbriimonadia,Fimbriimonadales,Fimbriimonadaceae,NA,Fimbriimonadaceae,ASV753_Fimbriimonadaceae
ASV756,-0.467914611,0.61664038,-0.758812796,0.455352789,0.591119618,FALSE,TRUE,Bulk,Bacteria,Bacteroidota,Bacteroidia,Sphingobacteriales,Sphingobacteriaceae,NA,Sphingobacteriaceae,ASV756_Sphingobacteriaceae
ASV758,-2.091129561,0.541018635,-3.865171041,7.40E-04,0.003774492,TRUE,TRUE,Bulk,Bacteria,Pseudomonadota,Alphaproteobacteria,Hyphomicrobiales,Beijerinckiaceae,Methylorubrum,Methylorubrum,ASV758_Methylorubrum
ASV759,-4.308184087,0.396227767,-10.87299893,9.35E-11,3.63E-08,TRUE,TRUE,Bulk,Bacteria,Actinomycetota,Actinobacteria,Frankiales,Geodermatophilaceae,Modestobacter,Modestobacter,ASV759_Modestobacter
ASV76,-0.391881042,0.348399421,-1.124803942,0.271796087,0.395943547,FALSE,TRUE,Bulk,Bacteria,Deinococcota,Deinococci,Deinococcales,Deinococcaceae,Deinococcus,Deinococcus,ASV76_Deinococcus
ASV763,0.044157466,0.382849069,0.115339098,0.909135953,0.943213338,FALSE,TRUE,Bulk,Bacteria,Planctomycetota,Phycisphaerae,Tepidisphaerales,WD2101 Bulk group,NA,WD2101_Bulk_group,ASV763_WD2101_Bulk_group
ASV769,-0.838942552,0.501809782,-1.671833795,0.107546459,0.187300013,FALSE,TRUE,Bulk,Bacteria,Verrucomicrobiota,Verrucomicrobiia,Chthoniobacterales,Chthoniobacteraceae,Chthoniobacter,Chthoniobacter,ASV769_Chthoniobacter
ASV770,-0.267432495,0.48603322,-0.550235013,0.587243324,0.705602443,FALSE,TRUE,Bulk,Bacteria,Pseudomonadota,Alphaproteobacteria,Sphingomonadales,Sphingomonadaceae,Sphingomonas,Sphingomonas,ASV770_Sphingomonas
ASV772,-1.263009019,0.459625055,-2.747911596,0.011201684,0.028937683,FALSE,FALSE,Bulk,Bacteria,Armatimonadota,Fimbriimonadia,Fimbriimonadales,Fimbriimonadaceae,NA,Fimbriimonadaceae,ASV772_Fimbriimonadaceae
ASV778,-1.314345587,0.498969151,-2.634121937,0.014535833,0.036106636,FALSE,FALSE,Bulk,Bacteria,Gemmatimonadota,Longimicrobiia,Longimicrobiales,Longimicrobiaceae,NA,Longimicrobiaceae,ASV778_Longimicrobiaceae
ASV779,1.78259177,0.604355608,2.949574303,0.006993405,0.019151551,TRUE,TRUE,Bulk,Bacteria,Actinomycetota,Thermoleophilia,Solirubrobacterales,Solirubrobacteraceae,Solirubrobacter,Solirubrobacter,ASV779_Solirubrobacter
ASV783,-2.250761204,0.566381672,-3.97393015,5.63E-04,0.003051138,TRUE,TRUE,Bulk,Bacteria,Gemmatimonadota,Gemmatimonadia,Gemmatimonadales,Gemmatimonadaceae,Roseisolibacter,Roseisolibacter,ASV783_Roseisolibacter
ASV785,-1.66171065,0.541583037,-3.068247225,0.005273851,0.015659902,FALSE,FALSE,Bulk,Bacteria,Planctomycetota,Phycisphaerae,Tepidisphaerales,WD2101 Bulk group,NA,WD2101_Bulk_group,ASV785_WD2101_Bulk_group
ASV788,-0.80745812,0.568686545,-1.419864999,0.16850707,0.269263875,FALSE,TRUE,Bulk,Bacteria,Planctomycetota,Phycisphaerae,Tepidisphaerales,WD2101 Bulk group,NA,WD2101_Bulk_group,ASV788_WD2101_Bulk_group
ASV79,-3.097368807,0.648598068,-4.775482627,7.35E-05,6.43E-04,TRUE,TRUE,Bulk,Bacteria,Acidobacteriota,Blastocatellia,Blastocatellales,Blastocatellaceae,Blastocatella,Blastocatella,ASV79_Blastocatella
ASV790,-1.759398659,0.567344189,-3.101113384,0.004874483,0.014872931,FALSE,FALSE,Bulk,Bacteria,Pseudomonadota,Alphaproteobacteria,Hyphomicrobiales,Beijerinckiaceae,Microvirga,Microvirga,ASV790_Microvirga
ASV791,-0.812706823,0.564544108,-1.439580738,0.162902916,0.262473513,FALSE,TRUE,Bulk,Bacteria,Chloroflexota,Chloroflexia,Chloroflexales,Herpetosiphonaceae,Herpetosiphon,Herpetosiphon,ASV791_Herpetosiphon
ASV793,-1.692339859,0.553751498,-3.056135945,0.005428792,0.015936795,FALSE,FALSE,Bulk,Bacteria,Bacteroidota,Bacteroidia,Chitinophagales,Chitinophagaceae,Ferruginibacter,Ferruginibacter,ASV793_Ferruginibacter
ASV794,-1.255405493,0.352913136,-3.557264847,0.001598653,0.006520821,TRUE,TRUE,Bulk,Bacteria,Deinococcota,Deinococci,Deinococcales,Deinococcaceae,NA,Deinococcaceae,ASV794_Deinococcaceae
ASV798,-3.149389655,0.58742518,-5.361346026,1.67E-05,2.19E-04,TRUE,TRUE,Bulk,Bacteria,Actinomycetota,Actinobacteria,Kineosporiales,Kineosporiaceae,Kineosporia,Kineosporia,ASV798_Kineosporia
ASV799,-0.899137224,0.32276138,-2.785764591,0.010262663,0.026689812,FALSE,FALSE,Bulk,Bacteria,Deinococcota,Deinococci,Thermales,Thermaceae,NA,Thermaceae,ASV799_Thermaceae
ASV8,0.023154261,0.244331336,0.094765825,0.925287616,0.953587636,FALSE,TRUE,Bulk,Bacteria,Actinomycetota,Actinobacteria,Frankiales,Geodermatophilaceae,Geodermatophilus,Geodermatophilus,ASV8_Geodermatophilus
ASV80,-1.221833098,0.592837873,-2.060990285,0.050298715,0.101181554,FALSE,TRUE,Bulk,Bacteria,Planctomycetota,Planctomycetes,Isosphaerales,Isosphaeraceae,NA,Isosphaeraceae,ASV80_Isosphaeraceae
ASV800,-1.726559027,0.509820728,-3.386600291,0.002436498,0.008701779,TRUE,TRUE,Bulk,Bacteria,Pseudomonadota,Alphaproteobacteria,Sphingomonadales,Sphingomonadaceae,Sphingoaurantiacus,Sphingoaurantiacus,ASV800_Sphingoaurantiacus
ASV802,0.54073157,0.622363419,0.86883572,0.393542867,0.530427343,FALSE,TRUE,Bulk,Bacteria,Planctomycetota,Phycisphaerae,Tepidisphaerales,WD2101 Bulk group,NA,WD2101_Bulk_group,ASV802_WD2101_Bulk_group
ASV803,-0.101193949,0.46962235,-0.215479414,0.831214286,0.894709821,FALSE,TRUE,Bulk,Bacteria,Bacteroidota,Bacteroidia,Chitinophagales,Chitinophagaceae,NA,Chitinophagaceae,ASV803_Chitinophagaceae
ASV804,0.495960804,0.657399778,0.754428006,0.457931458,0.593411786,FALSE,TRUE,Bulk,Bacteria,Actinomycetota,Actinobacteria,Pseudonocardiales,Pseudonocardiaceae,Pseudonocardia,Pseudonocardia,ASV804_Pseudonocardia
ASV810,-0.813482238,0.780020872,-1.04289804,0.307387364,0.439529902,FALSE,TRUE,Bulk,Bacteria,Actinomycetota,Actinobacteria,Micromonosporales,Micromonosporaceae,Couchioplanes,Couchioplanes,ASV810_Couchioplanes
ASV811,-0.181613638,0.658350908,-0.275861453,0.78501591,0.855678383,FALSE,TRUE,Bulk,Bacteria,Chloroflexota,Chloroflexia,Thermomicrobiales,AKYG1722,NA,AKYG1722,ASV811_AKYG1722
ASV814,-2.58978967,0.473373464,-5.470922787,1.27E-05,1.82E-04,TRUE,TRUE,Bulk,Bacteria,Pseudomonadota,Alphaproteobacteria,Rhodobacterales,Paracoccaceae,Rubellimicrobium,Rubellimicrobium,ASV814_Rubellimicrobium
ASV815,-1.30703238,0.556269687,-2.349637973,0.02735361,0.060053961,FALSE,TRUE,Bulk,Bacteria,Chloroflexota,Chloroflexia,Kallotenuales,AKIW781,NA,AKIW781,ASV815_AKIW781
ASV816,0.445922282,0.659828898,0.675815022,0.505618596,0.636127292,FALSE,TRUE,Bulk,Bacteria,Planctomycetota,Planctomycetes,Isosphaerales,Isosphaeraceae,Tautonia,Tautonia,ASV816_Tautonia
ASV82,0.003277089,0.457282922,0.007166435,0.994341299,0.99691398,FALSE,TRUE,Bulk,Bacteria,Armatimonadota,Armatimonadia,Armatimonadales,Armatimonadaceae,NA,Armatimonadaceae,ASV82_Armatimonadaceae
ASV823,-0.139195422,0.684623647,-0.203316702,0.840601489,0.901059687,FALSE,TRUE,Bulk,Bacteria,Planctomycetota,Planctomycetes,Isosphaerales,Isosphaeraceae,Tundrisphaera,Tundrisphaera,ASV823_Tundrisphaera
ASV825,-0.212809669,0.367274031,-0.57943021,0.567698591,0.686375052,FALSE,TRUE,Bulk,Bacteria,Verrucomicrobiota,Verrucomicrobiia,Chthoniobacterales,Chthoniobacteraceae,NA,Chthoniobacteraceae,ASV825_Chthoniobacteraceae
ASV826,1.503381786,0.435551976,3.451670225,0.002075958,0.007810037,TRUE,TRUE,Bulk,Bacteria,Pseudomonadota,Alphaproteobacteria,Acetobacterales,Acetobacteraceae,NA,Acetobacteraceae,ASV826_Acetobacteraceae
ASV827,0.760218686,0.728659174,1.043311761,0.307199681,0.439529902,FALSE,TRUE,Bulk,Bacteria,Actinomycetota,Actinobacteria,Frankiales,Sporichthyaceae,NA,Sporichthyaceae,ASV827_Sporichthyaceae
ASV828,0.387055237,0.464064161,0.834055437,0.412474654,0.546440781,FALSE,TRUE,Bulk,Bacteria,Chloroflexota,Anaerolineae,Caldilineales,Caldilineaceae,NA,Caldilineaceae,ASV828_Caldilineaceae
ASV83,-0.044858979,0.28138784,-0.15942046,0.874671666,0.926120318,FALSE,TRUE,Bulk,Bacteria,Pseudomonadota,Alphaproteobacteria,Hyphomicrobiales,Beijerinckiaceae,NA,Beijerinckiaceae,ASV83_Beijerinckiaceae
ASV831,-1.288657141,0.624930012,-2.062082338,0.050186362,0.101181554,FALSE,TRUE,Bulk,Bacteria,Planctomycetota,Phycisphaerae,Tepidisphaerales,WD2101 Bulk group,NA,WD2101_Bulk_group,ASV831_WD2101_Bulk_group
ASV833,-1.931071711,0.606598621,-3.183442302,0.003997653,0.012543244,FALSE,FALSE,Bulk,Bacteria,Bacteroidota,Bacteroidia,Cytophagales,Hymenobacteraceae,Adhaeribacter,Adhaeribacter,ASV833_Adhaeribacter
ASV837,-1.893209252,0.415226756,-4.559458717,1.27E-04,9.87E-04,TRUE,TRUE,Bulk,Bacteria,Deinococcota,Deinococci,Deinococcales,Deinococcaceae,Deinococcus,Deinococcus,ASV837_Deinococcus
ASV838,0.560377313,0.564201792,0.993221435,0.330511032,0.46319358,FALSE,TRUE,Bulk,Bacteria,Bacteroidota,Bacteroidia,Cytophagales,Microscillaceae,Flexibacter,Flexibacter,ASV838_Flexibacter
ASV839,-1.836950144,0.459124993,-4.000980498,5.26E-04,0.002995171,TRUE,TRUE,Bulk,Bacteria,Chloroflexota,Chloroflexia,Chloroflexales,Chloroflexaceae,Chloronema,Chloronema,ASV839_Chloronema
ASV843,2.195106425,0.38415585,5.714103859,6.91E-06,1.14E-04,TRUE,TRUE,Bulk,Bacteria,Acidobacteriota,Blastocatellia,Blastocatellales,Blastocatellaceae,NA,Blastocatellaceae,ASV843_Blastocatellaceae
ASV853,-1.327275435,0.519209003,-2.556341332,0.017327808,0.04197181,FALSE,FALSE,Bulk,Bacteria,Actinomycetota,Thermoleophilia,Solirubrobacterales,Solirubrobacteraceae,Solirubrobacter,Solirubrobacter,ASV853_Solirubrobacter
ASV855,-2.068016374,0.391213191,-5.286162175,2.02E-05,2.42E-04,TRUE,TRUE,Bulk,Bacteria,Pseudomonadota,Alphaproteobacteria,Tistrellales,Geminicoccaceae,Geminicoccus,Geminicoccus,ASV855_Geminicoccus
ASV858,-1.82820341,0.476727607,-3.83490149,7.99E-04,0.00402016,TRUE,TRUE,Bulk,Bacteria,Pseudomonadota,Alphaproteobacteria,Caulobacterales,Caulobacteraceae,Phenylobacterium,Phenylobacterium,ASV858_Phenylobacterium
ASV859,-1.892908182,0.539232251,-3.510376426,0.001795663,0.007053227,TRUE,TRUE,Bulk,Bacteria,Bacteroidota,Bacteroidia,Cytophagales,Spirosomataceae,Spirosoma,Spirosoma,ASV859_Spirosoma
ASV865,-3.394008085,0.470607085,-7.2119783,1.88E-07,9.71E-06,TRUE,TRUE,Bulk,Bacteria,Pseudomonadota,Gammaproteobacteria,Burkholderiales,Burkholderiaceae,Lautropia,Lautropia,ASV865_Lautropia
ASV867,-1.193168828,0.400138562,-2.98188913,0.006478341,0.018257144,FALSE,FALSE,Bulk,Bacteria,Deinococcota,Deinococci,Deinococcales,Deinococcaceae,NA,Deinococcaceae,ASV867_Deinococcaceae
ASV869,-1.341203052,0.567954196,-2.36146341,0.026659915,0.058864484,FALSE,TRUE,Bulk,Bacteria,Bacteroidota,Bacteroidia,Chitinophagales,Chitinophagaceae,NA,Chitinophagaceae,ASV869_Chitinophagaceae
ASV87,-0.721871689,0.289050521,-2.497389337,0.019768703,0.046996151,FALSE,FALSE,Bulk,Bacteria,Pseudomonadota,Alphaproteobacteria,Azospirillales,Azospirillaceae,Skermanella,Skermanella,ASV87_Skermanella
ASV872,-2.780820738,0.521732629,-5.329972835,1.81E-05,2.33E-04,TRUE,TRUE,Bulk,Bacteria,Armatimonadota,Armatimonadia,Armatimonadales,Armatimonadaceae,NA,Armatimonadaceae,ASV872_Armatimonadaceae
ASV873,-1.796269827,0.423914544,-4.237339466,2.89E-04,0.001849715,TRUE,TRUE,Bulk,Bacteria,Armatimonadota,Armatimonadia,Armatimonadales,Armatimonadaceae,NA,Armatimonadaceae,ASV873_Armatimonadaceae
ASV874,-3.821750621,0.447516107,-8.539917472,9.74E-09,9.44E-07,TRUE,TRUE,Bulk,Bacteria,Pseudomonadota,Alphaproteobacteria,Acetobacterales,Acetobacteraceae,Roseomonas,Roseomonas,ASV874_Roseomonas
ASV876,-0.859569907,0.706742687,-1.216241671,0.235720005,0.35403683,FALSE,TRUE,Bulk,Bacteria,Pseudomonadota,Alphaproteobacteria,Azospirillales,Azospirillaceae,Azospirillum,Azospirillum,ASV876_Azospirillum
ASV879,0.426887937,0.550767116,0.775078839,0.445863085,0.580746036,FALSE,TRUE,Bulk,Bacteria,Acidobacteriota,Blastocatellia,Pyrinomonadales,Pyrinomonadaceae,Brevitalea,Brevitalea,ASV879_Brevitalea
ASV88,-1.475717374,0.460464462,-3.204845318,0.003795889,0.012007404,FALSE,FALSE,Bulk,Bacteria,Acidobacteriota,Blastocatellia,Blastocatellales,Blastocatellaceae,Blastocatella,Blastocatella,ASV88_Blastocatella
ASV881,0.747776353,0.404355658,1.849303549,0.076768388,0.142333733,FALSE,FALSE,Bulk,Bacteria,Deinococcota,Deinococci,Deinococcales,Deinococcaceae,Deinococcus,Deinococcus,ASV881_Deinococcus
ASV889,-0.915868599,0.714879321,-1.281151338,0.21238189,0.324646874,FALSE,TRUE,Bulk,Bacteria,Actinomycetota,Actinobacteria,Micrococcales,Microbacteriaceae,NA,Microbacteriaceae,ASV889_Microbacteriaceae
ASV891,0.795313151,0.445735918,1.784269829,0.087029163,0.155988679,FALSE,FALSE,Bulk,Bacteria,Chloroflexota,Chloroflexia,Kallotenuales,AKIW781,NA,AKIW781,ASV891_AKIW781
ASV894,-0.291258931,0.709241174,-0.410662749,0.68496325,0.781806361,FALSE,TRUE,Bulk,Bacteria,Gemmatimonadota,Gemmatimonadia,Gemmatimonadales,Gemmatimonadaceae,NA,Gemmatimonadaceae,ASV894_Gemmatimonadaceae
ASV895,0.457176379,0.502108997,0.910512224,0.371606965,0.507034151,FALSE,TRUE,Bulk,Bacteria,Acidobacteriota,Blastocatellia,Blastocatellales,Blastocatellaceae,Blastocatella,Blastocatella,ASV895_Blastocatella
ASV897,0.395506073,0.445545945,0.887688639,0.383518296,0.520537091,FALSE,TRUE,Bulk,Bacteria,Gemmatimonadota,Gemmatimonadia,Gemmatimonadales,Gemmatimonadaceae,Gemmatimonas,Gemmatimonas,ASV897_Gemmatimonas
ASV898,-2.538584394,0.549838959,-4.616959843,1.10E-04,8.79E-04,TRUE,TRUE,Bulk,Bacteria,Pseudomonadota,Alphaproteobacteria,Acetobacterales,Acetobacteraceae,Roseicella,Roseicella,ASV898_Roseicella
ASV899,-0.980462938,0.493449948,-1.986955196,0.058457181,0.113829938,FALSE,TRUE,Bulk,Bacteria,Rhodothermota,Rhodothermia,Rhodothermales,Rhodothermaceae,Rubrivirga,Rubrivirga,ASV899_Rubrivirga
ASV9,-0.999855172,0.428730309,-2.332130831,0.028411028,0.061676602,FALSE,TRUE,Bulk,Bacteria,Abditibacteriota,Abditibacteriia,Abditibacteriales,Abditibacteriaceae,Abditibacterium,Abditibacterium,ASV9_Abditibacterium
ASV90,-1.758864201,0.28059506,-6.268336308,1.77E-06,4.42E-05,TRUE,TRUE,Bulk,Bacteria,Actinomycetota,Actinobacteria,Frankiales,Geodermatophilaceae,Blastococcus,Blastococcus,ASV90_Blastococcus
ASV900,0.75130689,0.524008671,1.43376805,0.164539413,0.26456026,FALSE,TRUE,Bulk,Bacteria,Myxococcota,Polyangiia,Haliangiales,Haliangiaceae,NA,Haliangiaceae,ASV900_Haliangiaceae
ASV902,-2.774043093,0.429996501,-6.4513155,1.14E-06,3.26E-05,TRUE,TRUE,Bulk,Bacteria,Deinococcota,Deinococci,Deinococcales,Deinococcaceae,Deinococcus,Deinococcus,ASV902_Deinococcus
ASV904,-2.006891081,0.569690615,-3.52277364,0.001741381,0.006976655,TRUE,TRUE,Bulk,Bacteria,Bacteroidota,Bacteroidia,Cytophagales,Hymenobacteraceae,Adhaeribacter,Adhaeribacter,ASV904_Adhaeribacter
ASV907,-1.821260172,0.511965239,-3.557390293,0.001598155,0.006520821,TRUE,TRUE,Bulk,Bacteria,Pseudomonadota,Alphaproteobacteria,Tistrellales,Geminicoccaceae,Candidatus Alysiosphaera,Candidatus_Alysiosphaera,ASV907_Candidatus_Alysiosphaera
ASV909,-2.701193435,0.448768537,-6.019123916,3.25E-06,6.30E-05,TRUE,TRUE,Bulk,Bacteria,Deinococcota,Deinococci,Deinococcales,Deinococcaceae,Deinococcus,Deinococcus,ASV909_Deinococcus
ASV91,-1.774882615,0.273804474,-6.482299541,1.05E-06,3.14E-05,TRUE,TRUE,Bulk,Bacteria,Actinomycetota,Actinobacteria,Frankiales,Geodermatophilaceae,Geodermatophilus,Geodermatophilus,ASV91_Geodermatophilus
ASV913,-0.06880525,0.565441263,-0.121684168,0.90416228,0.940571499,FALSE,TRUE,Bulk,Bacteria,Pseudomonadota,Alphaproteobacteria,Caulobacterales,Caulobacteraceae,PMMR1,PMMR1,ASV913_PMMR1
ASV914,-1.531537058,0.655120939,-2.337792866,0.028065018,0.061096598,FALSE,TRUE,Bulk,Bacteria,Chloroflexota,Chloroflexia,Chloroflexales,Chloroflexaceae,Candidatus Chloroploca,Candidatus_Chloroploca,ASV914_Candidatus_Chloroploca
ASV915,-1.91008031,0.503270449,-3.79533572,8.82E-04,0.00430058,TRUE,TRUE,Bulk,Bacteria,Bacteroidota,Bacteroidia,Chitinophagales,Chitinophagaceae,NA,Chitinophagaceae,ASV915_Chitinophagaceae
ASV918,-1.70716531,0.573372963,-2.977408107,0.006547535,0.01838529,FALSE,FALSE,Bulk,Bacteria,Planctomycetota,Phycisphaerae,Tepidisphaerales,WD2101 Bulk group,NA,WD2101_Bulk_group,ASV918_WD2101_Bulk_group
ASV92,-1.875494891,0.500444345,-3.747659273,9.94E-04,0.004626249,TRUE,TRUE,Bulk,Bacteria,Bacteroidota,Bacteroidia,Chitinophagales,Chitinophagaceae,Flavisolibacter,Flavisolibacter,ASV92_Flavisolibacter
ASV921,-2.867616397,0.379214621,-7.561987957,8.42E-08,5.02E-06,TRUE,TRUE,Bulk,Bacteria,Chloroflexota,Chloroflexia,Chloroflexales,Roseiflexaceae,NA,Roseiflexaceae,ASV921_Roseiflexaceae
ASV924,-0.833287174,0.444926479,-1.872864876,0.073318503,0.136920096,FALSE,TRUE,Bulk,Bacteria,Gemmatimonadota,Longimicrobiia,Longimicrobiales,Longimicrobiaceae,YC-ZSS-LKJ147,YC-ZSS-LKJ147,ASV924_YC-ZSS-LKJ147
ASV925,-0.530063144,0.440188355,-1.204173483,0.240264549,0.359469161,FALSE,TRUE,Bulk,Bacteria,Actinomycetota,Acidimicrobiia,Microtrichales,Iamiaceae,Iamia,Iamia,ASV925_Iamia
ASV926,-0.638279759,0.513488182,-1.243027166,0.225864956,0.342112733,FALSE,TRUE,Bulk,Bacteria,Bacteroidota,Bacteroidia,Flavobacteriales,Flavobacteriaceae,Flavobacterium,Flavobacterium,ASV926_Flavobacterium
ASV929,-0.341951774,0.481234071,-0.710572661,0.484197569,0.616179173,FALSE,TRUE,Bulk,Bacteria,Pseudomonadota,Gammaproteobacteria,Burkholderiales,Comamonadaceae,Polaromonas,Polaromonas,ASV929_Polaromonas
ASV93,-1.31683635,0.482003523,-2.732005653,0.011619981,0.029721073,FALSE,FALSE,Bulk,Bacteria,Actinomycetota,Actinobacteria,Kineosporiales,Kineosporiaceae,Angustibacter,Angustibacter,ASV93_Angustibacter
ASV933,-2.037505901,0.416410393,-4.893023651,5.45E-05,5.09E-04,TRUE,TRUE,Bulk,Bacteria,Pseudomonadota,Gammaproteobacteria,Lysobacterales,Lysobacteraceae,Lysobacter,Lysobacter,ASV933_Lysobacter
ASV936,0.136746226,0.453114854,0.301791532,0.765410623,0.840217043,FALSE,TRUE,Bulk,Bacteria,Verrucomicrobiota,Verrucomicrobiia,Chthoniobacterales,Chthoniobacteraceae,Chthoniobacter,Chthoniobacter,ASV936_Chthoniobacter
ASV937,-1.52896489,0.608070904,-2.514451654,0.019031253,0.045522288,FALSE,FALSE,Bulk,Bacteria,Bacillota,Bacilli,Bacillales,Bacillaceae,Schinkia,Schinkia,ASV937_Schinkia
ASV942,-1.846197463,0.466861018,-3.954490501,5.91E-04,0.003137571,TRUE,TRUE,Bulk,Bacteria,Pseudomonadota,Alphaproteobacteria,Sphingomonadales,Sphingomonadaceae,Croceibacterium,Croceibacterium,ASV942_Croceibacterium
ASV944,-0.170704688,0.364994298,-0.467691383,0.644224342,0.755267991,FALSE,TRUE,Bulk,Bacteria,Verrucomicrobiota,Verrucomicrobiia,Chthoniobacterales,Chthoniobacteraceae,NA,Chthoniobacteraceae,ASV944_Chthoniobacteraceae
ASV947,-1.91010472,0.509817326,-3.746645362,9.97E-04,0.004626249,TRUE,TRUE,Bulk,Bacteria,Verrucomicrobiota,Verrucomicrobiia,Chthoniobacterales,Chthoniobacteraceae,Chthoniobacter,Chthoniobacter,ASV947_Chthoniobacter
ASV948,-1.954628216,0.640613501,-3.051181741,0.005493422,0.016065668,FALSE,FALSE,Bulk,Bacteria,Chloroflexota,Chloroflexia,Kallotenuales,AKIW781,NA,AKIW781,ASV948_AKIW781
ASV949,0.310495697,0.477111661,0.650782034,0.521369573,0.65066251,FALSE,TRUE,Bulk,Bacteria,Pseudomonadota,Gammaproteobacteria,Lysobacterales,Lysobacteraceae,Pseudoxanthomonas,Pseudoxanthomonas,ASV949_Pseudoxanthomonas
ASV95,-0.650802258,0.758674048,-0.857815368,0.399480143,0.533788122,FALSE,TRUE,Bulk,Bacteria,Pseudomonadota,Alphaproteobacteria,Sphingomonadales,Sphingomonadaceae,Sphingomonas,Sphingomonas,ASV95_Sphingomonas
ASV951,-1.423028881,0.536435492,-2.652749309,0.013932774,0.034944661,FALSE,FALSE,Bulk,Bacteria,Armatimonadota,Armatimonadia,Armatimonadales,Armatimonadaceae,NA,Armatimonadaceae,ASV951_Armatimonadaceae
ASV952,-0.886936838,0.358405987,-2.474670818,0.020791809,0.048977666,FALSE,FALSE,Bulk,Bacteria,Bacteroidota,Bacteroidia,Chitinophagales,Chitinophagaceae,NA,Chitinophagaceae,ASV952_Chitinophagaceae
ASV958,0.050676022,0.453180245,0.111823105,0.911893658,0.944809606,FALSE,TRUE,Bulk,Bacteria,Bacteroidota,Bacteroidia,Flavobacteriales,NS9 marine group,NA,NS9_marine_group,ASV958_NS9_marine_group
ASV959,-1.085684198,0.695887366,-1.560143568,0.131816592,0.220167799,FALSE,TRUE,Bulk,Bacteria,Actinomycetota,Acidimicrobiia,Microtrichales,Microtrichaceae,NA,Microtrichaceae,ASV959_Microtrichaceae
ASV96,-0.039038764,0.544989001,-0.071632206,0.943488209,0.963377288,FALSE,TRUE,Bulk,Bacteria,Abditibacteriota,Abditibacteriia,Abditibacteriales,Abditibacteriaceae,Abditibacterium,Abditibacterium,ASV96_Abditibacterium
ASV962,1.277514339,0.563830679,2.265776565,0.032767049,0.069765008,FALSE,FALSE,Bulk,Bacteria,Gemmatimonadota,Longimicrobiia,Longimicrobiales,Longimicrobiaceae,NA,Longimicrobiaceae,ASV962_Longimicrobiaceae
ASV964,0.031491725,0.569259061,0.055320552,0.956341051,0.971381801,FALSE,TRUE,Bulk,Bacteria,Verrucomicrobiota,Verrucomicrobiia,Chthoniobacterales,Chthoniobacteraceae,Chthoniobacter,Chthoniobacter,ASV964_Chthoniobacter
ASV965,1.372083,0.470826215,2.91420264,0.007601919,0.020390726,TRUE,TRUE,Bulk,Bacteria,Verrucomicrobiota,Verrucomicrobiia,Chthoniobacterales,Chthoniobacteraceae,Chthoniobacter,Chthoniobacter,ASV965_Chthoniobacter
ASV970,-2.064284145,0.665393563,-3.102350638,0.004860031,0.014872931,TRUE,TRUE,Bulk,Bacteria,Planctomycetota,Planctomycetes,Isosphaerales,Isosphaeraceae,Tundrisphaera,Tundrisphaera,ASV970_Tundrisphaera
ASV977,-2.372820833,0.500129236,-4.744415363,7.95E-05,6.70E-04,TRUE,TRUE,Bulk,Bacteria,Verrucomicrobiota,Verrucomicrobiia,Chthoniobacterales,Chthoniobacteraceae,Chthoniobacter,Chthoniobacter,ASV977_Chthoniobacter
ASV980,-0.873658616,0.489848041,-1.783529875,0.087152384,0.155988679,FALSE,TRUE,Bulk,Bacteria,Pseudomonadota,Alphaproteobacteria,Hyphomicrobiales,Beijerinckiaceae,NA,Beijerinckiaceae,ASV980_Beijerinckiaceae
ASV981,-0.457862432,0.529921798,-0.864018869,0.396130951,0.53234743,FALSE,TRUE,Bulk,Bacteria,Pseudomonadota,Alphaproteobacteria,Caulobacterales,Caulobacteraceae,Phenylobacterium,Phenylobacterium,ASV981_Phenylobacterium
ASV982,2.059205872,0.599064876,3.437367059,0.00215046,0.007974196,TRUE,TRUE,Bulk,Bacteria,Planctomycetota,Planctomycetes,Isosphaerales,Isosphaeraceae,NA,Isosphaeraceae,ASV982_Isosphaeraceae
ASV988,0.04990899,0.611710319,0.081589256,0.935649963,0.96170918,FALSE,TRUE,Bulk,Bacteria,Planctomycetota,Phycisphaerae,Tepidisphaerales,Tepidisphaeraceae,NA,Tepidisphaeraceae,ASV988_Tepidisphaeraceae
ASV997,-1.874296899,0.463358812,-4.045022673,4.70E-04,0.002760748,TRUE,TRUE,Bulk,Bacteria,Planctomycetota,Planctomycetes,Gemmatales,Gemmataceae,Fimbriiglobus,Fimbriiglobus,ASV997_Fimbriiglobus
ASV998,1.041324562,0.576498234,1.806292718,0.083429655,0.151423846,FALSE,TRUE,Bulk,Bacteria,Planctomycetota,Planctomycetes,Isosphaerales,Isosphaeraceae,Tundrisphaera,Tundrisphaera,ASV998_Tundrisphaera
ASV10,0.524409852,0.658165545,0.796774999,0.433393592,0.636917331,FALSE,TRUE,BONCAT,Bacteria,Pseudomonadota,Alphaproteobacteria,Rhodobacterales,Paracoccaceae,Rubellimicrobium,Rubellimicrobium,ASV10_Rubellimicrobium
ASV1000,-0.55674644,0.46958775,-1.185606821,0.247383945,0.470200035,FALSE,TRUE,BONCAT,Bacteria,Chloroflexota,Chloroflexia,Thermomicrobiales,JG30-KF-CM45,NA,JG30-KF-CM45,ASV1000_JG30-KF-CM45
ASV1001,-1.406243267,0.819041751,-1.71693722,0.098870932,0.267061987,FALSE,TRUE,BONCAT,Bacteria,Armatimonadota,Fimbriimonadia,Fimbriimonadales,Fimbriimonadaceae,NA,Fimbriimonadaceae,ASV1001_Fimbriimonadaceae
ASV1002,0.843824294,0.619727672,1.361604996,0.185968892,0.398740396,FALSE,TRUE,BONCAT,Bacteria,Bacteroidota,Bacteroidia,Cytophagales,Hymenobacteraceae,Pontibacter,Pontibacter,ASV1002_Pontibacter
ASV1007,1.202591854,0.679987534,1.768549856,0.089679309,0.248481064,FALSE,TRUE,BONCAT,Bacteria,Abditibacteriota,Abditibacteriia,Abditibacteriales,Abditibacteriaceae,Abditibacterium,Abditibacterium,ASV1007_Abditibacterium
ASV1008,-1.725727579,0.682949471,-2.526874464,0.018510496,0.096754863,FALSE,TRUE,BONCAT,Bacteria,Pseudomonadota,Alphaproteobacteria,Sphingomonadales,Sphingomonadaceae,Croceibacterium,Croceibacterium,ASV1008_Croceibacterium
ASV101,-0.087726589,0.729887404,-0.120191949,0.905331626,0.953655427,FALSE,TRUE,BONCAT,Bacteria,Abditibacteriota,Abditibacteriia,Abditibacteriales,Abditibacteriaceae,Abditibacterium,Abditibacterium,ASV101_Abditibacterium
ASV1011,-0.869130638,0.603583253,-1.439951546,0.162798963,0.369546003,FALSE,TRUE,BONCAT,Bacteria,Bacteroidota,Bacteroidia,Chitinophagales,Chitinophagaceae,Flavisolibacter,Flavisolibacter,ASV1011_Flavisolibacter
ASV1013,-1.280207691,0.655439897,-1.95320379,0.062549835,0.192018064,FALSE,TRUE,BONCAT,Bacteria,Chloroflexota,Chloroflexia,Chloroflexales,Chloroflexaceae,NA,Chloroflexaceae,ASV1013_Chloroflexaceae
ASV1018,1.233942855,0.623624376,1.978663604,0.059440092,0.185766187,FALSE,TRUE,BONCAT,Bacteria,Bacteroidota,Bacteroidia,Chitinophagales,Chitinophagaceae,NA,Chitinophagaceae,ASV1018_Chitinophagaceae
ASV102,1.542513055,0.657271705,2.346842322,0.027520008,0.118762076,FALSE,TRUE,BONCAT,Bacteria,Acidobacteriota,Blastocatellia,Blastocatellales,Blastocatellaceae,Blastocatella,Blastocatella,ASV102_Blastocatella
ASV1022,-2.25372659,0.696095589,-3.237668253,0.003505442,0.036845244,TRUE,TRUE,BONCAT,Bacteria,Actinomycetota,Thermoleophilia,Solirubrobacterales,Solirubrobacteraceae,Paraconexibacter,Paraconexibacter,ASV1022_Paraconexibacter
ASV1026,0.051372196,0.752672027,0.068253096,0.946149627,0.969202001,FALSE,TRUE,BONCAT,Bacteria,Chloroflexota,Chloroflexia,Thermomicrobiales,AKYG1722,NA,AKYG1722,ASV1026_AKYG1722
ASV1028,0.836796986,0.747390895,1.11962427,0.273954229,0.495480457,FALSE,TRUE,BONCAT,Bacteria,Actinomycetota,Acidimicrobiia,Acidimicrobiales,Acidimicrobiaceae,Acidiferrimicrobium,Acidiferrimicrobium,ASV1028_Acidiferrimicrobium
ASV103,-0.5290837,0.894570775,-0.591438614,0.559756683,0.732455633,FALSE,TRUE,BONCAT,Bacteria,Deinococcota,Deinococci,Deinococcales,Deinococcaceae,Deinococcus,Deinococcus,ASV103_Deinococcus
ASV1033,-1.033284002,0.485631714,-2.127711129,0.043832,0.154129251,FALSE,TRUE,BONCAT,Bacteria,Pseudomonadota,Alphaproteobacteria,Acetobacterales,Acetobacteraceae,Roseomonas,Roseomonas,ASV1033_Roseomonas
ASV1034,-0.777135205,0.58008566,-1.339690427,0.19289441,0.407268328,FALSE,TRUE,BONCAT,Bacteria,Chloroflexota,Chloroflexia,Chloroflexales,Roseiflexaceae,NA,Roseiflexaceae,ASV1034_Roseiflexaceae
ASV1035,-0.802204689,0.636112255,-1.261105539,0.219392312,0.435631142,FALSE,TRUE,BONCAT,Bacteria,Verrucomicrobiota,Verrucomicrobiia,Chthoniobacterales,Chthoniobacteraceae,Chthoniobacter,Chthoniobacter,ASV1035_Chthoniobacter
ASV1036,0.279309188,0.708762039,0.394080344,0.697001466,0.829028804,FALSE,TRUE,BONCAT,Bacteria,Planctomycetota,Planctomycetes,Gemmatales,Gemmataceae,Gemmata,Gemmata,ASV1036_Gemmata
ASV1037,-2.136934084,0.704350789,-3.033905999,0.005724613,0.047313682,FALSE,FALSE,BONCAT,Bacteria,Armatimonadota,Armatimonadia,Armatimonadales,Armatimonadaceae,NA,Armatimonadaceae,ASV1037_Armatimonadaceae
ASV104,-0.154490709,0.52901445,-0.292034952,0.77276946,0.884340909,FALSE,TRUE,BONCAT,Bacteria,Pseudomonadota,Alphaproteobacteria,Acetobacterales,Acetobacteraceae,Roseomonas,Roseomonas,ASV104_Roseomonas
ASV1040,-0.360122049,0.611181775,-0.589222493,0.561218022,0.733375443,FALSE,TRUE,BONCAT,Bacteria,Planctomycetota,Planctomycetes,Gemmatales,Gemmataceae,NA,Gemmataceae,ASV1040_Gemmataceae
ASV1041,-1.310982326,0.676031063,-1.939233858,0.064316239,0.196815832,FALSE,TRUE,BONCAT,Bacteria,Pseudomonadota,Gammaproteobacteria,Burkholderiales,TRA3-20,NA,TRA3-20,ASV1041_TRA3-20
ASV1042,-0.322552406,0.509706568,-0.632819795,0.532835087,0.712657717,FALSE,TRUE,BONCAT,Bacteria,Bacteroidota,Bacteroidia,Chitinophagales,Chitinophagaceae,NA,Chitinophagaceae,ASV1042_Chitinophagaceae
ASV1045,0.819514618,0.598555416,1.369154128,0.183628951,0.394598212,FALSE,TRUE,BONCAT,Bacteria,Pseudomonadota,Gammaproteobacteria,Burkholderiales,Burkholderiaceae,NA,Burkholderiaceae,ASV1045_Burkholderiaceae
ASV1047,0.819759232,0.66749141,1.228119523,0.231310589,0.451873414,FALSE,TRUE,BONCAT,Bacteria,Pseudomonadota,Alphaproteobacteria,Sphingomonadales,Sphingomonadaceae,NA,Sphingomonadaceae,ASV1047_Sphingomonadaceae
ASV1048,-2.029292257,0.706677585,-2.871595617,0.008401933,0.057367646,FALSE,TRUE,BONCAT,Bacteria,Pseudomonadota,Gammaproteobacteria,Burkholderiales,Burkholderiaceae,Limnobacter,Limnobacter,ASV1048_Limnobacter
ASV105,-4.468822207,0.826633563,-5.406049796,1.49E-05,6.56E-04,TRUE,TRUE,BONCAT,Bacteria,Deinococcota,Deinococci,Deinococcales,Deinococcaceae,Deinococcus,Deinococcus,ASV105_Deinococcus
ASV1052,-2.983361516,0.689240281,-4.32847818,2.29E-04,0.006329828,TRUE,TRUE,BONCAT,Bacteria,Verrucomicrobiota,Verrucomicrobiia,Chthoniobacterales,Chthoniobacteraceae,Chthoniobacter,Chthoniobacter,ASV1052_Chthoniobacter
ASV106,-1.104760399,0.82140873,-1.34495819,0.191211533,0.404598583,FALSE,TRUE,BONCAT,Bacteria,Pseudomonadota,Alphaproteobacteria,Hyphomicrobiales,Devosiaceae,Devosia,Devosia,ASV106_Devosia
ASV1061,1.474141918,0.663710644,2.221061138,0.036036648,0.141656256,FALSE,TRUE,BONCAT,Bacteria,Planctomycetota,Phycisphaerae,Tepidisphaerales,WD2101 Bulk group,NA,WD2101_Bulk_group,ASV1061_WD2101_Bulk_group
ASV1067,0.014293112,0.611942255,0.023356961,0.981558651,0.988166359,FALSE,TRUE,BONCAT,Bacteria,Planctomycetota,Planctomycetes,Gemmatales,Gemmataceae,Gemmata,Gemmata,ASV1067_Gemmata
ASV1068,0.794549435,0.502214329,1.582092324,0.126718802,0.312594597,FALSE,TRUE,BONCAT,Bacteria,Bacteroidota,Bacteroidia,Flavobacteriales,Crocinitomicaceae,Fluviicola,Fluviicola,ASV1068_Fluviicola
ASV1070,-0.016745716,0.805443039,-0.020790689,0.983584513,0.988166359,FALSE,TRUE,BONCAT,Bacteria,Armatimonadota,Armatimonadia,Armatimonadales,Armatimonadaceae,NA,Armatimonadaceae,ASV1070_Armatimonadaceae
ASV1071,0.278396737,0.661594859,0.420796403,0.677648011,0.814675301,FALSE,TRUE,BONCAT,Bacteria,Gemmatimonadota,Longimicrobiia,Longimicrobiales,Longimicrobiaceae,NA,Longimicrobiaceae,ASV1071_Longimicrobiaceae
ASV1073,-0.610971382,0.686381155,-0.890134261,0.38223018,0.597491464,FALSE,TRUE,BONCAT,Bacteria,Verrucomicrobiota,Verrucomicrobiia,Pedosphaerales,Pedosphaeraceae,NA,Pedosphaeraceae,ASV1073_Pedosphaeraceae
ASV1075,-1.162828961,0.604670084,-1.923080027,0.066413223,0.201954676,FALSE,TRUE,BONCAT,Bacteria,Chloroflexota,Chloroflexia,Kallotenuales,AKIW781,NA,AKIW781,ASV1075_AKIW781
ASV1076,0.394652906,0.470932026,0.838025201,0.410285187,0.615410215,FALSE,TRUE,BONCAT,Bacteria,Pseudomonadota,Alphaproteobacteria,Hyphomicrobiales,Hyphomicrobiales Incertae Sedis,Phreatobacter,Phreatobacter,ASV1076_Phreatobacter
ASV1078,-0.175664167,0.693511157,-0.253296814,0.802196021,0.892662315,FALSE,TRUE,BONCAT,Bacteria,Chloroflexota,Chloroflexia,Kallotenuales,AKIW781,NA,AKIW781,ASV1078_AKIW781
ASV108,0.434807297,0.756999007,0.574382916,0.57105373,0.741220076,FALSE,TRUE,BONCAT,Bacteria,Chloroflexota,Chloroflexia,Thermomicrobiales,JG30-KF-CM45,NA,JG30-KF-CM45,ASV108_JG30-KF-CM45
ASV1080,-0.126574902,0.528426009,-0.239531931,0.812727017,0.899435791,FALSE,TRUE,BONCAT,Bacteria,Acidobacteriota,Vicinamibacteria,Vicinamibacterales,Vicinamibacteraceae,NA,Vicinamibacteraceae,ASV1080_Vicinamibacteraceae
ASV1082,-0.6674716,0.690685727,-0.96638974,0.343487163,0.569729136,FALSE,TRUE,BONCAT,Bacteria,Planctomycetota,Phycisphaerae,Tepidisphaerales,WD2101 Bulk group,NA,WD2101_Bulk_group,ASV1082_WD2101_Bulk_group
ASV1083,0.4001308,0.529040928,0.756332411,0.456810419,0.654423223,FALSE,TRUE,BONCAT,Bacteria,Myxococcota,Polyangiia,Haliangiales,Haliangiaceae,NA,Haliangiaceae,ASV1083_Haliangiaceae
ASV1091,1.194337422,0.799067378,1.494664224,0.148035375,0.349028349,FALSE,TRUE,BONCAT,Bacteria,Armatimonadota,Armatimonadia,Armatimonadales,Armatimonadaceae,NA,Armatimonadaceae,ASV1091_Armatimonadaceae
ASV1094,-0.344972521,0.6675039,-0.516809746,0.610019007,0.778178241,FALSE,TRUE,BONCAT,Bacteria,Bacteroidota,Bacteroidia,Cytophagales,Hymenobacteraceae,Rufibacter,Rufibacter,ASV1094_Rufibacter
ASV1095,-0.153977317,0.535289983,-0.287652154,0.776082291,0.884990066,FALSE,TRUE,BONCAT,Bacteria,Verrucomicrobiota,Verrucomicrobiia,Chthoniobacterales,Chthoniobacteraceae,LD29,LD29,ASV1095_LD29
ASV110,1.852746247,0.73800926,2.51046477,0.019201246,0.097885697,FALSE,TRUE,BONCAT,Bacteria,Acidobacteriota,Blastocatellia,Blastocatellales,Blastocatellaceae,Blastocatella,Blastocatella,ASV110_Blastocatella
ASV1105,-0.745208845,0.662521701,-1.124806697,0.271794942,0.493106396,FALSE,TRUE,BONCAT,Bacteria,Pseudomonadota,Alphaproteobacteria,Azospirillales,Azospirillaceae,Azospirillum,Azospirillum,ASV1105_Azospirillum
ASV1107,-1.122603295,0.616328514,-1.821436572,0.081029507,0.230457451,FALSE,TRUE,BONCAT,Bacteria,Chloroflexota,Chloroflexia,Chloroflexales,Chloroflexaceae,Chloronema,Chloronema,ASV1107_Chloronema
ASV1111,-0.955836547,0.750145575,-1.274201407,0.21479269,0.430322588,FALSE,TRUE,BONCAT,Bacteria,Armatimonadota,Armatimonadia,Armatimonadales,Armatimonadaceae,NA,Armatimonadaceae,ASV1111_Armatimonadaceae
ASV1113,-1.055944102,0.642636405,-1.64314392,0.113391912,0.289313929,FALSE,TRUE,BONCAT,Bacteria,Bacteroidota,Bacteroidia,Chitinophagales,Chitinophagaceae,Flavisolibacter,Flavisolibacter,ASV1113_Flavisolibacter
ASV1114,-0.168552436,0.657880463,-0.256205261,0.799975685,0.892245084,FALSE,TRUE,BONCAT,Bacteria,Pseudomonadota,Alphaproteobacteria,Hyphomicrobiales,Beijerinckiaceae,NA,Beijerinckiaceae,ASV1114_Beijerinckiaceae
ASV1115,-0.877246296,0.689727651,-1.271873461,0.215604883,0.430764302,FALSE,TRUE,BONCAT,Bacteria,Gemmatimonadota,Longimicrobiia,Longimicrobiales,Longimicrobiaceae,NA,Longimicrobiaceae,ASV1115_Longimicrobiaceae
ASV1119,0.136553571,0.749697391,0.18214492,0.856998747,0.924908246,FALSE,TRUE,BONCAT,Bacteria,Armatimonadota,Armatimonadia,Armatimonadales,Armatimonadaceae,NA,Armatimonadaceae,ASV1119_Armatimonadaceae
ASV1120,0.310486911,0.573412676,0.541472004,0.593173786,0.765819828,FALSE,TRUE,BONCAT,Bacteria,Myxococcota,Polyangiia,Polyangiales,Polyangiaceae,Pajaroellobacter,Pajaroellobacter,ASV1120_Pajaroellobacter
ASV1124,-0.17759446,0.576702688,-0.307948036,0.760778631,0.876844977,FALSE,TRUE,BONCAT,Bacteria,Pseudomonadota,Alphaproteobacteria,Sphingomonadales,Sphingomonadaceae,NA,Sphingomonadaceae,ASV1124_Sphingomonadaceae
ASV1126,-1.85063473,0.823621926,-2.246946895,0.034109526,0.136297154,FALSE,TRUE,BONCAT,Bacteria,Gemmatimonadota,Longimicrobiia,Longimicrobiales,Longimicrobiaceae,NA,Longimicrobiaceae,ASV1126_Longimicrobiaceae
ASV1128,-0.925148698,0.639179503,-1.447400448,0.160721983,0.365689783,FALSE,TRUE,BONCAT,Bacteria,Pseudomonadota,Alphaproteobacteria,Hyphomicrobiales,Beijerinckiaceae,NA,Beijerinckiaceae,ASV1128_Beijerinckiaceae
ASV1131,-0.517908679,0.610759735,-0.847974497,0.404830144,0.612707598,FALSE,TRUE,BONCAT,Bacteria,Verrucomicrobiota,Verrucomicrobiia,Pedosphaerales,Pedosphaeraceae,NA,Pedosphaeraceae,ASV1131_Pedosphaeraceae
ASV1133,-1.20845634,0.560874735,-2.154592218,0.041444713,0.151038057,FALSE,TRUE,BONCAT,Bacteria,Bacteroidota,Bacteroidia,Cytophagales,Spirosomataceae,Nibrella,Nibrella,ASV1133_Nibrella
ASV114,-2.620780049,0.821656821,-3.189628543,0.003938297,0.038083329,TRUE,TRUE,BONCAT,Bacteria,Bacteroidota,Bacteroidia,Cytophagales,Hymenobacteraceae,Hymenobacter,Hymenobacter,ASV114_Hymenobacter
ASV1141,-1.155839637,0.531990921,-2.172667973,0.039905894,0.14803943,FALSE,TRUE,BONCAT,Bacteria,Deinococcota,Deinococci,Deinococcales,Deinococcaceae,Deinococcus,Deinococcus,ASV1141_Deinococcus
ASV1142,-1.708822206,0.616079903,-2.773702239,0.010553503,0.066648551,FALSE,TRUE,BONCAT,Bacteria,Actinomycetota,Actinobacteria,Micromonosporales,Micromonosporaceae,Actinoplanes,Actinoplanes,ASV1142_Actinoplanes
ASV1143,-0.929114135,0.768574581,-1.208879603,0.238484603,0.462153529,FALSE,TRUE,BONCAT,Bacteria,Planctomycetota,Planctomycetes,Gemmatales,Gemmataceae,Gemmata,Gemmata,ASV1143_Gemmata
ASV1148,0.10553666,0.67235866,0.156964827,0.876585583,0.933544338,FALSE,TRUE,BONCAT,Bacteria,Actinomycetota,Thermoleophilia,Solirubrobacterales,67-14,NA,67-14,ASV1148_67-14
ASV115,0.1702362,0.802078905,0.212243707,0.833709173,0.909928634,FALSE,TRUE,BONCAT,Bacteria,Gemmatimonadota,Longimicrobiia,Longimicrobiales,Longimicrobiaceae,Longimicrobium,Longimicrobium,ASV115_Longimicrobium
ASV1150,1.604468131,0.587911714,2.729097063,0.011698047,0.069658382,FALSE,TRUE,BONCAT,Bacteria,Actinomycetota,Thermoleophilia,Solirubrobacterales,Solirubrobacteraceae,Baekduia,Baekduia,ASV1150_Baekduia
ASV1154,-3.011747383,0.67618072,-4.454056873,1.66E-04,0.005030597,TRUE,TRUE,BONCAT,Bacteria,Deinococcota,Deinococci,Deinococcales,Deinococcaceae,NA,Deinococcaceae,ASV1154_Deinococcaceae
ASV1155,-0.358276071,0.517869477,-0.69182697,0.495685029,0.681831327,FALSE,TRUE,BONCAT,Bacteria,Planctomycetota,Phycisphaerae,Tepidisphaerales,WD2101 Bulk group,NA,WD2101_Bulk_group,ASV1155_WD2101_Bulk_group
ASV1157,-0.207809723,0.491542248,-0.422770828,0.676226448,0.814675301,FALSE,TRUE,BONCAT,Bacteria,Planctomycetota,Planctomycetes,Isosphaerales,Isosphaeraceae,Tautonia,Tautonia,ASV1157_Tautonia
ASV1165,-1.732846224,0.661759977,-2.618541894,0.015058929,0.08273855,FALSE,TRUE,BONCAT,Bacteria,Verrucomicrobiota,Verrucomicrobiia,Chthoniobacterales,Chthoniobacteraceae,Chthoniobacter,Chthoniobacter,ASV1165_Chthoniobacter
ASV117,-3.495793532,0.63585555,-5.497779378,1.19E-05,5.46E-04,TRUE,TRUE,BONCAT,Bacteria,Acidobacteriota,Blastocatellia,Blastocatellales,Blastocatellaceae,Blastocatella,Blastocatella,ASV117_Blastocatella
ASV1170,-1.79969781,0.5692581,-3.161479493,0.004215431,0.038435642,TRUE,TRUE,BONCAT,Bacteria,Bacteroidota,Bacteroidia,Chitinophagales,Chitinophagaceae,Cnuella,Cnuella,ASV1170_Cnuella
ASV1171,-0.487550397,0.529549863,-0.920688365,0.366375631,0.587537704,FALSE,TRUE,BONCAT,Bacteria,Gemmatimonadota,Gemmatimonadia,Gemmatimonadales,Gemmatimonadaceae,Gemmatimonas,Gemmatimonas,ASV1171_Gemmatimonas
ASV1175,-2.116734442,0.805520356,-2.627785165,0.014746501,0.082426975,FALSE,TRUE,BONCAT,Bacteria,Pseudomonadota,Alphaproteobacteria,Caulobacterales,Caulobacteraceae,Phenylobacterium,Phenylobacterium,ASV1175_Phenylobacterium
ASV118,-0.622899193,0.815612753,-0.763719291,0.45247764,0.652305521,FALSE,TRUE,BONCAT,Bacteria,Pseudomonadota,Alphaproteobacteria,Sphingomonadales,Sphingomonadaceae,NA,Sphingomonadaceae,ASV118_Sphingomonadaceae
ASV1180,0.151548733,0.571844611,0.265017331,0.793259031,0.890807427,FALSE,TRUE,BONCAT,Bacteria,Chloroflexota,Chloroflexia,Kallotenuales,Kallotenuaceae,Kallotenue,Kallotenue,ASV1180_Kallotenue
ASV1183,0.279297287,0.479741172,0.582183276,0.565872756,0.736472349,FALSE,TRUE,BONCAT,Bacteria,Pseudomonadota,Alphaproteobacteria,Acetobacterales,Acetobacteraceae,NA,Acetobacteraceae,ASV1183_Acetobacteraceae
ASV1186,0.361839018,0.638073576,0.567080398,0.575925709,0.74654177,FALSE,TRUE,BONCAT,Bacteria,Bacteroidota,Bacteroidia,Cytophagales,Cytophagaceae,Sporocytophaga,Sporocytophaga,ASV1186_Sporocytophaga
ASV119,0.382406798,0.750463419,0.509560877,0.61501292,0.779022032,FALSE,TRUE,BONCAT,Bacteria,Armatimonadota,Armatimonadia,Armatimonadales,Armatimonadaceae,NA,Armatimonadaceae,ASV119_Armatimonadaceae
ASV1192,-0.908631098,0.523658894,-1.735158343,0.095538414,0.260241256,FALSE,TRUE,BONCAT,Bacteria,Planctomycetota,Planctomycetes,Isosphaerales,Isosphaeraceae,Tautonia,Tautonia,ASV1192_Tautonia
ASV1195,-0.656314329,0.730893016,-0.897962239,0.378126157,0.595517905,FALSE,TRUE,BONCAT,Bacteria,Armatimonadota,Fimbriimonadia,Fimbriimonadales,Fimbriimonadaceae,NA,Fimbriimonadaceae,ASV1195_Fimbriimonadaceae
ASV1196,-1.344895098,0.711715352,-1.889653069,0.070943333,0.210436206,FALSE,TRUE,BONCAT,Bacteria,Bacteroidota,Bacteroidia,Cytophagales,Hymenobacteraceae,Adhaeribacter,Adhaeribacter,ASV1196_Adhaeribacter
ASV120,-1.08634752,0.544555052,-1.994926895,0.057525751,0.181196745,FALSE,TRUE,BONCAT,Bacteria,Gemmatimonadota,Longimicrobiia,Longimicrobiales,Longimicrobiaceae,NA,Longimicrobiaceae,ASV120_Longimicrobiaceae
ASV1200,0.615732547,0.688155771,0.894757515,0.379802817,0.596731374,FALSE,TRUE,BONCAT,Bacteria,Planctomycetota,Planctomycetes,Gemmatales,Gemmataceae,Fimbriiglobus,Fimbriiglobus,ASV1200_Fimbriiglobus
ASV1205,1.771644067,0.420829532,4.209885316,3.10E-04,0.00767746,TRUE,TRUE,BONCAT,Bacteria,Bacteroidota,Bacteroidia,Sphingobacteriales,env.OPS 17,NA,env.OPS_17,ASV1205_env.OPS_17
ASV1206,-0.966476305,0.550781759,-1.754735499,0.092064928,0.253637565,FALSE,TRUE,BONCAT,Bacteria,Pseudomonadota,Alphaproteobacteria,Tistrellales,Geminicoccaceae,NA,Geminicoccaceae,ASV1206_Geminicoccaceae
ASV1207,0.531056523,0.626333852,0.84788092,0.404881236,0.612707598,FALSE,TRUE,BONCAT,Bacteria,Pseudomonadota,Alphaproteobacteria,Hyphomicrobiales,Rhizobiaceae,Mesorhizobium,Mesorhizobium,ASV1207_Mesorhizobium
ASV1209,-2.110810635,0.634466607,-3.326905802,0.002820305,0.032085116,TRUE,TRUE,BONCAT,Bacteria,Bacteroidota,Bacteroidia,Chitinophagales,Chitinophagaceae,Cnuella,Cnuella,ASV1209_Cnuella
ASV122,-0.686340996,0.803752669,-0.853920643,0.401592086,0.610596773,FALSE,TRUE,BONCAT,Bacteria,Pseudomonadota,Alphaproteobacteria,Rhodobacterales,Paracoccaceae,Oceanicella,Oceanicella,ASV122_Oceanicella
ASV1221,0.053277569,0.651320735,0.081799282,0.935484698,0.964956339,FALSE,TRUE,BONCAT,Bacteria,Verrucomicrobiota,Verrucomicrobiia,Verrucomicrobiales,Verrucomicrobiaceae,NA,Verrucomicrobiaceae,ASV1221_Verrucomicrobiaceae
ASV1222,-1.451703294,0.778263621,-1.865310486,0.074409658,0.218042846,FALSE,TRUE,BONCAT,Bacteria,Armatimonadota,Armatimonadia,Armatimonadales,Armatimonadaceae,NA,Armatimonadaceae,ASV1222_Armatimonadaceae
ASV1225,-0.404894053,0.589057298,-0.68735937,0.498445472,0.683154127,FALSE,TRUE,BONCAT,Bacteria,Planctomycetota,Planctomycetes,Isosphaerales,Isosphaeraceae,Tundrisphaera,Tundrisphaera,ASV1225_Tundrisphaera
ASV1228,0.587842188,0.525806018,1.117982999,0.274640667,0.495480457,FALSE,TRUE,BONCAT,Bacteria,Abditibacteriota,Abditibacteriia,Abditibacteriales,Abditibacteriaceae,Abditibacterium,Abditibacterium,ASV1228_Abditibacterium
ASV1229,0.12704695,0.713769094,0.177994467,0.860221174,0.925926123,FALSE,TRUE,BONCAT,Bacteria,Armatimonadota,Fimbriimonadia,Fimbriimonadales,Fimbriimonadaceae,NA,Fimbriimonadaceae,ASV1229_Fimbriimonadaceae
ASV1232,0.240003008,0.577082681,0.415890159,0.681185729,0.814903771,FALSE,TRUE,BONCAT,Bacteria,Bacteroidota,Bacteroidia,Chitinophagales,Chitinophagaceae,Edaphobaculum,Edaphobaculum,ASV1232_Edaphobaculum
ASV1233,-0.643035195,0.629060836,-1.022214638,0.316873313,0.541454797,FALSE,TRUE,BONCAT,Bacteria,Pseudomonadota,Alphaproteobacteria,Rhodobacterales,Paracoccaceae,Amaricoccus,Amaricoccus,ASV1233_Amaricoccus
ASV1234,-1.838481608,0.619060213,-2.969794489,0.006666724,0.052412373,FALSE,FALSE,BONCAT,Bacteria,Gemmatimonadota,Gemmatimonadia,Gemmatimonadales,Gemmatimonadaceae,Roseisolibacter,Roseisolibacter,ASV1234_Roseisolibacter
ASV124,-2.448013771,0.93487198,-2.618555078,0.015058479,0.08273855,FALSE,TRUE,BONCAT,Bacteria,Chloroflexota,Chloroflexia,Chloroflexales,Herpetosiphonaceae,Herpetosiphon,Herpetosiphon,ASV124_Herpetosiphon
ASV1247,-1.401419795,0.571573334,-2.451863502,0.021868069,0.10710947,FALSE,TRUE,BONCAT,Bacteria,Bacteroidota,Bacteroidia,Cytophagales,Hymenobacteraceae,Adhaeribacter,Adhaeribacter,ASV1247_Adhaeribacter
ASV1249,-1.060612876,0.690468873,-1.536076308,0.137599417,0.334318181,FALSE,TRUE,BONCAT,Bacteria,Pseudomonadota,Gammaproteobacteria,Enterobacterales,Enterobacteriaceae,Escherichia-Shigella,Escherichia-Shigella,ASV1249_Escherichia-Shigella
ASV125,0.343745639,0.74377435,0.46216388,0.648126197,0.797376632,FALSE,TRUE,BONCAT,Bacteria,Actinomycetota,Thermoleophilia,Solirubrobacterales,Solirubrobacteraceae,Paraconexibacter,Paraconexibacter,ASV125_Paraconexibacter
ASV1253,-1.074087495,0.580419475,-1.850536623,0.076584409,0.223063625,FALSE,TRUE,BONCAT,Bacteria,Planctomycetota,Phycisphaerae,Tepidisphaerales,WD2101 Bulk group,NA,WD2101_Bulk_group,ASV1253_WD2101_Bulk_group
ASV1254,-0.636830669,0.668498773,-0.95262803,0.350275083,0.574369986,FALSE,TRUE,BONCAT,Bacteria,Hydrogenedentes,Hydrogenedentia,Hydrogenedentiales,Hydrogenedensaceae,NA,Hydrogenedensaceae,ASV1254_Hydrogenedensaceae
ASV1261,-1.7466738,0.608498435,-2.870465559,0.008424204,0.057367646,FALSE,FALSE,BONCAT,Bacteria,Pseudomonadota,Alphaproteobacteria,Hyphomicrobiales,D05-2,NA,D05-2,ASV1261_D05-2
ASV1262,-0.686134643,0.735583092,-0.932776528,0.360225153,0.582504554,FALSE,TRUE,BONCAT,Bacteria,Planctomycetota,Planctomycetes,Gemmatales,Gemmataceae,Fimbriiglobus,Fimbriiglobus,ASV1262_Fimbriiglobus
ASV1263,0.144469825,0.619925238,0.233043949,0.81770338,0.900509257,FALSE,TRUE,BONCAT,Bacteria,Gemmatimonadota,Longimicrobiia,Longimicrobiales,Longimicrobiaceae,NA,Longimicrobiaceae,ASV1263_Longimicrobiaceae
ASV1269,-1.320581517,0.673964251,-1.959423686,0.061777188,0.190857957,FALSE,TRUE,BONCAT,Bacteria,Bacteroidota,Bacteroidia,Chitinophagales,Chitinophagaceae,Flavisolibacter,Flavisolibacter,ASV1269_Flavisolibacter
ASV127,-0.366082219,0.473935839,-0.772429914,0.447400272,0.650824434,FALSE,TRUE,BONCAT,Bacteria,Chloroflexota,Anaerolineae,Aggregatilineales,A4b,NA,A4b,ASV127_A4b
ASV1270,1.711861102,0.539484168,3.17314428,0.00409838,0.038435642,FALSE,FALSE,BONCAT,Bacteria,Actinomycetota,Thermoleophilia,Solirubrobacterales,67-14,NA,67-14,ASV1270_67-14
ASV1273,-1.927104082,0.60992379,-3.159581761,0.004234776,0.038435642,TRUE,TRUE,BONCAT,Bacteria,Actinomycetota,Actinobacteria,Micromonosporales,Micromonosporaceae,Actinoplanes,Actinoplanes,ASV1273_Actinoplanes
ASV128,2.128069638,0.939434419,2.265266839,0.032802748,0.133289804,FALSE,TRUE,BONCAT,Bacteria,Gemmatimonadota,Longimicrobiia,Longimicrobiales,Longimicrobiaceae,Longimicrobium,Longimicrobium,ASV128_Longimicrobium
ASV1283,0.695160611,0.543034393,1.280141037,0.212731048,0.428564424,FALSE,TRUE,BONCAT,Bacteria,Chloroflexota,Anaerolineae,Aggregatilineales,A4b,NA,A4b,ASV1283_A4b
ASV1285,-0.618107289,0.633830914,-0.975192713,0.339192277,0.566055031,FALSE,TRUE,BONCAT,Bacteria,Acidobacteriota,Acidobacteriae,Bryobacterales,Bryobacteraceae,Bryobacter,Bryobacter,ASV1285_Bryobacter
ASV1287,0.473391557,0.75215642,0.629379135,0.535046695,0.714627284,FALSE,TRUE,BONCAT,Bacteria,Pseudomonadota,Alphaproteobacteria,Sphingomonadales,Sphingomonadaceae,Sphingomonas,Sphingomonas,ASV1287_Sphingomonas
ASV1291,-0.548878836,0.69767127,-0.786729882,0.439140004,0.642433259,FALSE,TRUE,BONCAT,Bacteria,Armatimonadota,Armatimonadia,Armatimonadales,Armatimonadaceae,NA,Armatimonadaceae,ASV1291_Armatimonadaceae
ASV1292,-2.385499534,0.582412163,-4.0958958,4.13E-04,0.009350357,TRUE,TRUE,BONCAT,Bacteria,Actinomycetota,Thermoleophilia,Solirubrobacterales,Solirubrobacteraceae,Conexibacter,Conexibacter,ASV1292_Conexibacter
ASV1296,-0.535422534,0.57540807,-0.930509255,0.361373466,0.583385878,FALSE,TRUE,BONCAT,Bacteria,Bacteroidota,Bacteroidia,Chitinophagales,Chitinophagaceae,Flavisolibacter,Flavisolibacter,ASV1296_Flavisolibacter
ASV1299,-0.712797721,0.725244817,-0.982837386,0.335492356,0.563093179,FALSE,TRUE,BONCAT,Bacteria,Chloroflexota,Chloroflexia,Kallotenuales,AKIW781,NA,AKIW781,ASV1299_AKIW781
ASV13,1.331784718,0.568846054,2.341204108,0.027858423,0.119199534,FALSE,TRUE,BONCAT,Bacteria,Acidobacteriota,Blastocatellia,Blastocatellales,Blastocatellaceae,Blastocatella,Blastocatella,ASV13_Blastocatella
ASV130,-1.639991666,0.617388477,-2.656336693,0.013819362,0.079072916,FALSE,TRUE,BONCAT,Bacteria,Pseudomonadota,Gammaproteobacteria,Burkholderiales,Comamonadaceae,Piscinibacter,Piscinibacter,ASV130_Piscinibacter
ASV1304,-0.938303659,0.662066935,-1.417233832,0.169266479,0.378890475,FALSE,TRUE,BONCAT,Bacteria,Chloroflexota,Chloroflexia,Thermomicrobiales,AKYG1722,NA,AKYG1722,ASV1304_AKYG1722
ASV1306,-0.798201357,0.659439703,-1.210423566,0.237902807,0.462153529,FALSE,TRUE,BONCAT,Bacteria,Gemmatimonadota,Gemmatimonadia,Gemmatimonadales,Gemmatimonadaceae,Roseisolibacter,Roseisolibacter,ASV1306_Roseisolibacter
ASV131,0.18989708,0.92771913,0.204692427,0.839538464,0.913198756,FALSE,TRUE,BONCAT,Bacteria,Pseudomonadota,Alphaproteobacteria,Rhodobacterales,Paracoccaceae,Rubellimicrobium,Rubellimicrobium,ASV131_Rubellimicrobium
ASV1310,0.902967092,0.598382446,1.509013338,0.144348741,0.345699913,FALSE,TRUE,BONCAT,Bacteria,Actinomycetota,Thermoleophilia,Solirubrobacterales,Solirubrobacteraceae,Solirubrobacter,Solirubrobacter,ASV1310_Solirubrobacter
ASV1312,0.157975297,0.59097682,0.267312172,0.791512529,0.890807427,FALSE,TRUE,BONCAT,Bacteria,Nitrospirota,Nitrospiria,Nitrospirales,Nitrospiraceae,Nitrospira,Nitrospira,ASV1312_Nitrospira
ASV132,-0.178072103,0.689499838,-0.258262719,0.798406039,0.891928269,FALSE,TRUE,BONCAT,Bacteria,Pseudomonadota,Alphaproteobacteria,Hyphomicrobiales,Beijerinckiaceae,Psychroglaciecola,Psychroglaciecola,ASV132_Psychroglaciecola
ASV1322,-0.342766654,0.697878864,-0.491154944,0.627778317,0.784442485,FALSE,TRUE,BONCAT,Bacteria,Planctomycetota,Planctomycetes,Gemmatales,Gemmataceae,Gemmata,Gemmata,ASV1322_Gemmata
ASV1324,-0.915722111,0.708262475,-1.292913493,0.208349253,0.424155216,FALSE,TRUE,BONCAT,Bacteria,Acidobacteriota,Blastocatellia,Blastocatellales,Blastocatellaceae,Blastocatella,Blastocatella,ASV1324_Blastocatella
ASV1325,-3.943812215,0.682589541,-5.777721422,5.90E-06,3.73E-04,TRUE,TRUE,BONCAT,Bacteria,Actinomycetota,Actinobacteria,Kineosporiales,Kineosporiaceae,Kineococcus,Kineococcus,ASV1325_Kineococcus
ASV1326,-0.826862157,0.715324728,-1.155925588,0.259089523,0.481915672,FALSE,TRUE,BONCAT,Bacteria,Bacteroidota,Bacteroidia,Cytophagales,Hymenobacteraceae,Hymenobacter,Hymenobacter,ASV1326_Hymenobacter
ASV1332,0.036541402,0.650015615,0.056216191,0.955634982,0.977882569,FALSE,TRUE,BONCAT,Bacteria,Pseudomonadota,Alphaproteobacteria,Caulobacterales,Caulobacteraceae,Brevundimonas,Brevundimonas,ASV1332_Brevundimonas
ASV1333,0.017666719,0.432262235,0.040870374,0.967737341,0.986002349,FALSE,TRUE,BONCAT,Bacteria,Planctomycetota,Planctomycetes,Isosphaerales,Isosphaeraceae,NA,Isosphaeraceae,ASV1333_Isosphaeraceae
ASV1334,-0.985360955,0.599158026,-1.644576075,0.113093927,0.289313929,FALSE,TRUE,BONCAT,Bacteria,Actinomycetota,Thermoleophilia,Solirubrobacterales,Solirubrobacteraceae,Solirubrobacter,Solirubrobacter,ASV1334_Solirubrobacter
ASV1339,-1.01629374,0.559831939,-1.815355054,0.081986114,0.232494346,FALSE,TRUE,BONCAT,Bacteria,Abditibacteriota,Abditibacteriia,Abditibacteriales,Abditibacteriaceae,Abditibacterium,Abditibacterium,ASV1339_Abditibacterium
ASV134,1.110477485,0.80798566,1.374377714,0.182023457,0.392894383,FALSE,TRUE,BONCAT,Bacteria,Chloroflexota,Anaerolineae,Aggregatilineales,A4b,NA,A4b,ASV134_A4b
ASV1341,-1.487816211,0.52668254,-2.824882351,0.009370783,0.062065392,FALSE,FALSE,BONCAT,Bacteria,Gemmatimonadota,Gemmatimonadia,Gemmatimonadales,Gemmatimonadaceae,Gemmatimonas,Gemmatimonas,ASV1341_Gemmatimonas
ASV1342,0.661448036,0.552174008,1.197897812,0.242653592,0.468291792,FALSE,TRUE,BONCAT,Bacteria,Chloroflexota,Chloroflexia,Thermomicrobiales,JG30-KF-CM45,NA,JG30-KF-CM45,ASV1342_JG30-KF-CM45
ASV1344,0.699505073,0.625193586,1.118861565,0.274273064,0.495480457,FALSE,TRUE,BONCAT,Bacteria,Bacteroidota,Bacteroidia,Cytophagales,Hymenobacteraceae,Hymenobacter,Hymenobacter,ASV1344_Hymenobacter
ASV1349,-0.837526869,0.773751647,-1.082423374,0.289820432,0.511416711,FALSE,TRUE,BONCAT,Bacteria,Armatimonadota,Armatimonadia,Armatimonadales,Armatimonadaceae,NA,Armatimonadaceae,ASV1349_Armatimonadaceae
ASV1350,0.237786051,0.632432747,0.375986305,0.710230175,0.842690281,FALSE,TRUE,BONCAT,Bacteria,Bacteroidota,Bacteroidia,Chitinophagales,Chitinophagaceae,Segetibacter,Segetibacter,ASV1350_Segetibacter
ASV1353,-0.718870472,0.482180137,-1.490875332,0.149021498,0.349028349,FALSE,TRUE,BONCAT,Bacteria,Chloroflexota,Chloroflexia,Thermomicrobiales,JG30-KF-CM45,NA,JG30-KF-CM45,ASV1353_JG30-KF-CM45
ASV1354,0.130354218,0.581806513,0.224050806,0.824614132,0.903059871,FALSE,TRUE,BONCAT,Bacteria,Abditibacteriota,Abditibacteriia,Abditibacteriales,Abditibacteriaceae,Abditibacterium,Abditibacterium,ASV1354_Abditibacterium
ASV1356,-0.101796419,0.712001949,-0.142972107,0.887505797,0.942061586,FALSE,TRUE,BONCAT,Bacteria,Planctomycetota,Planctomycetes,Gemmatales,Gemmataceae,Gemmata,Gemmata,ASV1356_Gemmata
ASV136,-2.266845187,0.685084441,-3.308855161,0.002947491,0.032761193,TRUE,TRUE,BONCAT,Bacteria,Verrucomicrobiota,Verrucomicrobiia,Verrucomicrobiales,Rubritaleaceae,Luteolibacter,Luteolibacter,ASV136_Luteolibacter
ASV1361,-1.831642328,0.621291159,-2.94812231,0.007017442,0.052899997,FALSE,FALSE,BONCAT,Bacteria,Bacteroidota,Bacteroidia,Cytophagales,Hymenobacteraceae,Adhaeribacter,Adhaeribacter,ASV1361_Adhaeribacter
ASV1365,-0.423595412,0.697657586,-0.607168072,0.549441211,0.723855111,FALSE,TRUE,BONCAT,Bacteria,Actinomycetota,Actinobacteria,Micrococcales,Cellulomonadaceae,Actinotalea,Actinotalea,ASV1365_Actinotalea
ASV1366,-2.220640542,0.584601075,-3.798557065,8.75E-04,0.01627549,TRUE,TRUE,BONCAT,Bacteria,Abditibacteriota,Abditibacteriia,Abditibacteriales,Abditibacteriaceae,Abditibacterium,Abditibacterium,ASV1366_Abditibacterium
ASV1367,0.372615036,0.561746628,0.663315128,0.513450199,0.696494609,FALSE,TRUE,BONCAT,Bacteria,Actinomycetota,Thermoleophilia,Solirubrobacterales,Solirubrobacteraceae,Solirubrobacter,Solirubrobacter,ASV1367_Solirubrobacter
ASV1368,0.331998442,0.500630884,0.663160129,0.513547731,0.696494609,FALSE,TRUE,BONCAT,Bacteria,Planctomycetota,Planctomycetes,Isosphaerales,Isosphaeraceae,Tautonia,Tautonia,ASV1368_Tautonia
ASV137,-0.199101981,0.718132993,-0.277249455,0.783962652,0.887695415,FALSE,TRUE,BONCAT,Bacteria,Bacteroidota,Bacteroidia,Cytophagales,Cytophagaceae,Rhodocytophaga,Rhodocytophaga,ASV137_Rhodocytophaga
ASV1370,0.516527081,0.509615316,1.01356271,0.320901301,0.544615721,FALSE,TRUE,BONCAT,Bacteria,Armatimonadota,Fimbriimonadia,Fimbriimonadales,Fimbriimonadaceae,NA,Fimbriimonadaceae,ASV1370_Fimbriimonadaceae
ASV1372,1.690822685,0.584151661,2.894492643,0.007962551,0.057096613,FALSE,TRUE,BONCAT,Bacteria,Planctomycetota,Planctomycetes,Gemmatales,Gemmataceae,Zavarzinella,Zavarzinella,ASV1372_Zavarzinella
ASV1376,0.24516757,0.541926392,0.45240013,0.65504353,0.801769794,FALSE,TRUE,BONCAT,Bacteria,Planctomycetota,Phycisphaerae,Tepidisphaerales,Tepidisphaeraceae,Tepidisphaera,Tepidisphaera,ASV1376_Tepidisphaera
ASV1381,0.321984523,0.698846198,0.460737318,0.649134882,0.797602834,FALSE,TRUE,BONCAT,Bacteria,Planctomycetota,Planctomycetes,Gemmatales,Gemmataceae,Gemmata,Gemmata,ASV1381_Gemmata
ASV1383,-1.105994641,0.509457307,-2.170927037,0.040051829,0.14803943,FALSE,TRUE,BONCAT,Bacteria,Chloroflexota,Chloroflexia,Kallotenuales,AKIW781,NA,AKIW781,ASV1383_AKIW781
ASV1384,0.54036637,0.627404981,0.861272043,0.397611698,0.608120748,FALSE,TRUE,BONCAT,Bacteria,Armatimonadota,Armatimonadia,Armatimonadales,Armatimonadaceae,NA,Armatimonadaceae,ASV1384_Armatimonadaceae
ASV139,0.338602615,0.675412425,0.501327193,0.620708386,0.782435494,FALSE,TRUE,BONCAT,Bacteria,Chloroflexota,Chloroflexia,Thermomicrobiales,JG30-KF-CM45,NA,JG30-KF-CM45,ASV139_JG30-KF-CM45
ASV1393,-0.500743791,0.54615647,-0.916850423,0.368342872,0.587630228,FALSE,TRUE,BONCAT,Bacteria,Sumerlaeota,Sumerlaeia,Sumerlaeales,Sumerlaeaceae,Sumerlaea,Sumerlaea,ASV1393_Sumerlaea
ASV1395,1.367771349,0.609999232,2.242250936,0.034452023,0.137099204,FALSE,TRUE,BONCAT,Bacteria,Actinomycetota,Acidimicrobiia,Microtrichales,Iamiaceae,Iamia,Iamia,ASV1395_Iamia
ASV14,-2.163569633,0.501335928,-4.315608584,2.37E-04,0.006358622,TRUE,TRUE,BONCAT,Bacteria,Pseudomonadota,Alphaproteobacteria,Hyphomicrobiales,Beijerinckiaceae,NA,Beijerinckiaceae,ASV14_Beijerinckiaceae
ASV140,-0.752490431,0.598937789,-1.256374944,0.221072191,0.438067231,FALSE,TRUE,BONCAT,Bacteria,Actinomycetota,Actinobacteria,Propionibacteriales,Nocardioidaceae,Marmoricola,Marmoricola,ASV140_Marmoricola
ASV1409,-1.805680465,0.571814988,-3.157805413,0.004252961,0.038435642,TRUE,TRUE,BONCAT,Bacteria,Gemmatimonadota,Gemmatimonadia,Gemmatimonadales,Gemmatimonadaceae,Gemmatimonas,Gemmatimonas,ASV1409_Gemmatimonas
ASV1412,0.457882141,0.63009216,0.726690745,0.474444223,0.668786536,FALSE,TRUE,BONCAT,Bacteria,Bacteroidota,Bacteroidia,Chitinophagales,Chitinophagaceae,NA,Chitinophagaceae,ASV1412_Chitinophagaceae
ASV1419,-0.358125977,0.537107702,-0.666767533,0.511280457,0.696216418,FALSE,TRUE,BONCAT,Bacteria,Acidobacteriota,Vicinamibacteria,Vicinamibacterales,Vicinamibacteraceae,NA,Vicinamibacteraceae,ASV1419_Vicinamibacteraceae
ASV1420,1.027993512,0.619371884,1.659735513,0.109979785,0.284136006,FALSE,TRUE,BONCAT,Bacteria,Verrucomicrobiota,Verrucomicrobiia,Pedosphaerales,Pedosphaeraceae,NA,Pedosphaeraceae,ASV1420_Pedosphaeraceae
ASV1423,-1.073114332,0.459489987,-2.335446611,0.028207928,0.119636756,FALSE,TRUE,BONCAT,Bacteria,Planctomycetota,Phycisphaerae,Tepidisphaerales,WD2101 Bulk group,NA,WD2101_Bulk_group,ASV1423_WD2101_Bulk_group
ASV1426,0.878619763,0.521511562,1.684756056,0.104997632,0.27817181,FALSE,TRUE,BONCAT,Bacteria,Planctomycetota,Phycisphaerae,Tepidisphaerales,WD2101 Bulk group,NA,WD2101_Bulk_group,ASV1426_WD2101_Bulk_group
ASV1427,-0.471569286,0.587603897,-0.8025292,0.430122772,0.633448629,FALSE,TRUE,BONCAT,Bacteria,Bacteroidota,Bacteroidia,Chitinophagales,Chitinophagaceae,Flavisolibacter,Flavisolibacter,ASV1427_Flavisolibacter
ASV143,0.246835527,0.798494906,0.309125988,0.759893403,0.876844977,FALSE,TRUE,BONCAT,Bacteria,Chloroflexota,Chloroflexia,Thermomicrobiales,JG30-KF-CM45,NA,JG30-KF-CM45,ASV143_JG30-KF-CM45
ASV1430,-0.599741802,0.833743335,-0.719336248,0.478880271,0.672100468,FALSE,TRUE,BONCAT,Bacteria,Bacillota,Bacilli,Paenibacillales,Paenibacillaceae,Paenibacillus,Paenibacillus,ASV1430_Paenibacillus
ASV1435,-0.255304751,0.620206684,-0.41164463,0.684253063,0.815872642,FALSE,TRUE,BONCAT,Bacteria,Pseudomonadota,Alphaproteobacteria,Hyphomicrobiales,Beijerinckiaceae,Microvirga,Microvirga,ASV1435_Microvirga
ASV1439,-0.196801966,0.544655302,-0.361333059,0.721012004,0.851304772,FALSE,TRUE,BONCAT,Bacteria,Actinomycetota,Thermoleophilia,Solirubrobacterales,Solirubrobacteraceae,Parviterribacter,Parviterribacter,ASV1439_Parviterribacter
ASV1445,0.269194518,0.648502804,0.415101548,0.681755068,0.814903771,FALSE,TRUE,BONCAT,Bacteria,Armatimonadota,Armatimonadia,Armatimonadales,Armatimonadaceae,NA,Armatimonadaceae,ASV1445_Armatimonadaceae
ASV1449,0.100177242,0.563820177,0.177675874,0.860468635,0.925926123,FALSE,TRUE,BONCAT,Bacteria,Pseudomonadota,Alphaproteobacteria,Hyphomicrobiales,Beijerinckiaceae,NA,Beijerinckiaceae,ASV1449_Beijerinckiaceae
ASV145,-0.891437191,0.713370361,-1.249613441,0.223490261,0.441953133,FALSE,TRUE,BONCAT,Bacteria,Actinomycetota,Actinobacteria,Micromonosporales,Micromonosporaceae,Mangrovihabitans,Mangrovihabitans,ASV145_Mangrovihabitans
ASV1450,0.610876566,0.602763688,1.013459468,0.32094958,0.544615721,FALSE,TRUE,BONCAT,Bacteria,Planctomycetota,Planctomycetes,Gemmatales,Gemmataceae,Fimbriiglobus,Fimbriiglobus,ASV1450_Fimbriiglobus
ASV146,1.812137541,0.659081741,2.749488307,0.011161002,0.06830816,FALSE,TRUE,BONCAT,Bacteria,Gemmatimonadota,Longimicrobiia,Longimicrobiales,Longimicrobiaceae,NA,Longimicrobiaceae,ASV146_Longimicrobiaceae
ASV1460,-1.591828974,0.584838859,-2.721824911,0.011895399,0.069714248,FALSE,TRUE,BONCAT,Bacteria,Pseudomonadota,Alphaproteobacteria,Rhodobacterales,Paracoccaceae,Pararhodobacter,Pararhodobacter,ASV1460_Pararhodobacter
ASV1461,-0.818989944,0.68436371,-1.196717377,0.243104942,0.468291792,FALSE,TRUE,BONCAT,Bacteria,Abditibacteriota,Abditibacteriia,Abditibacteriales,Abditibacteriaceae,Abditibacterium,Abditibacterium,ASV1461_Abditibacterium
ASV1465,-0.387582909,0.791071761,-0.489946587,0.628620589,0.784442485,FALSE,TRUE,BONCAT,Bacteria,Planctomycetota,Planctomycetes,Isosphaerales,Isosphaeraceae,Tautonia,Tautonia,ASV1465_Tautonia
ASV1470,0.9347438,0.560026903,1.669105172,0.108091273,0.2802259,FALSE,TRUE,BONCAT,Bacteria,Bacteroidota,Bacteroidia,Flavobacteriales,Flavobacteriaceae,Flavobacterium,Flavobacterium,ASV1470_Flavobacterium
ASV1471,-0.574885689,0.628527908,-0.914654197,0.369471746,0.587630228,FALSE,TRUE,BONCAT,Bacteria,Pseudomonadota,Alphaproteobacteria,Hyphomicrobiales,Beijerinckiaceae,Microvirga,Microvirga,ASV1471_Microvirga
ASV1475,-0.846402533,0.623859977,-1.356718758,0.187495891,0.400239573,FALSE,TRUE,BONCAT,Bacteria,Acidobacteriota,Blastocatellia,Blastocatellales,Blastocatellaceae,NA,Blastocatellaceae,ASV1475_Blastocatellaceae
ASV1479,-0.104407516,0.614749667,-0.16983745,0.866561481,0.927368596,FALSE,TRUE,BONCAT,Bacteria,Actinomycetota,Actinobacteria,Micrococcales,Intrasporangiaceae,Pedococcus-Phycicoccus,Pedococcus-Phycicoccus,ASV1479_Pedococcus-Phycicoccus
ASV148,-1.235831894,0.880113565,-1.404173216,0.173076512,0.382159554,FALSE,TRUE,BONCAT,Bacteria,Chloroflexota,Anaerolineae,Ardenticatenales,Ardenticatenaceae,NA,Ardenticatenaceae,ASV148_Ardenticatenaceae
ASV1481,0.726555444,0.56497915,1.285986295,0.210717031,0.425797823,FALSE,TRUE,BONCAT,Bacteria,Actinomycetota,Acidimicrobiia,Microtrichales,Iamiaceae,Aquihabitans,Aquihabitans,ASV1481_Aquihabitans
ASV1490,0.436964163,0.522368024,0.836506338,0.411122025,0.615410215,FALSE,TRUE,BONCAT,Bacteria,Actinomycetota,Thermoleophilia,Solirubrobacterales,Solirubrobacteraceae,Baekduia,Baekduia,ASV1490_Baekduia
ASV1491,0.45020173,0.58238945,0.773025216,0.447054536,0.650824434,FALSE,TRUE,BONCAT,Bacteria,Planctomycetota,Phycisphaerae,Tepidisphaerales,WD2101 Bulk group,NA,WD2101_Bulk_group,ASV1491_WD2101_Bulk_group
ASV1497,-0.903984242,0.601531943,-1.50280339,0.145934945,0.346362827,FALSE,TRUE,BONCAT,Bacteria,Planctomycetota,Phycisphaerae,Tepidisphaerales,WD2101 Bulk group,NA,WD2101_Bulk_group,ASV1497_WD2101_Bulk_group
ASV1498,-1.839316522,0.569940532,-3.227207788,0.003595592,0.037025517,TRUE,TRUE,BONCAT,Bacteria,Verrucomicrobiota,Verrucomicrobiia,Chthoniobacterales,Chthoniobacteraceae,Chthoniobacter,Chthoniobacter,ASV1498_Chthoniobacter
ASV15,0.74810512,0.502113968,1.489910991,0.149273334,0.349028349,FALSE,TRUE,BONCAT,Bacteria,Verrucomicrobiota,Verrucomicrobiia,Chthoniobacterales,Chthoniobacteraceae,NA,Chthoniobacteraceae,ASV15_Chthoniobacteraceae
ASV1501,0.529136437,0.747570785,0.707807805,0.485882184,0.676757203,FALSE,TRUE,BONCAT,Bacteria,Planctomycetota,Planctomycetes,Gemmatales,Gemmataceae,Gemmata,Gemmata,ASV1501_Gemmata
ASV1503,1.530455768,0.45107319,3.392921151,0.002398963,0.029364521,TRUE,TRUE,BONCAT,Bacteria,Bacteroidota,Bacteroidia,Cytophagales,MWH-CFBk5,NA,MWH-CFBk5,ASV1503_MWH-CFBk5
ASV151,2.47755995,0.721957791,3.431724102,0.002180564,0.027581554,FALSE,FALSE,BONCAT,Bacteria,Bacteroidota,Bacteroidia,Cytophagales,Hymenobacteraceae,Adhaeribacter,Adhaeribacter,ASV151_Adhaeribacter
ASV1511,1.486206983,0.545229512,2.725837377,0.011786124,0.069658382,FALSE,TRUE,BONCAT,Bacteria,Planctomycetota,Phycisphaerae,Tepidisphaerales,Tepidisphaeraceae,NA,Tepidisphaeraceae,ASV1511_Tepidisphaeraceae
ASV1513,-2.077640144,0.644539455,-3.223449125,0.003628529,0.037025517,TRUE,TRUE,BONCAT,Bacteria,Armatimonadota,Armatimonadia,Armatimonadales,Armatimonadaceae,NA,Armatimonadaceae,ASV1513_Armatimonadaceae
ASV1515,-1.026149436,0.589638235,-1.740303418,0.094614902,0.259185865,FALSE,TRUE,BONCAT,Bacteria,Verrucomicrobiota,Verrucomicrobiia,Chthoniobacterales,Chthoniobacteraceae,Chthoniobacter,Chthoniobacter,ASV1515_Chthoniobacter
ASV1517,-1.523680606,0.549891194,-2.770876535,0.010622751,0.066648551,FALSE,TRUE,BONCAT,Bacteria,Bacteroidota,Bacteroidia,Chitinophagales,Chitinophagaceae,Cnuella,Cnuella,ASV1517_Cnuella
ASV1518,-1.087618341,0.505067895,-2.153410167,0.04154718,0.151038057,FALSE,TRUE,BONCAT,Bacteria,Acidobacteriota,Acidobacteriae,Bryobacterales,Bryobacteraceae,Bryobacter,Bryobacter,ASV1518_Bryobacter
ASV152,-3.95422469,0.802707206,-4.926110864,5.01E-05,0.002019994,TRUE,TRUE,BONCAT,Bacteria,Deinococcota,Deinococci,Deinococcales,Deinococcaceae,Deinococcus,Deinococcus,ASV152_Deinococcus
ASV1526,-1.351831116,0.524652775,-2.576620537,0.016555202,0.089435086,FALSE,TRUE,BONCAT,Bacteria,Gemmatimonadota,Gemmatimonadia,Gemmatimonadales,Gemmatimonadaceae,Roseisolibacter,Roseisolibacter,ASV1526_Roseisolibacter
ASV1527,0.087034877,0.571594987,0.15226669,0.880249436,0.936414966,FALSE,TRUE,BONCAT,Bacteria,Pseudomonadota,Gammaproteobacteria,Burkholderiales,Comamonadaceae,Aquabacterium,Aquabacterium,ASV1527_Aquabacterium
ASV153,-0.672703798,0.691141232,-0.973323203,0.340101316,0.566055031,FALSE,TRUE,BONCAT,Bacteria,Bacteroidota,Bacteroidia,Chitinophagales,Chitinophagaceae,Segetibacter,Segetibacter,ASV153_Segetibacter
ASV1530,0.623882438,0.592055696,1.053756331,0.302488258,0.527038101,FALSE,TRUE,BONCAT,Bacteria,Verrucomicrobiota,Verrucomicrobiia,Chthoniobacterales,Chthoniobacteraceae,Chthoniobacter,Chthoniobacter,ASV1530_Chthoniobacter
ASV1531,-0.406794412,0.653240436,-0.622733055,0.539332598,0.718367249,FALSE,TRUE,BONCAT,Bacteria,Myxococcota,Polyangiia,Polyangiales,Polyangiaceae,Pajaroellobacter,Pajaroellobacter,ASV1531_Pajaroellobacter
ASV1533,-1.809014882,0.710215703,-2.547134448,0.017689556,0.094507187,FALSE,TRUE,BONCAT,Bacteria,Deinococcota,Deinococci,Deinococcales,Deinococcaceae,NA,Deinococcaceae,ASV1533_Deinococcaceae
ASV1535,-1.146295156,0.594120531,-1.929398321,0.065585996,0.200068321,FALSE,TRUE,BONCAT,Bacteria,Planctomycetota,Phycisphaerae,Tepidisphaerales,WD2101 Bulk group,NA,WD2101_Bulk_group,ASV1535_WD2101_Bulk_group
ASV155,-4.010671156,0.483683616,-8.291930964,1.66E-08,8.04E-06,TRUE,TRUE,BONCAT,Bacteria,Bacteroidota,Bacteroidia,Cytophagales,Cytophagaceae,Siphonobacter,Siphonobacter,ASV155_Siphonobacter
ASV1552,-0.482313922,0.698334546,-0.690663129,0.496403307,0.681849429,FALSE,TRUE,BONCAT,Bacteria,Myxococcota,Polyangiia,Haliangiales,Haliangiaceae,NA,Haliangiaceae,ASV1552_Haliangiaceae
ASV1554,-0.407061044,0.596740966,-0.68214027,0.501681235,0.685205868,FALSE,TRUE,BONCAT,Bacteria,Planctomycetota,Planctomycetes,Gemmatales,Gemmataceae,Gemmata,Gemmata,ASV1554_Gemmata
ASV1555,0.00731999,0.595245642,0.012297427,0.990289975,0.99131512,FALSE,TRUE,BONCAT,Bacteria,Pseudomonadota,Alphaproteobacteria,Sphingomonadales,Sphingomonadaceae,Sphingomonas,Sphingomonas,ASV1555_Sphingomonas
ASV1560,0.517457789,0.615736572,0.840388264,0.408985366,0.615410215,FALSE,TRUE,BONCAT,Bacteria,Actinomycetota,Thermoleophilia,Solirubrobacterales,67-14,NA,67-14,ASV1560_67-14
ASV1562,-1.511603024,0.6010097,-2.515105869,0.019003493,0.09779382,FALSE,TRUE,BONCAT,Bacteria,Armatimonadota,Chthonomonadia,Chthonomonadales,Chthonomonadaceae,Chthonomonas,Chthonomonas,ASV1562_Chthonomonas
ASV1563,-1.254944931,0.52398167,-2.395016852,0.024778631,0.111618143,FALSE,TRUE,BONCAT,Bacteria,Abditibacteriota,Abditibacteriia,Abditibacteriales,Abditibacteriaceae,Abditibacterium,Abditibacterium,ASV1563_Abditibacterium
ASV157,2.358557291,0.672536774,3.506956621,0.001810926,0.024623014,FALSE,FALSE,BONCAT,Bacteria,Verrucomicrobiota,Verrucomicrobiia,Chthoniobacterales,Chthoniobacteraceae,Chthoniobacter,Chthoniobacter,ASV157_Chthoniobacter
ASV1572,0.457702624,0.638904007,0.716387155,0.480665836,0.67214245,FALSE,TRUE,BONCAT,Bacteria,Chloroflexota,Anaerolineae,Ardenticatenales,Ardenticatenaceae,NA,Ardenticatenaceae,ASV1572_Ardenticatenaceae
ASV1576,0.200665834,0.736498,0.272459442,0.787599228,0.888691311,FALSE,TRUE,BONCAT,Bacteria,Planctomycetota,Planctomycetes,Isosphaerales,Isosphaeraceae,Tautonia,Tautonia,ASV1576_Tautonia
ASV158,-1.583982509,0.767367921,-2.064176084,0.049971578,0.164923262,FALSE,TRUE,BONCAT,Bacteria,Bacteroidota,Bacteroidia,Cytophagales,Cytophagaceae,Rhodocytophaga,Rhodocytophaga,ASV158_Rhodocytophaga
ASV1581,0.834836283,0.70618938,1.182170543,0.248718648,0.470200035,FALSE,TRUE,BONCAT,Bacteria,Armatimonadota,Armatimonadia,Armatimonadales,Armatimonadaceae,NA,Armatimonadaceae,ASV1581_Armatimonadaceae
ASV1586,0.931938777,0.518985611,1.795692901,0.08514582,0.238655096,FALSE,TRUE,BONCAT,Bacteria,Bacteroidota,Bacteroidia,Chitinophagales,Chitinophagaceae,Flavisolibacter,Flavisolibacter,ASV1586_Flavisolibacter
ASV1588,-0.573730313,0.659250102,-0.87027717,0.3927705,0.604791519,FALSE,TRUE,BONCAT,Bacteria,Sumerlaeota,Sumerlaeia,Sumerlaeales,Sumerlaeaceae,Sumerlaea,Sumerlaea,ASV1588_Sumerlaea
ASV1589,-1.077574224,0.598068694,-1.801756611,0.084160395,0.237268519,FALSE,TRUE,BONCAT,Bacteria,Acidobacteriota,Vicinamibacteria,Vicinamibacterales,Vicinamibacteraceae,NA,Vicinamibacteraceae,ASV1589_Vicinamibacteraceae
ASV159,-0.399090556,0.652787093,-0.611364042,0.546706398,0.723855111,FALSE,TRUE,BONCAT,Bacteria,Pseudomonadota,Alphaproteobacteria,Hyphomicrobiales,Beijerinckiaceae,Microvirga,Microvirga,ASV159_Microvirga
ASV1591,0.286813927,0.679694483,0.421974776,0.676799449,0.814675301,FALSE,TRUE,BONCAT,Bacteria,Myxococcota,Polyangiia,Polyangiales,Phaselicystaceae,Phaselicystis,Phaselicystis,ASV1591_Phaselicystis
ASV1595,0.163095356,0.563198379,0.289587758,0.774618685,0.884363953,FALSE,TRUE,BONCAT,Bacteria,Pseudomonadota,Alphaproteobacteria,Caulobacterales,Caulobacteraceae,PMMR1,PMMR1,ASV1595_PMMR1
ASV16,1.232350877,0.439020269,2.807047793,0.009767899,0.063821341,FALSE,TRUE,BONCAT,Bacteria,Verrucomicrobiota,Verrucomicrobiia,Chthoniobacterales,Chthoniobacteraceae,Chthoniobacter,Chthoniobacter,ASV16_Chthoniobacter
ASV160,1.317060044,0.97764843,1.347171441,0.190507908,0.403993744,FALSE,TRUE,BONCAT,Bacteria,Pseudomonadota,Alphaproteobacteria,Sphingomonadales,Sphingomonadaceae,NA,Sphingomonadaceae,ASV160_Sphingomonadaceae
ASV1600,0.281481785,0.63528391,0.443080299,0.661675873,0.805844546,FALSE,TRUE,BONCAT,Bacteria,Pseudomonadota,Alphaproteobacteria,Rhodobacterales,Paracoccaceae,Rubellimicrobium,Rubellimicrobium,ASV1600_Rubellimicrobium
ASV1603,-1.261669763,0.540736426,-2.33324352,0.028342724,0.119636756,FALSE,TRUE,BONCAT,Bacteria,Chloroflexota,Chloroflexia,Chloroflexales,Chloroflexaceae,FFCH7168,FFCH7168,ASV1603_FFCH7168
ASV1607,-2.80661278,0.625380576,-4.487847702,1.53E-04,0.004765113,TRUE,TRUE,BONCAT,Bacteria,Pseudomonadota,Alphaproteobacteria,Caulobacterales,Caulobacteraceae,Caulobacter,Caulobacter,ASV1607_Caulobacter
ASV1609,-0.733745195,0.569255442,-1.28895596,0.20969945,0.425113978,FALSE,TRUE,BONCAT,Bacteria,Chloroflexota,Chloroflexia,Kallotenuales,AKIW781,NA,AKIW781,ASV1609_AKIW781
ASV1610,-1.015849681,0.508809682,-1.996521914,0.057340968,0.181196745,FALSE,TRUE,BONCAT,Bacteria,Hydrogenedentes,Hydrogenedentia,Hydrogenedentiales,Hydrogenedensaceae,NA,Hydrogenedensaceae,ASV1610_Hydrogenedensaceae
ASV1613,1.010946861,0.605369912,1.669965488,0.107919246,0.2802259,FALSE,TRUE,BONCAT,Bacteria,Actinomycetota,Thermoleophilia,Gaiellales,Gaiellaceae,Gaiella,Gaiella,ASV1613_Gaiella
ASV1616,0.441733186,0.536522358,0.823326706,0.41842869,0.624109893,FALSE,TRUE,BONCAT,Bacteria,Planctomycetota,Phycisphaerae,Tepidisphaerales,WD2101 Bulk group,NA,WD2101_Bulk_group,ASV1616_WD2101_Bulk_group
ASV1618,-1.241012619,0.749480101,-1.655831313,0.110774844,0.284136006,FALSE,TRUE,BONCAT,Bacteria,Pseudomonadota,Alphaproteobacteria,Caulobacterales,Caulobacteraceae,Caulobacter,Caulobacter,ASV1618_Caulobacter
ASV1623,-0.185578452,0.53689637,-0.345650413,0.73261691,0.857676214,FALSE,TRUE,BONCAT,Bacteria,Planctomycetota,Planctomycetes,Pirellulales,Pirellulaceae,Pirellula,Pirellula,ASV1623_Pirellula
ASV1624,-0.127697887,0.552836194,-0.230986842,0.819282851,0.900509257,FALSE,TRUE,BONCAT,Bacteria,Myxococcota,Polyangiia,Polyangiales,BIrii41,NA,BIrii41,ASV1624_BIrii41
ASV1626,-0.533286934,0.596430017,-0.894131614,0.380130844,0.596731374,FALSE,TRUE,BONCAT,Bacteria,Gemmatimonadota,Gemmatimonadia,Gemmatimonadales,Gemmatimonadaceae,Gemmatimonas,Gemmatimonas,ASV1626_Gemmatimonas
ASV1630,-1.390005027,0.582071527,-2.388031302,0.025159928,0.111618143,FALSE,TRUE,BONCAT,Bacteria,Actinomycetota,Actinobacteria,Micromonosporales,Micromonosporaceae,Actinoplanes,Actinoplanes,ASV1630_Actinoplanes
ASV1631,-0.914428776,0.558702803,-1.636699818,0.114740869,0.290456597,FALSE,TRUE,BONCAT,Bacteria,Planctomycetota,Phycisphaerae,Tepidisphaerales,WD2101 Bulk group,NA,WD2101_Bulk_group,ASV1631_WD2101_Bulk_group
ASV1632,-0.423581529,0.65621119,-0.645495742,0.524729806,0.706704349,FALSE,TRUE,BONCAT,Bacteria,Sumerlaeota,Sumerlaeia,Sumerlaeales,Sumerlaeaceae,Sumerlaea,Sumerlaea,ASV1632_Sumerlaea
ASV1634,-1.04173216,0.514502145,-2.024738226,0.054157793,0.173988657,FALSE,TRUE,BONCAT,Bacteria,Pseudomonadota,Alphaproteobacteria,Acetobacterales,Acetobacteraceae,NA,Acetobacteraceae,ASV1634_Acetobacteraceae
ASV1635,-0.501463326,0.614551259,-0.815982912,0.422535081,0.627659673,FALSE,TRUE,BONCAT,Bacteria,Planctomycetota,Phycisphaerae,Tepidisphaerales,WD2101 Bulk group,NA,WD2101_Bulk_group,ASV1635_WD2101_Bulk_group
ASV1636,-0.503453278,0.578207478,-0.870713882,0.392536692,0.604791519,FALSE,TRUE,BONCAT,Bacteria,Acidobacteriota,Vicinamibacteria,Vicinamibacterales,Vicinamibacteraceae,NA,Vicinamibacteraceae,ASV1636_Vicinamibacteraceae
ASV1643,0.382105264,0.583193137,0.655195062,0.518573474,0.7023257,FALSE,TRUE,BONCAT,Bacteria,Verrucomicrobiota,Verrucomicrobiia,Chthoniobacterales,Chthoniobacteraceae,NA,Chthoniobacteraceae,ASV1643_Chthoniobacteraceae
ASV1648,-0.016663058,0.429765467,-0.038772445,0.969392538,0.986002349,FALSE,TRUE,BONCAT,Bacteria,Chloroflexota,Chloroflexia,Thermomicrobiales,JG30-KF-CM45,NA,JG30-KF-CM45,ASV1648_JG30-KF-CM45
ASV1652,0.230942775,0.498843859,0.462956035,0.647566382,0.797376632,FALSE,TRUE,BONCAT,Bacteria,Gemmatimonadota,Gemmatimonadia,Gemmatimonadales,Gemmatimonadaceae,NA,Gemmatimonadaceae,ASV1652_Gemmatimonadaceae
ASV1654,1.063409419,0.630682145,1.686125774,0.104730477,0.27817181,FALSE,TRUE,BONCAT,Bacteria,Acidobacteriota,Blastocatellia,Blastocatellales,Blastocatellaceae,NA,Blastocatellaceae,ASV1654_Blastocatellaceae
ASV1658,-0.51572348,0.542241893,-0.951094864,0.351036878,0.574369986,FALSE,TRUE,BONCAT,Bacteria,Acidobacteriota,Acidobacteriae,Bryobacterales,Bryobacteraceae,Bryobacter,Bryobacter,ASV1658_Bryobacter
ASV166,1.598534611,0.662803957,2.411775901,0.023885451,0.111618143,FALSE,TRUE,BONCAT,Bacteria,Pseudomonadota,Alphaproteobacteria,Sphingomonadales,Sphingomonadaceae,Altererythrobacter,Altererythrobacter,ASV166_Altererythrobacter
ASV1669,-1.476120239,0.651643477,-2.265226756,0.032805557,0.133289804,FALSE,TRUE,BONCAT,Bacteria,Chloroflexota,Chloroflexia,Kallotenuales,AKIW781,NA,AKIW781,ASV1669_AKIW781
ASV1677,-0.508820241,0.719884652,-0.706808014,0.486492182,0.676757203,FALSE,TRUE,BONCAT,Bacteria,Armatimonadota,Armatimonadia,Armatimonadales,Armatimonadaceae,NA,Armatimonadaceae,ASV1677_Armatimonadaceae
ASV1687,0.994885725,0.528556316,1.882270052,0.071979487,0.212207817,FALSE,TRUE,BONCAT,Bacteria,Planctomycetota,Planctomycetes,Gemmatales,Gemmataceae,NA,Gemmataceae,ASV1687_Gemmataceae
ASV169,-0.486254594,0.803456136,-0.60520366,0.55072402,0.724557997,FALSE,TRUE,BONCAT,Bacteria,Gemmatimonadota,Gemmatimonadia,Gemmatimonadales,Gemmatimonadaceae,Roseisolibacter,Roseisolibacter,ASV169_Roseisolibacter
ASV1692,-0.65186086,0.760939809,-0.85665233,0.400110063,0.609301466,FALSE,TRUE,BONCAT,Bacteria,Actinomycetota,Thermoleophilia,Solirubrobacterales,Solirubrobacteraceae,NA,Solirubrobacteraceae,ASV1692_Solirubrobacteraceae
ASV1694,0.16440451,0.581972223,0.282495459,0.779985639,0.886563929,FALSE,TRUE,BONCAT,Bacteria,Abditibacteriota,Abditibacteriia,Abditibacteriales,Abditibacteriaceae,Abditibacterium,Abditibacterium,ASV1694_Abditibacterium
ASV1698,0.563670181,0.510572153,1.103997109,0.280540758,0.503898101,FALSE,TRUE,BONCAT,Bacteria,Gemmatimonadota,Longimicrobiia,Longimicrobiales,Longimicrobiaceae,NA,Longimicrobiaceae,ASV1698_Longimicrobiaceae
ASV1706,-1.432569893,0.700408656,-2.045334363,0.051934237,0.169663537,FALSE,TRUE,BONCAT,Bacteria,Chloroflexota,Chloroflexia,Kallotenuales,AKIW781,NA,AKIW781,ASV1706_AKIW781
ASV1708,-0.875591693,0.576983268,-1.517533943,0.142195224,0.342899705,FALSE,TRUE,BONCAT,Bacteria,Gemmatimonadota,Longimicrobiia,Longimicrobiales,Longimicrobiaceae,NA,Longimicrobiaceae,ASV1708_Longimicrobiaceae
ASV1709,-0.979877126,0.711323271,-1.37754122,0.181056535,0.392167172,FALSE,TRUE,BONCAT,Bacteria,Deinococcota,Deinococci,Deinococcales,Deinococcaceae,NA,Deinococcaceae,ASV1709_Deinococcaceae
ASV1714,0.099473513,0.569194035,0.174762043,0.86273256,0.925926123,FALSE,TRUE,BONCAT,Bacteria,Gemmatimonadota,Gemmatimonadia,Gemmatimonadales,Gemmatimonadaceae,NA,Gemmatimonadaceae,ASV1714_Gemmatimonadaceae
ASV1715,0.119672964,0.711895875,0.168104589,0.867909596,0.927368596,FALSE,TRUE,BONCAT,Bacteria,Armatimonadota,Armatimonadia,Armatimonadales,Armatimonadaceae,NA,Armatimonadaceae,ASV1715_Armatimonadaceae
ASV172,-1.194094511,0.69232118,-1.72476958,0.097426541,0.26389766,FALSE,TRUE,BONCAT,Bacteria,Pseudomonadota,Alphaproteobacteria,Hyphomicrobiales,Beijerinckiaceae,Microvirga,Microvirga,ASV172_Microvirga
ASV1720,-0.621860378,0.590105055,-1.053813,0.302462836,0.527038101,FALSE,TRUE,BONCAT,Bacteria,Acidobacteriota,Vicinamibacteria,Vicinamibacterales,Vicinamibacteraceae,NA,Vicinamibacteraceae,ASV1720_Vicinamibacteraceae
ASV1722,-1.17995242,0.489426954,-2.410885651,0.023932141,0.111618143,FALSE,TRUE,BONCAT,Bacteria,Bacteroidota,Bacteroidia,Chitinophagales,Chitinophagaceae,NA,Chitinophagaceae,ASV1722_Chitinophagaceae
ASV1731,-0.053091958,0.624934894,-0.084955983,0.933001116,0.964509535,FALSE,TRUE,BONCAT,Bacteria,Planctomycetota,Planctomycetes,Gemmatales,Gemmataceae,Gemmata,Gemmata,ASV1731_Gemmata
ASV1732,0.371575007,0.581025461,0.639515877,0.528545083,0.70986541,FALSE,TRUE,BONCAT,Bacteria,Planctomycetota,Phycisphaerae,Tepidisphaerales,Tepidisphaeraceae,Tepidisphaera,Tepidisphaera,ASV1732_Tepidisphaera
ASV1733,0.077511801,0.554184874,0.139866323,0.889932779,0.943569806,FALSE,TRUE,BONCAT,Bacteria,Verrucomicrobiota,Verrucomicrobiia,Verrucomicrobiales,Verrucomicrobiaceae,NA,Verrucomicrobiaceae,ASV1733_Verrucomicrobiaceae
ASV174,2.05024142,0.646621615,3.170697317,0.004122672,0.038435642,FALSE,FALSE,BONCAT,Bacteria,Bacteroidota,Bacteroidia,Cytophagales,Hymenobacteraceae,Adhaeribacter,Adhaeribacter,ASV174_Adhaeribacter
ASV1741,-1.322604586,0.587760197,-2.250245242,0.033870814,0.136020907,FALSE,TRUE,BONCAT,Bacteria,Bacteroidota,Bacteroidia,Cytophagales,Hymenobacteraceae,Hymenobacter,Hymenobacter,ASV1741_Hymenobacter
ASV1742,0.445174409,0.531850684,0.83702893,0.410833974,0.615410215,FALSE,TRUE,BONCAT,Bacteria,Myxococcota,Polyangiia,Polyangiales,BIrii41,NA,BIrii41,ASV1742_BIrii41
ASV1747,0.524594636,0.55016694,0.953519012,0.349832887,0.574369986,FALSE,TRUE,BONCAT,Bacteria,Bacteroidota,Bacteroidia,Chitinophagales,Chitinophagaceae,Flavisolibacter,Flavisolibacter,ASV1747_Flavisolibacter
ASV1764,-0.567018085,0.433027318,-1.309427977,0.20278724,0.418113564,FALSE,TRUE,BONCAT,Bacteria,Bacteroidota,Bacteroidia,Cytophagales,Spirosomataceae,NA,Spirosomataceae,ASV1764_Spirosomataceae
ASV1765,-1.487766244,0.544914739,-2.730273449,0.011666414,0.069658382,FALSE,TRUE,BONCAT,Bacteria,Sumerlaeota,Sumerlaeia,Sumerlaeales,Sumerlaeaceae,Sumerlaea,Sumerlaea,ASV1765_Sumerlaea
ASV1766,-0.839733295,0.565414678,-1.485163593,0.150518144,0.349043274,FALSE,TRUE,BONCAT,Bacteria,Bacillota,Clostridia,Peptostreptococcales-Tissierellales,Peptostreptococcaceae,Sporacetigenium,Sporacetigenium,ASV1766_Sporacetigenium
ASV1769,0.604893666,0.531066531,1.139016736,0.2659379,0.487973338,FALSE,TRUE,BONCAT,Bacteria,Chloroflexota,Chloroflexia,Kallotenuales,AKIW781,NA,AKIW781,ASV1769_AKIW781
ASV1788,-0.698152554,0.605682803,-1.15267026,0.260397795,0.483310302,FALSE,TRUE,BONCAT,Bacteria,Planctomycetota,Phycisphaerae,Tepidisphaerales,WD2101 Bulk group,NA,WD2101_Bulk_group,ASV1788_WD2101_Bulk_group
ASV1789,-1.885604343,0.706211394,-2.670028207,0.013394428,0.077145106,FALSE,TRUE,BONCAT,Bacteria,Pseudomonadota,Gammaproteobacteria,Burkholderiales,Oxalobacteraceae,Massilia,Massilia,ASV1789_Massilia
ASV1799,0.157518779,0.618742707,0.254578805,0.801217126,0.892600185,FALSE,TRUE,BONCAT,Bacteria,Sumerlaeota,Sumerlaeia,Sumerlaeales,Sumerlaeaceae,Sumerlaea,Sumerlaea,ASV1799_Sumerlaea
ASV1800,0.608348489,0.535442261,1.136160765,0.267107587,0.489191358,FALSE,TRUE,BONCAT,Bacteria,Chloroflexota,Chloroflexia,Kallotenuales,AKIW781,NA,AKIW781,ASV1800_AKIW781
ASV1809,-0.210417535,0.510156578,-0.412456771,0.683665872,0.815872642,FALSE,TRUE,BONCAT,Bacteria,Pseudomonadota,Alphaproteobacteria,Acetobacterales,Acetobacteraceae,Rhodovarius,Rhodovarius,ASV1809_Rhodovarius
ASV1810,-0.635947933,0.499259573,-1.273782151,0.21493879,0.430322588,FALSE,TRUE,BONCAT,Bacteria,Abditibacteriota,Abditibacteriia,Abditibacteriales,Abditibacteriaceae,Abditibacterium,Abditibacterium,ASV1810_Abditibacterium
ASV1812,0.614283079,0.560135844,1.096668042,0.283668916,0.504242357,FALSE,TRUE,BONCAT,Bacteria,Chloroflexota,Chloroflexia,Thermomicrobiales,AKYG1722,NA,AKYG1722,ASV1812_AKYG1722
ASV1815,0.636365577,0.536920425,1.185213948,0.247536272,0.470200035,FALSE,TRUE,BONCAT,Bacteria,Abditibacteriota,Abditibacteriia,Abditibacteriales,Abditibacteriaceae,Abditibacterium,Abditibacterium,ASV1815_Abditibacterium
ASV1817,-0.657683854,0.476604297,-1.379936895,0.180327,0.392167172,FALSE,TRUE,BONCAT,Bacteria,Planctomycetota,Planctomycetes,Isosphaerales,Isosphaeraceae,NA,Isosphaeraceae,ASV1817_Isosphaeraceae
ASV1822,-0.154776001,0.665500401,-0.232570861,0.818066554,0.900509257,FALSE,TRUE,BONCAT,Bacteria,Bacteroidota,Bacteroidia,Cytophagales,Hymenobacteraceae,Nibribacter,Nibribacter,ASV1822_Nibribacter
ASV1825,0.269463951,0.550097644,0.489847491,0.628689685,0.784442485,FALSE,TRUE,BONCAT,Bacteria,Planctomycetota,Phycisphaerae,Tepidisphaerales,WD2101 Bulk group,NA,WD2101_Bulk_group,ASV1825_WD2101_Bulk_group
ASV1828,1.13978085,0.562165491,2.027482778,0.053856693,0.173598073,FALSE,TRUE,BONCAT,Bacteria,Pseudomonadota,Alphaproteobacteria,Caulobacterales,Caulobacteraceae,PMMR1,PMMR1,ASV1828_PMMR1
ASV183,-1.425059375,0.744111887,-1.915114379,0.067469142,0.202616957,FALSE,TRUE,BONCAT,Bacteria,Bacteroidota,Bacteroidia,Cytophagales,Spirosomataceae,Fibrella,Fibrella,ASV183_Fibrella
ASV1840,-0.597015079,0.522150061,-1.143378359,0.264158804,0.486555359,FALSE,TRUE,BONCAT,Bacteria,Bacteroidota,Bacteroidia,Cytophagales,Hymenobacteraceae,Hymenobacter,Hymenobacter,ASV1840_Hymenobacter
ASV1843,-0.224064269,0.512892023,-0.436864406,0.666115129,0.808957157,FALSE,TRUE,BONCAT,Bacteria,Actinomycetota,Acidimicrobiia,Microtrichales,Ilumatobacteraceae,CL500-29 marine group,CL500-29_marine_group,ASV1843_CL500-29_marine_group
ASV1848,-0.926007605,0.552947834,-1.674674441,0.106981736,0.279598214,FALSE,TRUE,BONCAT,Bacteria,Gemmatimonadota,Gemmatimonadia,Gemmatimonadales,Gemmatimonadaceae,Gemmatimonas,Gemmatimonas,ASV1848_Gemmatimonas
ASV185,2.317533771,0.800796345,2.894036401,0.007971089,0.057096613,FALSE,TRUE,BONCAT,Bacteria,Pseudomonadota,Alphaproteobacteria,Sphingomonadales,Sphingomonadaceae,NA,Sphingomonadaceae,ASV185_Sphingomonadaceae
ASV1850,0.575670508,0.586341568,0.981800608,0.335992517,0.563093179,FALSE,TRUE,BONCAT,Bacteria,Bacteroidota,Bacteroidia,Sphingobacteriales,Sphingobacteriaceae,NA,Sphingobacteriaceae,ASV1850_Sphingobacteriaceae
ASV1851,-0.394566827,0.623134546,-0.633196843,0.532593026,0.712657717,FALSE,TRUE,BONCAT,Bacteria,Verrucomicrobiota,Verrucomicrobiia,Verrucomicrobiales,Verrucomicrobiaceae,NA,Verrucomicrobiaceae,ASV1851_Verrucomicrobiaceae
ASV186,-0.62997514,0.774581526,-0.813310308,0.424035719,0.627936509,FALSE,TRUE,BONCAT,Bacteria,Actinomycetota,Actinobacteria,Frankiales,Geodermatophilaceae,Blastococcus,Blastococcus,ASV186_Blastococcus
ASV1860,0.021419809,0.54714323,0.039148449,0.969095873,0.986002349,FALSE,TRUE,BONCAT,Bacteria,Planctomycetota,Planctomycetes,Gemmatales,Gemmataceae,Gemmata,Gemmata,ASV1860_Gemmata
ASV1862,0.010899891,0.628428301,0.017344684,0.986305027,0.988349182,FALSE,TRUE,BONCAT,Bacteria,Armatimonadota,Armatimonadia,Armatimonadales,Armatimonadaceae,NA,Armatimonadaceae,ASV1862_Armatimonadaceae
ASV1867,-0.567768262,0.644999338,-0.880261774,0.387447347,0.601921141,FALSE,TRUE,BONCAT,Bacteria,Bacteroidota,Bacteroidia,Chitinophagales,Chitinophagaceae,Flavisolibacter,Flavisolibacter,ASV1867_Flavisolibacter
ASV1868,0.242027417,0.470697133,0.514189273,0.611822101,0.778178241,FALSE,TRUE,BONCAT,Bacteria,Actinomycetota,Actinobacteria,Propionibacteriales,Nocardioidaceae,Nocardioides,Nocardioides,ASV1868_Nocardioides
ASV1870,-0.893807827,0.70694658,-1.264321594,0.218255837,0.435161638,FALSE,TRUE,BONCAT,Bacteria,Armatimonadota,Armatimonadia,Armatimonadales,Armatimonadaceae,NA,Armatimonadaceae,ASV1870_Armatimonadaceae
ASV1872,-0.603514853,0.453639215,-1.330385101,0.195895401,0.409249214,FALSE,TRUE,BONCAT,Bacteria,Myxococcota,Polyangiia,Polyangiales,Polyangiaceae,Jahnella,Jahnella,ASV1872_Jahnella
ASV1879,-0.23977245,0.616849153,-0.388705162,0.70092132,0.832666973,FALSE,TRUE,BONCAT,Bacteria,Chloroflexota,Anaerolineae,Aggregatilineales,A4b,NA,A4b,ASV1879_A4b
ASV1881,0.793375014,0.533708098,1.486533588,0.150158058,0.349043274,FALSE,TRUE,BONCAT,Bacteria,Planctomycetota,Planctomycetes,Gemmatales,Gemmataceae,Gemmata,Gemmata,ASV1881_Gemmata
ASV1889,-1.82665813,0.660397306,-2.765998761,0.010743301,0.066648551,FALSE,TRUE,BONCAT,Bacteria,Chloroflexota,Chloroflexia,Chloroflexales,Roseiflexaceae,NA,Roseiflexaceae,ASV1889_Roseiflexaceae
ASV189,0.661140399,0.652463494,1.013298682,0.321024778,0.544615721,FALSE,TRUE,BONCAT,Bacteria,Acidobacteriota,Blastocatellia,Blastocatellales,Blastocatellaceae,JGI 0001001-H03,JGI_0001001-H03,ASV189_JGI_0001001-H03
ASV1892,-0.921944527,0.546019057,-1.688484158,0.104271833,0.27777097,FALSE,TRUE,BONCAT,Bacteria,Sumerlaeota,Sumerlaeia,Sumerlaeales,Sumerlaeaceae,Sumerlaea,Sumerlaea,ASV1892_Sumerlaea
ASV1897,0.243552328,0.510996732,0.476622085,0.637942188,0.791899995,FALSE,TRUE,BONCAT,Bacteria,Pseudomonadota,Alphaproteobacteria,Sphingomonadales,Sphingomonadaceae,Novosphingobium,Novosphingobium,ASV1897_Novosphingobium
ASV19,-0.13380249,0.682853146,-0.195946216,0.846301892,0.91833734,FALSE,TRUE,BONCAT,Bacteria,Acidobacteriota,Blastocatellia,Blastocatellales,Blastocatellaceae,Aridibacter,Aridibacter,ASV19_Aridibacter
ASV1901,0.097823791,0.508787722,0.19226838,0.849149589,0.919515848,FALSE,TRUE,BONCAT,Bacteria,Actinomycetota,Thermoleophilia,Solirubrobacterales,67-14,NA,67-14,ASV1901_67-14
ASV1905,-0.555329837,0.589733962,-0.941661619,0.355748601,0.577783235,FALSE,TRUE,BONCAT,Bacteria,Planctomycetota,Planctomycetes,Gemmatales,Gemmataceae,NA,Gemmataceae,ASV1905_Gemmataceae
ASV1906,-1.004375625,0.68521235,-1.465787396,0.155686238,0.357597606,FALSE,TRUE,BONCAT,Bacteria,Armatimonadota,Armatimonadia,Armatimonadales,Armatimonadaceae,NA,Armatimonadaceae,ASV1906_Armatimonadaceae
ASV1909,-0.303439994,0.518787932,-0.584901797,0.564072779,0.735569858,FALSE,TRUE,BONCAT,Bacteria,Pseudomonadota,Alphaproteobacteria,Hyphomicrobiales,Beijerinckiaceae,Methylobacterium,Methylobacterium,ASV1909_Methylobacterium
ASV1910,-0.290795082,0.505895922,-0.574812069,0.570768064,0.741220076,FALSE,TRUE,BONCAT,Bacteria,Deinococcota,Deinococci,Deinococcales,Deinococcaceae,NA,Deinococcaceae,ASV1910_Deinococcaceae
ASV1911,-1.491068171,0.623371979,-2.391939677,0.024945934,0.111618143,FALSE,TRUE,BONCAT,Bacteria,Actinomycetota,Actinobacteria,Frankiales,Cryptosporangiaceae,Cryptosporangium,Cryptosporangium,ASV1911_Cryptosporangium
ASV1912,0.73926349,0.57855097,1.277784549,0.213547158,0.429314141,FALSE,TRUE,BONCAT,Bacteria,Armatimonadota,Armatimonadia,Armatimonadales,Armatimonadaceae,NA,Armatimonadaceae,ASV1912_Armatimonadaceae
ASV1916,0.758258797,0.655425219,1.156895975,0.258700477,0.481915672,FALSE,TRUE,BONCAT,Bacteria,Planctomycetota,Phycisphaerae,Tepidisphaerales,WD2101 Bulk group,NA,WD2101_Bulk_group,ASV1916_WD2101_Bulk_group
ASV192,2.208543596,0.751706372,2.938040276,0.007186535,0.053456767,FALSE,TRUE,BONCAT,Bacteria,Acidobacteriota,Blastocatellia,Blastocatellales,Blastocatellaceae,Blastocatella,Blastocatella,ASV192_Blastocatella
ASV1921,0.523963887,0.55685116,0.94094064,0.356110453,0.577783235,FALSE,TRUE,BONCAT,Bacteria,Planctomycetota,Planctomycetes,Gemmatales,Gemmataceae,NA,Gemmataceae,ASV1921_Gemmataceae
ASV1929,0.283382658,0.616897558,0.45936745,0.650104124,0.79778006,FALSE,TRUE,BONCAT,Bacteria,Gemmatimonadota,Longimicrobiia,Longimicrobiales,Longimicrobiaceae,NA,Longimicrobiaceae,ASV1929_Longimicrobiaceae
ASV193,-1.548771959,0.711061583,-2.178112269,0.039452613,0.14803943,FALSE,TRUE,BONCAT,Bacteria,Actinomycetota,Actinobacteria,Micrococcales,Micrococcaceae,NA,Micrococcaceae,ASV193_Micrococcaceae
ASV1932,-0.019276586,0.655381279,-0.029412782,0.976778603,0.988166359,FALSE,TRUE,BONCAT,Bacteria,Actinomycetota,Thermoleophilia,Solirubrobacterales,Solirubrobacteraceae,Baekduia,Baekduia,ASV1932_Baekduia
ASV194,-2.686172411,0.595917265,-4.507626427,1.45E-04,0.004682299,TRUE,TRUE,BONCAT,Bacteria,Pseudomonadota,Alphaproteobacteria,Acetobacterales,Acetobacteraceae,Belnapia,Belnapia,ASV194_Belnapia
ASV1943,-0.053552054,0.677864761,-0.079001088,0.937686778,0.965004958,FALSE,TRUE,BONCAT,Bacteria,Abditibacteriota,Abditibacteriia,Abditibacteriales,Abditibacteriaceae,Abditibacterium,Abditibacterium,ASV1943_Abditibacterium
ASV1944,1.527974855,0.526317619,2.90314213,0.007802332,0.05672823,FALSE,TRUE,BONCAT,Bacteria,Actinomycetota,Actinobacteria,Euzebyales,Euzebyaceae,NA,Euzebyaceae,ASV1944_Euzebyaceae
ASV1957,-1.491025737,0.64093256,-2.32633795,0.028769073,0.120431574,FALSE,TRUE,BONCAT,Bacteria,Chloroflexota,Anaerolineae,Aggregatilineales,A4b,OLB13,OLB13,ASV1957_OLB13
ASV196,0.268544015,0.645093037,0.416287264,0.680899112,0.814903771,FALSE,TRUE,BONCAT,Bacteria,Verrucomicrobiota,Verrucomicrobiia,Verrucomicrobiales,Rubritaleaceae,Luteolibacter,Luteolibacter,ASV196_Luteolibacter
ASV1960,0.643819009,0.544217233,1.183018415,0.248388824,0.470200035,FALSE,TRUE,BONCAT,Bacteria,Bacteroidota,Bacteroidia,Chitinophagales,Chitinophagaceae,Edaphobaculum,Edaphobaculum,ASV1960_Edaphobaculum
ASV1963,0.242595117,0.647341644,0.374755926,0.711133154,0.842727647,FALSE,TRUE,BONCAT,Bacteria,Myxococcota,Polyangiia,Polyangiales,Phaselicystaceae,Phaselicystis,Phaselicystis,ASV1963_Phaselicystis
ASV1965,-0.58465808,0.639119772,-0.914786407,0.369403725,0.587630228,FALSE,TRUE,BONCAT,Bacteria,Bacteroidota,Bacteroidia,Sphingobacteriales,Sphingobacteriaceae,Pedobacter,Pedobacter,ASV1965_Pedobacter
ASV1976,-1.790913798,0.572307737,-3.129284616,0.004555445,0.040413899,TRUE,TRUE,BONCAT,Bacteria,Armatimonadota,Armatimonadia,Armatimonadales,Armatimonadaceae,NA,Armatimonadaceae,ASV1976_Armatimonadaceae
ASV1981,-0.76191784,0.531748986,-1.432852455,0.164798385,0.371468621,FALSE,TRUE,BONCAT,Bacteria,Planctomycetota,Phycisphaerae,Tepidisphaerales,WD2101 Bulk group,NA,WD2101_Bulk_group,ASV1981_WD2101_Bulk_group
ASV1982,-0.327516908,0.53652965,-0.610435803,0.54731078,0.723855111,FALSE,TRUE,BONCAT,Bacteria,Planctomycetota,Phycisphaerae,Tepidisphaerales,WD2101 Bulk group,NA,WD2101_Bulk_group,ASV1982_WD2101_Bulk_group
ASV1987,-0.026120731,0.736355695,-0.03547298,0.971995987,0.987311049,FALSE,TRUE,BONCAT,Bacteria,Planctomycetota,Planctomycetes,Gemmatales,Gemmataceae,Fimbriiglobus,Fimbriiglobus,ASV1987_Fimbriiglobus
ASV1988,-1.030378831,0.643390305,-1.601483303,0.122351864,0.304149749,FALSE,TRUE,BONCAT,Bacteria,Planctomycetota,Planctomycetes,Isosphaerales,Isosphaeraceae,NA,Isosphaeraceae,ASV1988_Isosphaeraceae
ASV1989,-0.985465541,0.462086061,-2.132645029,0.043384781,0.153674297,FALSE,TRUE,BONCAT,Bacteria,Bacteroidota,Bacteroidia,Chitinophagales,Chitinophagaceae,Aurantisolimonas,Aurantisolimonas,ASV1989_Aurantisolimonas
ASV199,1.805237533,0.603853422,2.989529356,0.006361973,0.051266899,FALSE,TRUE,BONCAT,Bacteria,Pseudomonadota,Alphaproteobacteria,Sphingomonadales,Sphingomonadaceae,Rhizorhabdus,Rhizorhabdus,ASV199_Rhizorhabdus
ASV1993,-0.013715453,0.726833124,-0.018870154,0.985100693,0.988166359,FALSE,TRUE,BONCAT,Bacteria,Verrucomicrobiota,Verrucomicrobiia,Pedosphaerales,Pedosphaeraceae,Pedosphaera,Pedosphaera,ASV1993_Pedosphaera
ASV1994,-1.259909432,0.574670418,-2.192403492,0.038284781,0.146547456,FALSE,TRUE,BONCAT,Bacteria,Actinomycetota,Thermoleophilia,Solirubrobacterales,Solirubrobacteraceae,JCM 18997,JCM_18997,ASV1994_JCM_18997
ASV1999,-1.884590795,0.615216846,-3.063295171,0.005336683,0.044874546,TRUE,TRUE,BONCAT,Bacteria,Abditibacteriota,Abditibacteriia,Abditibacteriales,Abditibacteriaceae,Abditibacterium,Abditibacterium,ASV1999_Abditibacterium
ASV20,-3.112389931,0.761991263,-4.084548056,4.25E-04,0.009350357,TRUE,TRUE,BONCAT,Bacteria,Abditibacteriota,Abditibacteriia,Abditibacteriales,Abditibacteriaceae,Abditibacterium,Abditibacterium,ASV20_Abditibacterium
ASV2006,-1.074919898,0.666736994,-1.612209775,0.1199904,0.299048238,FALSE,TRUE,BONCAT,Bacteria,Actinomycetota,Acidimicrobiia,Acidimicrobiales,Acidimicrobiaceae,NA,Acidimicrobiaceae,ASV2006_Acidimicrobiaceae
ASV2007,1.091249301,0.5933913,1.839004552,0.078320045,0.224734373,FALSE,TRUE,BONCAT,Bacteria,Bacteroidota,Bacteroidia,Cytophagales,Hymenobacteraceae,Pontibacter,Pontibacter,ASV2007_Pontibacter
ASV201,2.225393669,0.718346471,3.097939169,0.004911749,0.042032402,FALSE,FALSE,BONCAT,Bacteria,Actinomycetota,Acidimicrobiia,Acidimicrobiales,Acidimicrobiaceae,NA,Acidimicrobiaceae,ASV201_Acidimicrobiaceae
ASV2018,0.435752751,0.573613786,0.759662269,0.454854226,0.653913131,FALSE,TRUE,BONCAT,Bacteria,Actinomycetota,Thermoleophilia,Solirubrobacterales,Solirubrobacteraceae,NA,Solirubrobacteraceae,ASV2018_Solirubrobacteraceae
ASV2032,-2.209221841,0.691531532,-3.194679837,0.003890461,0.03800077,TRUE,TRUE,BONCAT,Bacteria,Bacteroidota,Bacteroidia,Chitinophagales,Chitinophagaceae,Segetibacter,Segetibacter,ASV2032_Segetibacter
ASV2039,0.24616014,0.505463191,0.48699914,0.630677229,0.785706643,FALSE,TRUE,BONCAT,Bacteria,Planctomycetota,Phycisphaerae,Tepidisphaerales,WD2101 Bulk group,NA,WD2101_Bulk_group,ASV2039_WD2101_Bulk_group
ASV2051,-1.176401582,0.598158737,-1.96670467,0.06088341,0.188699543,FALSE,TRUE,BONCAT,Bacteria,Actinomycetota,Acidimicrobiia,Acidimicrobiales,Acidimicrobiaceae,NA,Acidimicrobiaceae,ASV2051_Acidimicrobiaceae
ASV206,-1.66355344,0.681243856,-2.441935331,0.022352479,0.108074238,FALSE,TRUE,BONCAT,Bacteria,Armatimonadota,Armatimonadia,Armatimonadales,Armatimonadaceae,NA,Armatimonadaceae,ASV206_Armatimonadaceae
ASV2065,0.207802498,0.494722508,0.420038495,0.67819402,0.814675301,FALSE,TRUE,BONCAT,Bacteria,Chloroflexota,Chloroflexia,Thermomicrobiales,JG30-KF-CM45,NA,JG30-KF-CM45,ASV2065_JG30-KF-CM45
ASV2069,-0.056395646,0.568313127,-0.099233404,0.921777177,0.961471831,FALSE,TRUE,BONCAT,Bacteria,Armatimonadota,Armatimonadia,Armatimonadales,Armatimonadaceae,NA,Armatimonadaceae,ASV2069_Armatimonadaceae
ASV207,1.061576763,0.787745475,1.347613915,0.190367483,0.403993744,FALSE,TRUE,BONCAT,Bacteria,Acidobacteriota,Blastocatellia,Blastocatellales,Blastocatellaceae,Blastocatella,Blastocatella,ASV207_Blastocatella
ASV2070,-0.699675833,0.494662257,-1.414451626,0.170072448,0.378940223,FALSE,TRUE,BONCAT,Bacteria,Chloroflexota,Chloroflexia,Chloroflexales,Roseiflexaceae,NA,Roseiflexaceae,ASV2070_Roseiflexaceae
ASV2073,-0.495322771,0.507028191,-0.976913671,0.338356937,0.566055031,FALSE,TRUE,BONCAT,Bacteria,Planctomycetota,Phycisphaerae,Tepidisphaerales,WD2101 Bulk group,NA,WD2101_Bulk_group,ASV2073_WD2101_Bulk_group
ASV2074,-0.181205669,0.65082252,-0.278425628,0.783070465,0.887695415,FALSE,TRUE,BONCAT,Bacteria,Planctomycetota,Phycisphaerae,Tepidisphaerales,WD2101 Bulk group,NA,WD2101_Bulk_group,ASV2074_WD2101_Bulk_group
ASV2077,-1.151278645,0.531374309,-2.166605772,0.040416142,0.14803943,FALSE,TRUE,BONCAT,Bacteria,Chloroflexota,Chloroflexia,Kallotenuales,AKIW781,NA,AKIW781,ASV2077_AKIW781
ASV2079,0.244323798,0.512388947,0.476832687,0.637794375,0.791899995,FALSE,TRUE,BONCAT,Bacteria,Myxococcota,Polyangiia,Polyangiales,Phaselicystaceae,Phaselicystis,Phaselicystis,ASV2079_Phaselicystis
ASV208,2.269637588,0.770480172,2.945744318,0.00705698,0.052899997,FALSE,TRUE,BONCAT,Bacteria,Acidobacteriota,Blastocatellia,Blastocatellales,Blastocatellaceae,NA,Blastocatellaceae,ASV208_Blastocatellaceae
ASV2086,0.475371463,0.544502829,0.873037637,0.3912941,0.604443122,FALSE,TRUE,BONCAT,Bacteria,Patescibacteria,Saccharimonadia,Saccharimonadales,LWQ8,NA,LWQ8,ASV2086_LWQ8
ASV2087,-1.831113839,0.66890112,-2.737495549,0.011473969,0.069658382,FALSE,TRUE,BONCAT,Bacteria,Actinomycetota,Thermoleophilia,Solirubrobacterales,Solirubrobacteraceae,Solirubrobacter,Solirubrobacter,ASV2087_Solirubrobacter
ASV2093,-0.71657409,0.635977782,-1.126728182,0.270997501,0.492583804,FALSE,TRUE,BONCAT,Bacteria,Bacteroidota,Bacteroidia,Chitinophagales,Chitinophagaceae,Flavisolibacter,Flavisolibacter,ASV2093_Flavisolibacter
ASV2094,-0.592900565,0.557544488,-1.063413913,0.298177526,0.52140627,FALSE,TRUE,BONCAT,Bacteria,Acidobacteriota,Blastocatellia,Blastocatellales,Blastocatellaceae,JGI 0001001-H03,JGI_0001001-H03,ASV2094_JGI_0001001-H03
ASV2097,-1.732824764,0.672425299,-2.576977347,0.0165419,0.089435086,FALSE,FALSE,BONCAT,Bacteria,Bacteroidota,Bacteroidia,Cytophagales,Cytophagaceae,Cytophaga,Cytophaga,ASV2097_Cytophaga
ASV21,-1.007923409,0.63949692,-1.576119254,0.128089683,0.315172323,FALSE,TRUE,BONCAT,Bacteria,Pseudomonadota,Alphaproteobacteria,Rhodobacterales,Paracoccaceae,Rubellimicrobium,Rubellimicrobium,ASV21_Rubellimicrobium
ASV210,1.214938069,0.910236398,1.33475004,0.194483195,0.409249214,FALSE,TRUE,BONCAT,Bacteria,Acidobacteriota,Blastocatellia,Blastocatellales,Blastocatellaceae,Blastocatella,Blastocatella,ASV210_Blastocatella
ASV2103,0.156905843,0.571649159,0.274479268,0.786065171,0.887996519,FALSE,TRUE,BONCAT,Bacteria,Planctomycetota,Phycisphaerae,Tepidisphaerales,WD2101 Bulk group,NA,WD2101_Bulk_group,ASV2103_WD2101_Bulk_group
ASV2109,-0.930935115,0.460649325,-2.020919307,0.054579244,0.174762017,FALSE,TRUE,BONCAT,Bacteria,Chloroflexota,Chloroflexia,Chloroflexales,Roseiflexaceae,NA,Roseiflexaceae,ASV2109_Roseiflexaceae
ASV2110,-1.233550647,0.561262677,-2.197813425,0.037850912,0.146547456,FALSE,TRUE,BONCAT,Bacteria,Bacteroidota,Bacteroidia,Chitinophagales,Chitinophagaceae,Cnuella,Cnuella,ASV2110_Cnuella
ASV2112,-0.409228034,0.465238717,-0.879608725,0.387794075,0.601921141,FALSE,TRUE,BONCAT,Bacteria,Myxococcota,Polyangiia,Haliangiales,Haliangiaceae,NA,Haliangiaceae,ASV2112_Haliangiaceae
ASV212,0.623239397,0.717654534,0.868439295,0.393755454,0.605344235,FALSE,TRUE,BONCAT,Bacteria,Bacteroidota,Bacteroidia,Chitinophagales,Chitinophagaceae,Flavisolibacter,Flavisolibacter,ASV212_Flavisolibacter
ASV2122,0.152903135,0.555366933,0.27531912,0.785427563,0.887996519,FALSE,TRUE,BONCAT,Bacteria,Actinomycetota,Actinobacteria,Euzebyales,Euzebyaceae,NA,Euzebyaceae,ASV2122_Euzebyaceae
ASV2127,0.05198282,0.553461401,0.093923117,0.925949957,0.962788826,FALSE,TRUE,BONCAT,Bacteria,Verrucomicrobiota,Verrucomicrobiia,Chthoniobacterales,Chthoniobacteraceae,Chthoniobacter,Chthoniobacter,ASV2127_Chthoniobacter
ASV2135,-0.89255118,0.547040917,-1.631598572,0.115818219,0.291656818,FALSE,TRUE,BONCAT,Bacteria,Planctomycetota,Planctomycetes,Gemmatales,Gemmataceae,Gemmata,Gemmata,ASV2135_Gemmata
ASV214,-2.735856644,0.72822363,-3.756890785,9.72E-04,0.017082822,TRUE,TRUE,BONCAT,Bacteria,Deinococcota,Deinococci,Deinococcales,Deinococcaceae,NA,Deinococcaceae,ASV214_Deinococcaceae
ASV2142,-0.298055965,0.510038731,-0.584379082,0.56441865,0.735569858,FALSE,TRUE,BONCAT,Bacteria,Planctomycetota,Planctomycetes,Pirellulales,Pirellulaceae,Pirellula,Pirellula,ASV2142_Pirellula
ASV2145,-0.684775968,0.577202546,-1.186370319,0.247088116,0.470200035,FALSE,TRUE,BONCAT,Bacteria,Planctomycetota,Planctomycetes,Gemmatales,Gemmataceae,Zavarzinella,Zavarzinella,ASV2145_Zavarzinella
ASV2152,0.338190029,0.549699892,0.615226661,0.544195206,0.722852698,FALSE,TRUE,BONCAT,Bacteria,Patescibacteria,Saccharimonadia,Saccharimonadales,LWQ8,NA,LWQ8,ASV2152_LWQ8
ASV2154,-0.196227196,0.526845256,-0.372456985,0.71282151,0.843694492,FALSE,TRUE,BONCAT,Bacteria,Planctomycetota,Planctomycetes,Isosphaerales,Isosphaeraceae,Tundrisphaera,Tundrisphaera,ASV2154_Tundrisphaera
ASV2155,-0.550357612,0.582152713,-0.945383573,0.353884512,0.57707643,FALSE,TRUE,BONCAT,Bacteria,Planctomycetota,Planctomycetes,Gemmatales,Gemmataceae,Gemmata,Gemmata,ASV2155_Gemmata
ASV216,-4.024678958,0.726925603,-5.536576152,1.08E-05,5.20E-04,TRUE,TRUE,BONCAT,Bacteria,Deinococcota,Deinococci,Deinococcales,Deinococcaceae,Deinococcus,Deinococcus,ASV216_Deinococcus
ASV2165,0.71837332,0.715266691,1.004343316,0.32523248,0.549824839,FALSE,TRUE,BONCAT,Bacteria,Pseudomonadota,Alphaproteobacteria,Sphingomonadales,Sphingomonadaceae,Sphingomonas,Sphingomonas,ASV2165_Sphingomonas
ASV2166,0.322344655,0.499361263,0.645513938,0.52471822,0.706704349,FALSE,TRUE,BONCAT,Bacteria,Planctomycetota,Planctomycetes,Gemmatales,Gemmataceae,NA,Gemmataceae,ASV2166_Gemmataceae
ASV2171,-0.28616123,0.577861647,-0.495207167,0.624957527,0.78281597,FALSE,TRUE,BONCAT,Bacteria,Bacillota,Bacilli,Bacillales,Bacillaceae,Halalkalibacter,Halalkalibacter,ASV2171_Halalkalibacter
ASV2179,-1.150929787,0.529292456,-2.174468526,0.039755467,0.14803943,FALSE,TRUE,BONCAT,Bacteria,Gemmatimonadota,Longimicrobiia,Longimicrobiales,Longimicrobiaceae,NA,Longimicrobiaceae,ASV2179_Longimicrobiaceae
ASV218,-5.181618512,0.586017301,-8.84209135,5.13E-09,4.96E-06,TRUE,TRUE,BONCAT,Bacteria,Gemmatimonadota,Gemmatimonadia,Gemmatimonadales,Gemmatimonadaceae,NA,Gemmatimonadaceae,ASV218_Gemmatimonadaceae
ASV2182,-0.011910953,0.630721997,-0.018884633,0.985089263,0.988166359,FALSE,TRUE,BONCAT,Bacteria,Actinomycetota,Thermoleophilia,Solirubrobacterales,67-14,NA,67-14,ASV2182_67-14
ASV2184,0.202571365,0.557575324,0.363307621,0.719555622,0.850623822,FALSE,TRUE,BONCAT,Bacteria,Pseudomonadota,Alphaproteobacteria,Sphingomonadales,Sphingomonadaceae,NA,Sphingomonadaceae,ASV2184_Sphingomonadaceae
ASV2185,-0.363671033,0.572501727,-0.63523133,0.531287924,0.712559532,FALSE,TRUE,BONCAT,Bacteria,Bdellovibrionota,Bdellovibrionia,Bdellovibrionales,Pseudobdellovibrionaceae,NA,Pseudobdellovibrionaceae,ASV2185_Pseudobdellovibrionaceae
ASV2191,-0.648729212,0.54904667,-1.181555681,0.248958033,0.470200035,FALSE,TRUE,BONCAT,Bacteria,Abditibacteriota,Abditibacteriia,Abditibacteriales,Abditibacteriaceae,Abditibacterium,Abditibacterium,ASV2191_Abditibacterium
ASV2192,0.733572657,0.632651909,1.159520182,0.257650538,0.481915672,FALSE,TRUE,BONCAT,Bacteria,Verrucomicrobiota,Verrucomicrobiia,Verrucomicrobiales,Rubritaleaceae,Luteolibacter,Luteolibacter,ASV2192_Luteolibacter
ASV22,1.371046167,0.593263395,2.311024374,0.029735543,0.12394082,FALSE,TRUE,BONCAT,Bacteria,Pseudomonadota,Alphaproteobacteria,Sphingomonadales,Sphingomonadaceae,Sphingomonas,Sphingomonas,ASV22_Sphingomonas
ASV2204,-0.907650087,0.556267766,-1.63167838,0.115801299,0.291656818,FALSE,TRUE,BONCAT,Bacteria,Chloroflexota,Chloroflexia,Thermomicrobiales,AKYG1722,NA,AKYG1722,ASV2204_AKYG1722
ASV2205,0.213777886,0.50568406,0.422749901,0.676241509,0.814675301,FALSE,TRUE,BONCAT,Bacteria,Pseudomonadota,Alphaproteobacteria,Caulobacterales,Caulobacteraceae,PMMR1,PMMR1,ASV2205_PMMR1
ASV221,-1.102184695,0.800537603,-1.376805649,0.181280999,0.392167172,FALSE,TRUE,BONCAT,Bacteria,Armatimonadota,Armatimonadia,Armatimonadales,Armatimonadaceae,NA,Armatimonadaceae,ASV221_Armatimonadaceae
ASV2228,0.633417972,0.508224524,1.24633492,0.224669955,0.443379278,FALSE,TRUE,BONCAT,Bacteria,Actinomycetota,Acidimicrobiia,Microtrichales,Ilumatobacteraceae,Ilumatobacter,Ilumatobacter,ASV2228_Ilumatobacter
ASV223,-2.27572253,0.947920218,-2.400753236,0.024469503,0.111618143,FALSE,TRUE,BONCAT,Bacteria,Deinococcota,Deinococci,Deinococcales,Deinococcaceae,Deinococcus,Deinococcus,ASV223_Deinococcus
ASV2243,-0.523970717,0.556673121,-0.941253847,0.355953227,0.577783235,FALSE,TRUE,BONCAT,Bacteria,Actinomycetota,Thermoleophilia,Solirubrobacterales,Solirubrobacteraceae,Conexibacter,Conexibacter,ASV2243_Conexibacter
ASV225,0.400357401,0.855720325,0.467860105,0.644105405,0.796483282,FALSE,TRUE,BONCAT,Bacteria,Acidobacteriota,Vicinamibacteria,Vicinamibacterales,Vicinamibacteraceae,NA,Vicinamibacteraceae,ASV225_Vicinamibacteraceae
ASV2255,-0.150919471,0.57045536,-0.264559651,0.793607483,0.890807427,FALSE,TRUE,BONCAT,Bacteria,Bacteroidota,Bacteroidia,Cytophagales,Cytophagaceae,Sporocytophaga,Sporocytophaga,ASV2255_Sporocytophaga
ASV226,-0.43576679,0.848875555,-0.513345906,0.612402938,0.778178241,FALSE,TRUE,BONCAT,Bacteria,Acidobacteriota,Blastocatellia,Blastocatellales,Blastocatellaceae,Stenotrophobacter,Stenotrophobacter,ASV226_Stenotrophobacter
ASV2265,-1.156849867,0.527496982,-2.193092863,0.038229246,0.146547456,FALSE,TRUE,BONCAT,Bacteria,Acidobacteriota,Blastocatellia,Blastocatellales,Blastocatellaceae,OLB17,OLB17,ASV2265_OLB17
ASV227,0.307005146,0.909302515,0.337627072,0.738579499,0.862915662,FALSE,TRUE,BONCAT,Bacteria,Gemmatimonadota,Gemmatimonadia,Gemmatimonadales,Gemmatimonadaceae,NA,Gemmatimonadaceae,ASV227_Gemmatimonadaceae
ASV2270,-1.209213303,0.553117051,-2.186179763,0.038789471,0.147095759,FALSE,TRUE,BONCAT,Bacteria,Chloroflexota,Chloroflexia,Kallotenuales,AKIW781,NA,AKIW781,ASV2270_AKIW781
ASV2271,-1.365290812,0.636321188,-2.145600112,0.04222995,0.152374484,FALSE,TRUE,BONCAT,Bacteria,Actinomycetota,Thermoleophilia,Solirubrobacterales,Solirubrobacteraceae,NA,Solirubrobacteraceae,ASV2271_Solirubrobacteraceae
ASV228,0.525286245,0.654906022,0.802078814,0.430378231,0.633448629,FALSE,TRUE,BONCAT,Bacteria,Bacillota,Bacilli,Brevibacillales,Brevibacillaceae,Brevibacillus,Brevibacillus,ASV228_Brevibacillus
ASV2284,-0.849566631,0.51264291,-1.657228871,0.11048969,0.284136006,FALSE,TRUE,BONCAT,Bacteria,Chloroflexota,Chloroflexia,Thermomicrobiales,JG30-KF-CM45,NA,JG30-KF-CM45,ASV2284_JG30-KF-CM45
ASV2289,-0.178995272,0.643405304,-0.27819987,0.783241691,0.887695415,FALSE,TRUE,BONCAT,Bacteria,Armatimonadota,Armatimonadia,Armatimonadales,Armatimonadaceae,NA,Armatimonadaceae,ASV2289_Armatimonadaceae
ASV229,0.166537425,0.854475378,0.194900204,0.847111589,0.91833734,FALSE,TRUE,BONCAT,Bacteria,Pseudomonadota,Alphaproteobacteria,Sphingomonadales,Sphingomonadaceae,Sphingomonas,Sphingomonas,ASV229_Sphingomonas
ASV23,0.145294256,0.636442885,0.228291115,0.821353842,0.900509257,FALSE,TRUE,BONCAT,Bacteria,Chloroflexota,Chloroflexia,Kallotenuales,AKIW781,NA,AKIW781,ASV23_AKIW781
ASV2302,0.795931764,0.573156874,1.388680481,0.177684079,0.388734174,FALSE,TRUE,BONCAT,Bacteria,Patescibacteria,Saccharimonadia,Saccharimonadales,LWQ8,NA,LWQ8,ASV2302_LWQ8
ASV2308,-1.496812154,0.539009894,-2.776966011,0.010474049,0.066648551,FALSE,TRUE,BONCAT,Bacteria,Actinomycetota,Acidimicrobiia,Acidimicrobiales,Acidimicrobiaceae,NA,Acidimicrobiaceae,ASV2308_Acidimicrobiaceae
ASV231,-0.049064094,0.478189808,-0.102603805,0.919129923,0.961471831,FALSE,TRUE,BONCAT,Bacteria,Bacteroidota,Bacteroidia,Cytophagales,Spirosomataceae,NA,Spirosomataceae,ASV231_Spirosomataceae
ASV2312,0.46375077,0.53860972,0.861014483,0.397750724,0.608120748,FALSE,TRUE,BONCAT,Bacteria,Pseudomonadota,Alphaproteobacteria,Sphingomonadales,Sphingomonadaceae,NA,Sphingomonadaceae,ASV2312_Sphingomonadaceae
ASV2313,-1.586240453,0.551095693,-2.878339412,0.008270184,0.057123345,FALSE,FALSE,BONCAT,Bacteria,Chloroflexota,Chloroflexia,Kallotenuales,AKIW781,NA,AKIW781,ASV2313_AKIW781
ASV2317,-1.148056265,0.555005881,-2.068547928,0.049525738,0.164217034,FALSE,TRUE,BONCAT,Bacteria,Pseudomonadota,Alphaproteobacteria,Caulobacterales,Caulobacteraceae,Caulobacter,Caulobacter,ASV2317_Caulobacter
ASV2319,-1.413464116,0.562038184,-2.514889837,0.019012656,0.09779382,FALSE,TRUE,BONCAT,Bacteria,Planctomycetota,Planctomycetes,Gemmatales,Gemmataceae,NA,Gemmataceae,ASV2319_Gemmataceae
ASV232,-2.380185062,0.609918315,-3.902465304,6.74E-04,0.013511928,TRUE,TRUE,BONCAT,Bacteria,Bacteroidota,Bacteroidia,Cytophagales,Spirosomataceae,Telluribacter,Telluribacter,ASV232_Telluribacter
ASV2328,-0.139273345,0.557554266,-0.249793344,0.804872858,0.893584448,FALSE,TRUE,BONCAT,Bacteria,Actinomycetota,Thermoleophilia,Solirubrobacterales,Solirubrobacteraceae,Parviterribacter,Parviterribacter,ASV2328_Parviterribacter
ASV2336,-0.581042821,0.569381492,-1.020480695,0.317677729,0.541789001,FALSE,TRUE,BONCAT,Bacteria,Gemmatimonadota,Longimicrobiia,Longimicrobiales,Longimicrobiaceae,NA,Longimicrobiaceae,ASV2336_Longimicrobiaceae
ASV2343,-0.011355914,0.516992696,-0.021965328,0.982657218,0.988166359,FALSE,TRUE,BONCAT,Bacteria,Planctomycetota,Phycisphaerae,Tepidisphaerales,WD2101 Bulk group,NA,WD2101_Bulk_group,ASV2343_WD2101_Bulk_group
ASV235,0.095432338,0.825491557,0.115606679,0.908926127,0.956399962,FALSE,TRUE,BONCAT,Bacteria,Bacteroidota,Bacteroidia,Chitinophagales,Chitinophagaceae,Flavisolibacter,Flavisolibacter,ASV235_Flavisolibacter
ASV236,-0.450476042,0.83752584,-0.537865247,0.595623149,0.76795678,FALSE,TRUE,BONCAT,Bacteria,Gemmatimonadota,Gemmatimonadia,Gemmatimonadales,Gemmatimonadaceae,Gemmatimonas,Gemmatimonas,ASV236_Gemmatimonas
ASV2364,-0.700494171,0.51114409,-1.370443647,0.183231578,0.394598212,FALSE,TRUE,BONCAT,Bacteria,Acidobacteriota,Acidobacteriae,Bryobacterales,Bryobacteraceae,Bryobacter,Bryobacter,ASV2364_Bryobacter
ASV2367,0.596731167,0.605468867,0.985568705,0.334177159,0.561998805,FALSE,TRUE,BONCAT,Bacteria,Actinomycetota,Actinobacteria,Euzebyales,Euzebyaceae,Euzebya,Euzebya,ASV2367_Euzebya
ASV2369,-0.677409203,0.536696515,-1.262182973,0.219011071,0.435631142,FALSE,TRUE,BONCAT,Bacteria,Actinomycetota,Acidimicrobiia,Acidimicrobiales,Acidimicrobiaceae,NA,Acidimicrobiaceae,ASV2369_Acidimicrobiaceae
ASV237,0.045573607,0.528941856,0.086159957,0.932054053,0.964509535,FALSE,TRUE,BONCAT,Bacteria,Planctomycetota,Planctomycetes,Isosphaerales,Isosphaeraceae,NA,Isosphaeraceae,ASV237_Isosphaeraceae
ASV2370,-1.468950751,0.671533554,-2.187456968,0.038685414,0.147095759,FALSE,TRUE,BONCAT,Bacteria,Chloroflexota,Chloroflexia,Chloroflexales,Chloroflexaceae,FFCH7168,FFCH7168,ASV2370_FFCH7168
ASV2371,-1.250849199,0.591474219,-2.114799189,0.045022009,0.154687605,FALSE,TRUE,BONCAT,Bacteria,Pseudomonadota,Alphaproteobacteria,Sphingomonadales,Sphingomonadaceae,Sphingomonas,Sphingomonas,ASV2371_Sphingomonas
ASV2375,0.072616672,0.531114583,0.136725058,0.892388605,0.944135428,FALSE,TRUE,BONCAT,Bacteria,Armatimonadota,Armatimonadia,Armatimonadales,Armatimonadaceae,NA,Armatimonadaceae,ASV2375_Armatimonadaceae
ASV2378,-0.261128737,0.440205676,-0.593197115,0.558598503,0.731930559,FALSE,TRUE,BONCAT,Bacteria,Planctomycetota,Planctomycetes,Pirellulales,Pirellulaceae,NA,Pirellulaceae,ASV2378_Pirellulaceae
ASV238,-2.142373037,0.88491658,-2.420988697,0.023407186,0.111501224,FALSE,TRUE,BONCAT,Bacteria,Chloroflexota,Chloroflexia,Kallotenuales,AKIW781,NA,AKIW781,ASV238_AKIW781
ASV2384,-1.232164608,0.510544683,-2.413431479,0.023798846,0.111618143,FALSE,TRUE,BONCAT,Bacteria,Verrucomicrobiota,Verrucomicrobiia,Chthoniobacterales,Chthoniobacteraceae,Chthoniobacter,Chthoniobacter,ASV2384_Chthoniobacter
ASV2391,-0.068933899,0.570433743,-0.120844707,0.904820079,0.953655427,FALSE,TRUE,BONCAT,Bacteria,Pseudomonadota,Gammaproteobacteria,Burkholderiales,TRA3-20,NA,TRA3-20,ASV2391_TRA3-20
ASV2397,-0.45471761,0.598911397,-0.759240202,0.4551019,0.653913131,FALSE,TRUE,BONCAT,Bacteria,Chloroflexota,Anaerolineae,Ardenticatenales,Ardenticatenaceae,NA,Ardenticatenaceae,ASV2397_Ardenticatenaceae
ASV2411,0.065574849,0.662743665,0.098944513,0.922004127,0.961471831,FALSE,TRUE,BONCAT,Bacteria,Pseudomonadota,Alphaproteobacteria,Caulobacterales,Caulobacteraceae,Phenylobacterium,Phenylobacterium,ASV2411_Phenylobacterium
ASV2419,-0.295115872,0.586995983,-0.502756204,0.61971815,0.782333487,FALSE,TRUE,BONCAT,Bacteria,Planctomycetota,Phycisphaerae,Tepidisphaerales,WD2101 Bulk group,NA,WD2101_Bulk_group,ASV2419_WD2101_Bulk_group
ASV2421,-0.602153347,0.553372488,-1.088151941,0.287335175,0.508888488,FALSE,TRUE,BONCAT,Bacteria,Planctomycetota,Planctomycetes,Isosphaerales,Isosphaeraceae,NA,Isosphaeraceae,ASV2421_Isosphaeraceae
ASV243,3.209232062,0.694515315,4.620822595,1.09E-04,0.003761352,TRUE,TRUE,BONCAT,Bacteria,Bacteroidota,Bacteroidia,Chitinophagales,Chitinophagaceae,Segetibacter,Segetibacter,ASV243_Segetibacter
ASV2444,-1.458659914,0.61017511,-2.390559514,0.02502131,0.111618143,FALSE,TRUE,BONCAT,Bacteria,Actinomycetota,Acidimicrobiia,Microtrichales,Ilumatobacteraceae,NA,Ilumatobacteraceae,ASV2444_Ilumatobacteraceae
ASV245,0.466597205,0.718762357,0.649167559,0.522394564,0.705524502,FALSE,TRUE,BONCAT,Bacteria,Acidobacteriota,Blastocatellia,Pyrinomonadales,Pyrinomonadaceae,NA,Pyrinomonadaceae,ASV245_Pyrinomonadaceae
ASV2451,0.056187895,0.50045225,0.112274238,0.911539756,0.958107548,FALSE,TRUE,BONCAT,Bacteria,Pseudomonadota,Gammaproteobacteria,Burkholderiales,B1-7BS,NA,B1-7BS,ASV2451_B1-7BS
ASV2459,0.726767376,0.523018143,1.38956437,0.177418622,0.388734174,FALSE,TRUE,BONCAT,Bacteria,SAR324 clade(Marine group B),Incertae Sedis,Incertae Sedis,Incertae Sedis,Candidatus Nitrosoarchaeum,Candidatus_Nitrosoarchaeum,ASV2459_Candidatus_Nitrosoarchaeum
ASV2465,-0.682716347,0.505834314,-1.349683736,0.189711671,0.403993744,FALSE,TRUE,BONCAT,Bacteria,Planctomycetota,Planctomycetes,Gemmatales,Gemmataceae,NA,Gemmataceae,ASV2465_Gemmataceae
ASV2468,-1.511056896,0.648130631,-2.331407936,0.028455485,0.119636756,FALSE,TRUE,BONCAT,Bacteria,Gemmatimonadota,Longimicrobiia,Longimicrobiales,Longimicrobiaceae,NA,Longimicrobiaceae,ASV2468_Longimicrobiaceae
ASV248,-1.254503335,0.658826609,-1.904147947,0.06894685,0.205776557,FALSE,TRUE,BONCAT,Bacteria,Actinomycetota,Thermoleophilia,Solirubrobacterales,Solirubrobacteraceae,NA,Solirubrobacteraceae,ASV248_Solirubrobacteraceae
ASV249,4.077858347,0.575923497,7.080555608,2.55E-07,4.11E-05,TRUE,TRUE,BONCAT,Bacteria,Verrucomicrobiota,Verrucomicrobiia,Chthoniobacterales,Chthoniobacteraceae,Candidatus Udaeobacter,Candidatus_Udaeobacter,ASV249_Candidatus_Udaeobacter
ASV25,2.365634092,0.586806195,4.031372048,4.87E-04,0.01023204,FALSE,FALSE,BONCAT,Bacteria,Verrucomicrobiota,Verrucomicrobiia,Chthoniobacterales,Chthoniobacteraceae,Candidatus Udaeobacter,Candidatus_Udaeobacter,ASV25_Candidatus_Udaeobacter
ASV2514,-0.17355503,0.58870292,-0.294809188,0.770674764,0.884340909,FALSE,TRUE,BONCAT,Bacteria,Verrucomicrobiota,Verrucomicrobiia,Chthoniobacterales,Chthoniobacteraceae,Chthoniobacter,Chthoniobacter,ASV2514_Chthoniobacter
ASV252,-0.342376569,0.813544712,-0.420845423,0.677612702,0.814675301,FALSE,TRUE,BONCAT,Bacteria,Deinococcota,Deinococci,Deinococcales,Deinococcaceae,NA,Deinococcaceae,ASV252_Deinococcaceae
ASV253,0.803198259,0.673205621,1.193094998,0.24449391,0.470031035,FALSE,TRUE,BONCAT,Bacteria,Planctomycetota,Planctomycetes,Gemmatales,Gemmataceae,Gemmata,Gemmata,ASV253_Gemmata
ASV2530,-1.031247136,0.560562159,-1.839665984,0.078219584,0.224734373,FALSE,TRUE,BONCAT,Bacteria,Pseudomonadota,Alphaproteobacteria,Sphingomonadales,Sphingomonadaceae,Sphingoaurantiacus,Sphingoaurantiacus,ASV2530_Sphingoaurantiacus
ASV2533,0.426667984,0.614410287,0.694434962,0.494077621,0.681559286,FALSE,TRUE,BONCAT,Bacteria,Planctomycetota,Planctomycetes,Isosphaerales,Isosphaeraceae,Tautonia,Tautonia,ASV2533_Tautonia
ASV2534,-1.423952136,0.670102578,-2.124976359,0.044081664,0.15444554,FALSE,TRUE,BONCAT,Bacteria,Chloroflexota,Chloroflexia,Chloroflexales,Chloroflexaceae,Chloronema,Chloronema,ASV2534_Chloronema
ASV2537,-1.621840149,0.640139234,-2.533574046,0.018235184,0.096754863,FALSE,TRUE,BONCAT,Bacteria,Bacillota,Bacilli,Paenibacillales,Paenibacillaceae,Gorillibacterium,Gorillibacterium,ASV2537_Gorillibacterium
ASV2546,-0.054228655,0.60287596,-0.089949938,0.929073473,0.964509535,FALSE,TRUE,BONCAT,Bacteria,Bacteroidota,Bacteroidia,Flavobacteriales,Weeksellaceae,Chryseobacterium,Chryseobacterium,ASV2546_Chryseobacterium
ASV255,-0.016578407,0.858112523,-0.019319618,0.984745855,0.988166359,FALSE,TRUE,BONCAT,Bacteria,Bacteroidota,Bacteroidia,Cytophagales,Hymenobacteraceae,Hymenobacter,Hymenobacter,ASV255_Hymenobacter
ASV2550,-0.994383193,0.592170694,-1.679217162,0.106083833,0.279517892,FALSE,TRUE,BONCAT,Bacteria,Bacteroidota,Bacteroidia,Cytophagales,Hymenobacteraceae,Hymenobacter,Hymenobacter,ASV2550_Hymenobacter
ASV2553,-0.509013783,0.594034822,-0.856875328,0.399989235,0.609301466,FALSE,TRUE,BONCAT,Bacteria,Planctomycetota,Planctomycetes,Gemmatales,Gemmataceae,Gemmata,Gemmata,ASV2553_Gemmata
ASV256,1.684154448,1.008954743,1.669207127,0.108070874,0.2802259,FALSE,TRUE,BONCAT,Bacteria,Planctomycetota,Planctomycetes,Isosphaerales,Isosphaeraceae,Tautonia,Tautonia,ASV256_Tautonia
ASV2560,-0.164762355,0.467892222,-0.35213741,0.727808561,0.855152951,FALSE,TRUE,BONCAT,Bacteria,Pseudomonadota,Alphaproteobacteria,Tistrellales,Geminicoccaceae,NA,Geminicoccaceae,ASV2560_Geminicoccaceae
ASV2568,0.361304141,0.506678491,0.713083636,0.482670565,0.67351001,FALSE,TRUE,BONCAT,Bacteria,Actinomycetota,Acidimicrobiia,Acidimicrobiales,Acidimicrobiaceae,NA,Acidimicrobiaceae,ASV2568_Acidimicrobiaceae
ASV257,-1.202915244,0.868615275,-1.384865404,0.178833467,0.390365604,FALSE,TRUE,BONCAT,Bacteria,Pseudomonadota,Gammaproteobacteria,Burkholderiales,Oxalobacteraceae,Noviherbaspirillum,Noviherbaspirillum,ASV257_Noviherbaspirillum
ASV2573,-0.038555397,0.499045781,-0.077258236,0.939058599,0.965004958,FALSE,TRUE,BONCAT,Bacteria,Chloroflexota,Chloroflexia,Thermomicrobiales,JG30-KF-CM45,NA,JG30-KF-CM45,ASV2573_JG30-KF-CM45
ASV2574,-1.621626118,0.669465021,-2.422271617,0.02334129,0.111501224,FALSE,TRUE,BONCAT,Bacteria,Chloroflexota,Chloroflexia,Chloroflexales,Chloroflexaceae,Chloronema,Chloronema,ASV2574_Chloronema
ASV2577,-0.570771175,0.498106229,-1.145882428,0.263141351,0.485857887,FALSE,TRUE,BONCAT,Bacteria,Pseudomonadota,Alphaproteobacteria,Acetobacterales,Acetobacteraceae,NA,Acetobacteraceae,ASV2577_Acetobacteraceae
ASV258,-0.594048692,0.63439962,-0.936395094,0.358397499,0.580519902,FALSE,TRUE,BONCAT,Bacteria,Pseudomonadota,Alphaproteobacteria,Acetobacterales,Acetobacteraceae,Roseomonas,Roseomonas,ASV258_Roseomonas
ASV2580,-0.245517903,0.55306624,-0.443921334,0.66107619,0.805844546,FALSE,TRUE,BONCAT,Bacteria,Chloroflexota,Chloroflexia,Kallotenuales,AKIW781,NA,AKIW781,ASV2580_AKIW781
ASV2587,-0.152123659,0.455936351,-0.333651086,0.74154051,0.862915662,FALSE,TRUE,BONCAT,Bacteria,Bacteroidota,Bacteroidia,Cytophagales,Cyclobacteriaceae,NA,Cyclobacteriaceae,ASV2587_Cyclobacteriaceae
ASV2589,0.555478644,0.60869286,0.912576244,0.370541931,0.588341654,FALSE,TRUE,BONCAT,Bacteria,Chloroflexota,Chloroflexia,Kallotenuales,AKIW781,NA,AKIW781,ASV2589_AKIW781
ASV259,-1.449490822,0.679428756,-2.133396342,0.043317041,0.153674297,FALSE,TRUE,BONCAT,Bacteria,Actinomycetota,Actinobacteria,Frankiales,Geodermatophilaceae,Geodermatophilus,Geodermatophilus,ASV259_Geodermatophilus
ASV2591,-1.517993186,0.511765969,-2.966186263,0.00672393,0.052435812,FALSE,FALSE,BONCAT,Bacteria,Gemmatimonadota,Longimicrobiia,Longimicrobiales,Longimicrobiaceae,NA,Longimicrobiaceae,ASV2591_Longimicrobiaceae
ASV2592,0.341972262,0.487230632,0.701869379,0.489511816,0.678163218,FALSE,TRUE,BONCAT,Bacteria,Actinomycetota,Thermoleophilia,Solirubrobacterales,67-14,NA,67-14,ASV2592_67-14
ASV26,-5.053222737,0.761037392,-6.639913876,7.22E-07,7.76E-05,TRUE,TRUE,BONCAT,Bacteria,Deinococcota,Deinococci,Deinococcales,Deinococcaceae,Deinococcus,Deinococcus,ASV26_Deinococcus
ASV260,0.031039697,0.781676299,0.039709144,0.968653495,0.986002349,FALSE,TRUE,BONCAT,Bacteria,Gemmatimonadota,Gemmatimonadia,Gemmatimonadales,Gemmatimonadaceae,Roseisolibacter,Roseisolibacter,ASV260_Roseisolibacter
ASV261,-3.045132404,0.710514953,-4.285810441,2.55E-04,0.006505821,TRUE,TRUE,BONCAT,Bacteria,Deinococcota,Deinococci,Deinococcales,Deinococcaceae,Deinococcus,Deinococcus,ASV261_Deinococcus
ASV2617,-0.136846548,0.528478059,-0.258944615,0.797886007,0.891928269,FALSE,TRUE,BONCAT,Bacteria,Planctomycetota,Phycisphaerae,Tepidisphaerales,WD2101 Bulk group,NA,WD2101_Bulk_group,ASV2617_WD2101_Bulk_group
ASV263,1.609328769,0.872751805,1.843970714,0.077568481,0.22457701,FALSE,TRUE,BONCAT,Bacteria,Planctomycetota,Planctomycetes,Isosphaerales,Isosphaeraceae,Tautonia,Tautonia,ASV263_Tautonia
ASV264,0.070392637,0.835935538,0.084208212,0.933589374,0.964509535,FALSE,TRUE,BONCAT,Bacteria,Gemmatimonadota,Longimicrobiia,Longimicrobiales,Longimicrobiaceae,NA,Longimicrobiaceae,ASV264_Longimicrobiaceae
ASV2642,-0.122783817,0.563238446,-0.217996157,0.829275004,0.907136797,FALSE,TRUE,BONCAT,Bacteria,Planctomycetota,Phycisphaerae,Tepidisphaerales,WD2101 Bulk group,NA,WD2101_Bulk_group,ASV2642_WD2101_Bulk_group
ASV265,-1.537235171,0.709050352,-2.168019757,0.040296606,0.14803943,FALSE,TRUE,BONCAT,Bacteria,Actinomycetota,Rubrobacteria,Rubrobacterales,Rubrobacteriaceae,Rubrobacter,Rubrobacter,ASV265_Rubrobacter
ASV2652,-0.168886159,0.502124209,-0.33634339,0.739535039,0.862915662,FALSE,TRUE,BONCAT,Bacteria,Chloroflexota,Chloroflexia,Thermomicrobiales,AKYG1722,NA,AKYG1722,ASV2652_AKYG1722
ASV2653,-1.350460321,0.5755687,-2.346306046,0.027552034,0.118762076,FALSE,TRUE,BONCAT,Bacteria,Chloroflexota,Chloroflexia,Chloroflexales,Chloroflexaceae,Chloronema,Chloronema,ASV2653_Chloronema
ASV266,0.385930079,0.634986788,0.607776551,0.549044178,0.723855111,FALSE,TRUE,BONCAT,Bacteria,Abditibacteriota,Abditibacteriia,Abditibacteriales,Abditibacteriaceae,Abditibacterium,Abditibacterium,ASV266_Abditibacterium
ASV267,2.192714689,0.743272583,2.950081492,0.006985027,0.052899997,FALSE,TRUE,BONCAT,Bacteria,Bacteroidota,Bacteroidia,Chitinophagales,Chitinophagaceae,Segetibacter,Segetibacter,ASV267_Segetibacter
ASV2672,0.096868213,0.575548032,0.168306045,0.867752848,0.927368596,FALSE,TRUE,BONCAT,Bacteria,Gemmatimonadota,Gemmatimonadia,Gemmatimonadales,Gemmatimonadaceae,Roseisolibacter,Roseisolibacter,ASV2672_Roseisolibacter
ASV2693,0.272042619,0.547580776,0.4968082,0.623844639,0.782435494,FALSE,TRUE,BONCAT,Bacteria,Bacteroidota,Bacteroidia,Chitinophagales,Chitinophagaceae,Ilyomonas,Ilyomonas,ASV2693_Ilyomonas
ASV2694,0.514510184,0.511730862,1.005431218,0.324719299,0.549824839,FALSE,TRUE,BONCAT,Bacteria,Planctomycetota,Planctomycetes,Gemmatales,Gemmataceae,NA,Gemmataceae,ASV2694_Gemmataceae
ASV27,1.027482771,0.745510183,1.378227682,0.180847255,0.392167172,FALSE,TRUE,BONCAT,Bacteria,Acidobacteriota,Blastocatellia,Blastocatellales,Blastocatellaceae,Aridibacter,Aridibacter,ASV27_Aridibacter
ASV270,0.133932681,0.621146619,0.215621686,0.831104629,0.908110933,FALSE,TRUE,BONCAT,Bacteria,Bacteroidota,Bacteroidia,Cytophagales,Hymenobacteraceae,Hymenobacter,Hymenobacter,ASV270_Hymenobacter
ASV2701,-1.521505106,0.617558895,-2.463740898,0.021301312,0.10617716,FALSE,TRUE,BONCAT,Bacteria,Planctomycetota,Planctomycetes,Gemmatales,Gemmataceae,Gemmata,Gemmata,ASV2701_Gemmata
ASV2715,-1.220640587,0.509012102,-2.398058085,0.024614297,0.111618143,FALSE,TRUE,BONCAT,Bacteria,Bacteroidota,Bacteroidia,Cytophagales,Hymenobacteraceae,Adhaeribacter,Adhaeribacter,ASV2715_Adhaeribacter
ASV272,0.831128223,0.627748659,1.323982474,0.197981308,0.412603287,FALSE,TRUE,BONCAT,Bacteria,Abditibacteriota,Abditibacteriia,Abditibacteriales,Abditibacteriaceae,Abditibacterium,Abditibacterium,ASV272_Abditibacterium
ASV2720,0.517505609,0.563319765,0.918671138,0.367408745,0.587630228,FALSE,TRUE,BONCAT,Bacteria,Chloroflexota,Anaerolineae,Ardenticatenales,Ardenticatenaceae,NA,Ardenticatenaceae,ASV2720_Ardenticatenaceae
ASV2725,0.439254329,0.655624133,0.66997889,0.509266786,0.694585307,FALSE,TRUE,BONCAT,Bacteria,Planctomycetota,Planctomycetes,Isosphaerales,Isosphaeraceae,NA,Isosphaeraceae,ASV2725_Isosphaeraceae
ASV2728,0.30875823,0.500295284,0.617151989,0.54294578,0.722185102,FALSE,TRUE,BONCAT,Bacteria,Bacteroidota,Bacteroidia,Chitinophagales,Chitinophagaceae,NA,Chitinophagaceae,ASV2728_Chitinophagaceae
ASV273,-0.96029003,0.567358902,-1.692561846,0.10348283,0.276430654,FALSE,TRUE,BONCAT,Bacteria,Actinomycetota,Actinobacteria,Frankiales,Geodermatophilaceae,Blastococcus,Blastococcus,ASV273_Blastococcus
ASV2732,-0.119751766,0.723512633,-0.165514409,0.86992544,0.928496579,FALSE,TRUE,BONCAT,Bacteria,Armatimonadota,Armatimonadia,Armatimonadales,Armatimonadaceae,NA,Armatimonadaceae,ASV2732_Armatimonadaceae
ASV2735,0.648140653,0.546678968,1.185596467,0.247387958,0.470200035,FALSE,TRUE,BONCAT,Bacteria,Chloroflexota,Anaerolineae,Ardenticatenales,Ardenticatenaceae,NA,Ardenticatenaceae,ASV2735_Ardenticatenaceae
ASV274,0.330192472,0.635079692,0.519922895,0.607880181,0.778178241,FALSE,TRUE,BONCAT,Bacteria,Actinomycetota,Actinobacteria,Micrococcales,Micrococcaceae,Kocuria,Kocuria,ASV274_Kocuria
ASV2742,-0.71765906,0.510781606,-1.405021345,0.172827043,0.382159554,FALSE,TRUE,BONCAT,Bacteria,Bacillota,Clostridia,Clostridiales,Clostridiaceae,NA,Clostridiaceae,ASV2742_Clostridiaceae
ASV2744,-1.211421257,0.549575355,-2.204285993,0.037337664,0.14558678,FALSE,TRUE,BONCAT,Bacteria,Chloroflexota,Chloroflexia,Kallotenuales,AKIW781,NA,AKIW781,ASV2744_AKIW781
ASV2753,-3.04E-04,0.53348941,-5.69E-04,0.999550561,0.999550561,FALSE,TRUE,BONCAT,Bacteria,Gemmatimonadota,Gemmatimonadia,Gemmatimonadales,Gemmatimonadaceae,Gemmatimonas,Gemmatimonas,ASV2753_Gemmatimonas
ASV2764,-1.045677798,0.512433253,-2.04061269,0.052436693,0.170728224,FALSE,TRUE,BONCAT,Bacteria,Chloroflexota,Anaerolineae,Ardenticatenales,Ardenticatenaceae,NA,Ardenticatenaceae,ASV2764_Ardenticatenaceae
ASV2775,0.238448954,0.511196093,0.466453005,0.645097611,0.79669143,FALSE,TRUE,BONCAT,Bacteria,Pseudomonadota,Alphaproteobacteria,Rhodospirillales,Magnetospirillaceae,NA,Magnetospirillaceae,ASV2775_Magnetospirillaceae
ASV28,2.691237365,0.701337456,3.83729308,7.94E-04,0.015357055,FALSE,FALSE,BONCAT,Bacteria,Pseudomonadota,Alphaproteobacteria,Sphingomonadales,Sphingomonadaceae,NA,Sphingomonadaceae,ASV28_Sphingomonadaceae
ASV280,0.466510909,0.604649344,0.771539593,0.447917649,0.650824434,FALSE,TRUE,BONCAT,Bacteria,Bacteroidota,Bacteroidia,Cytophagales,Spirosomataceae,Nibrella,Nibrella,ASV280_Nibrella
ASV2803,-0.203889228,0.647197222,-0.315034151,0.755458502,0.873837765,FALSE,TRUE,BONCAT,Bacteria,Abditibacteriota,Abditibacteriia,Abditibacteriales,Abditibacteriaceae,Abditibacterium,Abditibacterium,ASV2803_Abditibacterium
ASV281,1.010935263,0.672864093,1.502436039,0.14602922,0.346362827,FALSE,TRUE,BONCAT,Bacteria,Actinomycetota,Actinobacteria,Frankiales,Sporichthyaceae,Sporichthya,Sporichthya,ASV281_Sporichthya
ASV2813,-0.569385136,0.591166406,-0.963155433,0.345074392,0.571381741,FALSE,TRUE,BONCAT,Bacteria,Bacillota,Bacilli,Bacillales,Bacillaceae,Ferdinandcohnia,Ferdinandcohnia,ASV2813_Ferdinandcohnia
ASV2820,0.624357738,0.531945398,1.173725236,0.252021672,0.474554977,FALSE,TRUE,BONCAT,Bacteria,Gemmatimonadota,Gemmatimonadia,Gemmatimonadales,Gemmatimonadaceae,Gemmatimonas,Gemmatimonas,ASV2820_Gemmatimonas
ASV2865,-0.856479281,0.52903871,-1.618934995,0.118529267,0.297708574,FALSE,TRUE,BONCAT,Bacteria,Actinomycetota,Acidimicrobiia,Microtrichales,Microtrichaceae,NA,Microtrichaceae,ASV2865_Microtrichaceae
ASV287,0.371493683,0.725397838,0.512124056,0.6132449,0.778225484,FALSE,TRUE,BONCAT,Bacteria,Bacteroidota,Bacteroidia,Cytophagales,Hymenobacteraceae,Hymenobacter,Hymenobacter,ASV287_Hymenobacter
ASV288,-0.472263293,0.95016768,-0.497031526,0.623689476,0.782435494,FALSE,TRUE,BONCAT,Bacteria,Pseudomonadota,Alphaproteobacteria,Sphingomonadales,Sphingomonadaceae,Sphingomonas,Sphingomonas,ASV288_Sphingomonas
ASV2883,0.272211496,0.527162927,0.516370711,0.610320923,0.778178241,FALSE,TRUE,BONCAT,Bacteria,Actinomycetota,Thermoleophilia,Solirubrobacterales,Solirubrobacteraceae,Solirubrobacter,Solirubrobacter,ASV2883_Solirubrobacter
ASV2885,-0.86673152,0.56061925,-1.546025256,0.13518415,0.329277261,FALSE,TRUE,BONCAT,Bacteria,Chloroflexota,Chloroflexia,Kallotenuales,AKIW781,NA,AKIW781,ASV2885_AKIW781
ASV2886,-1.167598187,0.580589845,-2.01105513,0.055681327,0.177702453,FALSE,TRUE,BONCAT,Bacteria,Planctomycetota,Planctomycetes,Isosphaerales,Isosphaeraceae,Singulisphaera,Singulisphaera,ASV2886_Singulisphaera
ASV289,2.997960228,0.455437365,6.582596108,8.28E-07,8.01E-05,TRUE,TRUE,BONCAT,Bacteria,Pseudomonadota,Alphaproteobacteria,Sphingomonadales,Sphingomonadaceae,MN 122.2a,MN_122.2a,ASV289_MN_122.2a
ASV2899,-0.23108724,0.641783963,-0.360070139,0.721944063,0.851365743,FALSE,TRUE,BONCAT,Bacteria,Acidobacteriota,Vicinamibacteria,Vicinamibacterales,Vicinamibacteraceae,NA,Vicinamibacteraceae,ASV2899_Vicinamibacteraceae
ASV29,-0.5808488,0.568284062,-1.022109959,0.316921835,0.541454797,FALSE,TRUE,BONCAT,Bacteria,Pseudomonadota,Alphaproteobacteria,Rhodobacterales,Paracoccaceae,Rubellimicrobium,Rubellimicrobium,ASV29_Rubellimicrobium
ASV292,0.054551172,0.631190917,0.086425788,0.93184496,0.964509535,FALSE,TRUE,BONCAT,Bacteria,Acidobacteriota,Blastocatellia,Pyrinomonadales,Pyrinomonadaceae,NA,Pyrinomonadaceae,ASV292_Pyrinomonadaceae
ASV293,-0.287531119,0.828906814,-0.346879908,0.731704708,0.857646609,FALSE,TRUE,BONCAT,Bacteria,Actinomycetota,Actinobacteria,Kineosporiales,Kineosporiaceae,Thalassiella,Thalassiella,ASV293_Thalassiella
ASV2941,-0.316765989,0.600021307,-0.527924567,0.602399176,0.773305255,FALSE,TRUE,BONCAT,Bacteria,Planctomycetota,Phycisphaerae,Tepidisphaerales,WD2101 Bulk group,NA,WD2101_Bulk_group,ASV2941_WD2101_Bulk_group
ASV2955,-0.168515445,0.575940471,-0.292591775,0.772348888,0.884340909,FALSE,TRUE,BONCAT,Bacteria,Armatimonadota,Armatimonadia,Armatimonadales,Armatimonadaceae,NA,Armatimonadaceae,ASV2955_Armatimonadaceae
ASV2957,0.665457583,0.550349913,1.209153609,0.238381274,0.462153529,FALSE,TRUE,BONCAT,Bacteria,Abditibacteriota,Abditibacteriia,Abditibacteriales,Abditibacteriaceae,Abditibacterium,Abditibacterium,ASV2957_Abditibacterium
ASV296,0.640857232,0.839420344,0.76345211,0.452633924,0.652305521,FALSE,TRUE,BONCAT,Bacteria,Pseudomonadota,Alphaproteobacteria,Hyphomicrobiales,Devosiaceae,Devosia,Devosia,ASV296_Devosia
ASV2966,-0.521915533,0.547751063,-0.952833446,0.350173101,0.574369986,FALSE,TRUE,BONCAT,Bacteria,Planctomycetota,Planctomycetes,Gemmatales,Gemmataceae,Gemmata,Gemmata,ASV2966_Gemmata
ASV2977,-1.333971798,0.481481447,-2.770557011,0.010630609,0.066648551,FALSE,FALSE,BONCAT,Bacteria,Planctomycetota,Phycisphaerae,Tepidisphaerales,WD2101 Bulk group,NA,WD2101_Bulk_group,ASV2977_WD2101_Bulk_group
ASV298,0.538560804,0.660037213,0.815955212,0.422550617,0.627659673,FALSE,TRUE,BONCAT,Bacteria,Pseudomonadota,Alphaproteobacteria,Acetobacterales,Acetobacteraceae,NA,Acetobacteraceae,ASV298_Acetobacteraceae
ASV2981,-1.320527617,0.538869063,-2.450553777,0.021931412,0.10710947,FALSE,TRUE,BONCAT,Bacteria,Actinomycetota,Actinobacteria,Kineosporiales,Kineosporiaceae,Kineosporia,Kineosporia,ASV2981_Kineosporia
ASV2993,-0.166709879,0.503868863,-0.330859656,0.743621791,0.863461163,FALSE,TRUE,BONCAT,Bacteria,Patescibacteria,Saccharimonadia,Saccharimonadales,LWQ8,NA,LWQ8,ASV2993_LWQ8
ASV3000,-1.171111654,0.552341806,-2.120266186,0.04451466,0.154687605,FALSE,TRUE,BONCAT,Bacteria,Myxococcota,Polyangiia,Polyangiales,Sandaracinaceae,NA,Sandaracinaceae,ASV3000_Sandaracinaceae
ASV3001,-1.529440885,0.546008783,-2.801128722,0.009903183,0.064270994,FALSE,TRUE,BONCAT,Bacteria,Acidobacteriota,Vicinamibacteria,Vicinamibacterales,Vicinamibacteraceae,NA,Vicinamibacteraceae,ASV3001_Vicinamibacteraceae
ASV3018,-1.724369783,0.552685402,-3.11998431,0.004658482,0.040583354,TRUE,TRUE,BONCAT,Bacteria,Armatimonadota,Armatimonadia,Armatimonadales,Armatimonadaceae,NA,Armatimonadaceae,ASV3018_Armatimonadaceae
ASV302,-0.975193896,0.467682889,-2.085160519,0.047863766,0.161269206,FALSE,TRUE,BONCAT,Bacteria,Deinococcota,Deinococci,Deinococcales,Trueperaceae,Truepera,Truepera,ASV302_Truepera
ASV303,0.532685611,0.704140296,0.756504938,0.456708942,0.654423223,FALSE,TRUE,BONCAT,Bacteria,Planctomycetota,Phycisphaerae,Tepidisphaerales,WD2101 Bulk group,NA,WD2101_Bulk_group,ASV303_WD2101_Bulk_group
ASV3039,-0.31271907,0.48880675,-0.63976013,0.52838895,0.70986541,FALSE,TRUE,BONCAT,Bacteria,Planctomycetota,Planctomycetes,Isosphaerales,Isosphaeraceae,Tautonia,Tautonia,ASV3039_Tautonia
ASV305,-1.966679914,0.930010268,-2.114686238,0.045032545,0.154687605,FALSE,TRUE,BONCAT,Bacteria,Actinomycetota,Thermoleophilia,Solirubrobacterales,Solirubrobacteraceae,Solirubrobacter,Solirubrobacter,ASV305_Solirubrobacter
ASV307,-0.022466958,0.585106722,-0.038398052,0.969687936,0.986002349,FALSE,TRUE,BONCAT,Bacteria,Pseudomonadota,Gammaproteobacteria,Burkholderiales,Burkholderiaceae,Lautropia,Lautropia,ASV307_Lautropia
ASV3080,-0.48640512,0.551371836,-0.882172588,0.386433979,0.601741799,FALSE,TRUE,BONCAT,Bacteria,Actinomycetota,Acidimicrobiia,Acidimicrobiales,Acidimicrobiaceae,NA,Acidimicrobiaceae,ASV3080_Acidimicrobiaceae
ASV3082,-1.453423148,0.54440239,-2.669758943,0.013402666,0.077145106,FALSE,TRUE,BONCAT,Bacteria,Chloroflexota,Chloroflexia,Chloroflexales,Roseiflexaceae,NA,Roseiflexaceae,ASV3082_Roseiflexaceae
ASV3083,-1.292065241,0.592711226,-2.179923689,0.039302832,0.14803943,FALSE,TRUE,BONCAT,Bacteria,Pseudomonadota,Gammaproteobacteria,Burkholderiales,Comamonadaceae,Inhella,Inhella,ASV3083_Inhella
ASV309,-0.347865385,0.675890447,-0.514677173,0.611486197,0.778178241,FALSE,TRUE,BONCAT,Bacteria,Bacteroidota,Bacteroidia,Chitinophagales,Chitinophagaceae,Cnuella,Cnuella,ASV309_Cnuella
ASV3093,0.637171062,0.580661574,1.097319144,0.283390003,0.504242357,FALSE,TRUE,BONCAT,Bacteria,Pseudomonadota,Alphaproteobacteria,Caulobacterales,Caulobacteraceae,Phenylobacterium,Phenylobacterium,ASV3093_Phenylobacterium
ASV31,-4.865908607,0.715574546,-6.80000237,4.94E-07,5.97E-05,TRUE,TRUE,BONCAT,Bacteria,Deinococcota,Deinococci,Deinococcales,Deinococcaceae,Deinococcus,Deinococcus,ASV31_Deinococcus
ASV3104,-0.110026527,0.634034295,-0.173534031,0.863687035,0.925926123,FALSE,TRUE,BONCAT,Bacteria,Pseudomonadota,Gammaproteobacteria,Burkholderiales,Rhodocyclaceae,NA,Rhodocyclaceae,ASV3104_Rhodocyclaceae
ASV3105,-0.693961155,0.533472242,-1.300838358,0.205665676,0.42224779,FALSE,TRUE,BONCAT,Bacteria,Actinomycetota,Thermoleophilia,Solirubrobacterales,Solirubrobacteraceae,Solirubrobacter,Solirubrobacter,ASV3105_Solirubrobacter
ASV312,-0.484305724,0.686163244,-0.70581706,0.487097221,0.676757203,FALSE,TRUE,BONCAT,Bacteria,Actinomycetota,Actinobacteria,Propionibacteriales,Nocardioidaceae,Nocardioides,Nocardioides,ASV312_Nocardioides
ASV314,1.248582787,0.78126468,1.598155937,0.123092195,0.30520552,FALSE,TRUE,BONCAT,Bacteria,Pseudomonadota,Alphaproteobacteria,Sphingomonadales,Sphingomonadaceae,Sphingomonas,Sphingomonas,ASV314_Sphingomonas
ASV3142,-0.968500713,0.599717973,-1.614926945,0.119398267,0.298341405,FALSE,TRUE,BONCAT,Bacteria,Chloroflexota,Anaerolineae,Caldilineales,Caldilineaceae,Litorilinea,Litorilinea,ASV3142_Litorilinea
ASV315,-1.708545767,0.826207623,-2.067937548,0.04958777,0.164217034,FALSE,TRUE,BONCAT,Bacteria,Acidobacteriota,Blastocatellia,Blastocatellales,Blastocatellaceae,JGI 0001001-H03,JGI_0001001-H03,ASV315_JGI_0001001-H03
ASV3150,1.003976734,0.581585738,1.726274679,0.097151044,0.263890616,FALSE,TRUE,BONCAT,Bacteria,SAR324 clade(Marine group B),Incertae Sedis,Incertae Sedis,Incertae Sedis,Candidatus Nitrosoarchaeum,Candidatus_Nitrosoarchaeum,ASV3150_Candidatus_Nitrosoarchaeum
ASV3159,-1.961931655,0.571442434,-3.433297106,0.002172132,0.027581554,TRUE,TRUE,BONCAT,Bacteria,Myxococcota,Polyangiia,Polyangiales,Sandaracinaceae,NA,Sandaracinaceae,ASV3159_Sandaracinaceae
ASV316,1.699482836,0.692564384,2.45389869,0.021769975,0.10710947,FALSE,TRUE,BONCAT,Bacteria,Pseudomonadota,Alphaproteobacteria,Caulobacterales,Caulobacteraceae,PMMR1,PMMR1,ASV316_PMMR1
ASV3167,-0.934075269,0.557136066,-1.67656579,0.106607122,0.279598214,FALSE,TRUE,BONCAT,Bacteria,Chloroflexota,Chloroflexia,Chloroflexales,Chloroflexaceae,FFCH7168,FFCH7168,ASV3167_FFCH7168
ASV317,2.632947468,0.67577542,3.896187093,6.85E-04,0.013511928,TRUE,TRUE,BONCAT,Bacteria,Actinomycetota,Actinobacteria,Euzebyales,Euzebyaceae,NA,Euzebyaceae,ASV317_Euzebyaceae
ASV3172,-0.56266652,0.566855145,-0.992610767,0.33080256,0.557292814,FALSE,TRUE,BONCAT,Bacteria,Acidobacteriota,Acidobacteriae,Bryobacterales,Bryobacteraceae,Bryobacter,Bryobacter,ASV3172_Bryobacter
ASV318,-0.255232547,0.724577844,-0.352250002,0.727725204,0.855152951,FALSE,TRUE,BONCAT,Bacteria,Planctomycetota,Planctomycetes,Gemmatales,Gemmataceae,Gemmata,Gemmata,ASV318_Gemmata
ASV319,-2.538821589,0.781999449,-3.246577208,0.003430389,0.036452599,TRUE,TRUE,BONCAT,Bacteria,Bacteroidota,Bacteroidia,Cytophagales,Hymenobacteraceae,Hymenobacter,Hymenobacter,ASV319_Hymenobacter
ASV320,0.613400631,0.772716303,0.793823851,0.435077013,0.638421049,FALSE,TRUE,BONCAT,Bacteria,Actinomycetota,Thermoleophilia,Solirubrobacterales,Solirubrobacteraceae,Solirubrobacter,Solirubrobacter,ASV320_Solirubrobacter
ASV3209,-0.016321025,0.612986883,-0.026625407,0.978978666,0.988166359,FALSE,TRUE,BONCAT,Bacteria,Gemmatimonadota,Longimicrobiia,Longimicrobiales,Longimicrobiaceae,NA,Longimicrobiaceae,ASV3209_Longimicrobiaceae
ASV3239,-0.249482611,0.527046585,-0.473359695,0.640233891,0.792709568,FALSE,TRUE,BONCAT,Bacteria,Patescibacteria,Saccharimonadia,Saccharimonadales,LWQ8,NA,LWQ8,ASV3239_LWQ8
ASV3242,-0.131438123,0.553464994,-0.237482269,0.814298275,0.899435791,FALSE,TRUE,BONCAT,Bacteria,Gemmatimonadota,Gemmatimonadia,Gemmatimonadales,Gemmatimonadaceae,Gemmatimonas,Gemmatimonas,ASV3242_Gemmatimonas
ASV325,1.152766201,0.767482353,1.502010041,0.146138608,0.346362827,FALSE,TRUE,BONCAT,Bacteria,Pseudomonadota,Alphaproteobacteria,Sphingomonadales,Sphingomonadaceae,NA,Sphingomonadaceae,ASV325_Sphingomonadaceae
ASV3252,0.454613574,0.552697974,0.822535265,0.418870032,0.624109893,FALSE,TRUE,BONCAT,Bacteria,Planctomycetota,Planctomycetes,Gemmatales,Gemmataceae,NA,Gemmataceae,ASV3252_Gemmataceae
ASV326,-0.460223452,0.52412579,-0.878078241,0.388607455,0.602204757,FALSE,TRUE,BONCAT,Bacteria,Verrucomicrobiota,Verrucomicrobiia,Chthoniobacterales,Chthoniobacteraceae,Chthoniobacter,Chthoniobacter,ASV326_Chthoniobacter
ASV3268,-0.229939113,0.546832407,-0.420492843,0.677866679,0.814675301,FALSE,TRUE,BONCAT,Bacteria,Actinomycetota,Acidimicrobiia,Acidimicrobiales,Acidimicrobiaceae,NA,Acidimicrobiaceae,ASV3268_Acidimicrobiaceae
ASV327,0.600298004,0.901650694,0.665776678,0.511902661,0.696216418,FALSE,TRUE,BONCAT,Bacteria,Actinomycetota,Actinobacteria,Kitasatosporales,Streptomycetaceae,NA,Streptomycetaceae,ASV327_Streptomycetaceae
ASV329,-0.887161796,0.832883353,-1.065169321,0.297398695,0.520986482,FALSE,TRUE,BONCAT,Bacteria,Gemmatimonadota,Gemmatimonadia,Gemmatimonadales,Gemmatimonadaceae,Gemmatimonas,Gemmatimonas,ASV329_Gemmatimonas
ASV3294,-1.032091372,0.488251775,-2.113850735,0.045110553,0.154687605,FALSE,TRUE,BONCAT,Bacteria,Gemmatimonadota,Longimicrobiia,Longimicrobiales,Longimicrobiaceae,NA,Longimicrobiaceae,ASV3294_Longimicrobiaceae
ASV330,-1.556106378,0.728958125,-2.134699272,0.043199791,0.153674297,FALSE,TRUE,BONCAT,Bacteria,Chloroflexota,Chloroflexia,Kallotenuales,AKIW781,NA,AKIW781,ASV330_AKIW781
ASV332,-0.560423332,0.726894135,-0.770983428,0.448241027,0.650824434,FALSE,TRUE,BONCAT,Bacteria,Planctomycetota,Phycisphaerae,Tepidisphaerales,WD2101 Bulk group,NA,WD2101_Bulk_group,ASV332_WD2101_Bulk_group
ASV333,1.046662677,0.70627972,1.481937889,0.151368744,0.350176018,FALSE,TRUE,BONCAT,Bacteria,Planctomycetota,Phycisphaerae,Tepidisphaerales,WD2101 Bulk group,NA,WD2101_Bulk_group,ASV333_WD2101_Bulk_group
ASV334,-1.404430267,0.602258971,-2.331937479,0.028422913,0.119636756,FALSE,TRUE,BONCAT,Bacteria,Myxococcota,Polyangiia,Polyangiales,Phaselicystaceae,Phaselicystis,Phaselicystis,ASV334_Phaselicystis
ASV3349,-0.800476007,0.548848561,-1.458464255,0.157676412,0.361310642,FALSE,TRUE,BONCAT,Bacteria,Actinomycetota,Actinobacteria,Mycobacteriales,Corynebacteriaceae,Corynebacterium,Corynebacterium,ASV3349_Corynebacterium
ASV335,0.194129422,0.687925471,0.282195428,0.78021293,0.886563929,FALSE,TRUE,BONCAT,Bacteria,Pseudomonadota,Alphaproteobacteria,Acetobacterales,Acetobacteraceae,Rubritepida,Rubritepida,ASV335_Rubritepida
ASV336,1.591959033,0.64956608,2.450803824,0.021919305,0.10710947,FALSE,TRUE,BONCAT,Bacteria,Chloroflexota,Chloroflexia,Thermomicrobiales,JG30-KF-CM45,NA,JG30-KF-CM45,ASV336_JG30-KF-CM45
ASV3366,-1.054738032,0.500454738,-2.10755929,0.045701861,0.155421976,FALSE,TRUE,BONCAT,Bacteria,Myxococcota,Polyangiia,Polyangiales,Sandaracinaceae,NA,Sandaracinaceae,ASV3366_Sandaracinaceae
ASV337,-0.584853928,0.763862594,-0.765653316,0.451347327,0.652305521,FALSE,TRUE,BONCAT,Bacteria,Pseudomonadota,Alphaproteobacteria,Sphingomonadales,Sphingomonadaceae,Sandaracinobacter,Sandaracinobacter,ASV337_Sandaracinobacter
ASV3381,-0.783653761,0.548332032,-1.429159186,0.165846323,0.372961383,FALSE,TRUE,BONCAT,Bacteria,Gemmatimonadota,Gemmatimonadia,Gemmatimonadales,Gemmatimonadaceae,Gemmatirosa,Gemmatirosa,ASV3381_Gemmatirosa
ASV339,0.562352741,0.73385353,0.766301064,0.45096914,0.652305521,FALSE,TRUE,BONCAT,Bacteria,Actinomycetota,Actinobacteria,Micrococcales,Intrasporangiaceae,Ornithinimicrobium,Ornithinimicrobium,ASV339_Ornithinimicrobium
ASV3394,0.567248644,0.51588855,1.099556569,0.282433062,0.503898101,FALSE,TRUE,BONCAT,Bacteria,Patescibacteria,Saccharimonadia,Saccharimonadales,LWQ8,NA,LWQ8,ASV3394_LWQ8
ASV3399,0.300944399,0.535488734,0.561999498,0.579327775,0.749946397,FALSE,TRUE,BONCAT,Bacteria,Pseudomonadota,Alphaproteobacteria,Rickettsiales,Rickettsiaceae,Candidatus Cryptoprodotis,Candidatus_Cryptoprodotis,ASV3399_Candidatus_Cryptoprodotis
ASV34,-1.211843846,0.470212767,-2.577224462,0.016532694,0.089435086,FALSE,TRUE,BONCAT,Bacteria,Pseudomonadota,Alphaproteobacteria,Hyphomicrobiales,Beijerinckiaceae,Microvirga,Microvirga,ASV34_Microvirga
ASV340,-4.172334406,0.670909262,-6.218925036,1.99E-06,1.75E-04,TRUE,TRUE,BONCAT,Bacteria,Abditibacteriota,Abditibacteriia,Abditibacteriales,Abditibacteriaceae,Abditibacterium,Abditibacterium,ASV340_Abditibacterium
ASV3400,-0.246193659,0.492920054,-0.499459612,0.622003632,0.782435494,FALSE,TRUE,BONCAT,Bacteria,Patescibacteria,Saccharimonadia,Saccharimonadales,LWQ8,NA,LWQ8,ASV3400_LWQ8
ASV3410,-1.195676527,0.567626508,-2.106449418,0.04580689,0.155421976,FALSE,TRUE,BONCAT,Bacteria,Armatimonadota,Fimbriimonadia,Fimbriimonadales,Fimbriimonadaceae,Fimbriimonas,Fimbriimonas,ASV3410_Fimbriimonas
ASV343,2.026278867,0.663890744,3.052127001,0.005481034,0.045691034,FALSE,FALSE,BONCAT,Bacteria,Abditibacteriota,Abditibacteriia,Abditibacteriales,Abditibacteriaceae,Abditibacterium,Abditibacterium,ASV343_Abditibacterium
ASV3443,0.112254454,0.473464203,0.237091745,0.814597739,0.899435791,FALSE,TRUE,BONCAT,Bacteria,Bdellovibrionota,Bdellovibrionia,Bdellovibrionales,Pseudobdellovibrionaceae,NA,Pseudobdellovibrionaceae,ASV3443_Pseudobdellovibrionaceae
ASV345,-1.353742089,0.915496359,-1.478697403,0.152227158,0.350484909,FALSE,TRUE,BONCAT,Bacteria,Pseudomonadota,Alphaproteobacteria,Rhodobacterales,Paracoccaceae,Rubellimicrobium,Rubellimicrobium,ASV345_Rubellimicrobium
ASV3453,-1.239035957,0.506600335,-2.445785903,0.022163439,0.10769872,FALSE,TRUE,BONCAT,Bacteria,Bacteroidota,Bacteroidia,Cytophagales,Hymenobacteraceae,Adhaeribacter,Adhaeribacter,ASV3453_Adhaeribacter
ASV3470,-1.23818597,0.516210376,-2.398607287,0.024584728,0.111618143,FALSE,TRUE,BONCAT,Bacteria,Pseudomonadota,Alphaproteobacteria,Acetobacterales,Acetobacteraceae,Roseomonas,Roseomonas,ASV3470_Roseomonas
ASV348,-0.54374152,0.610580572,-0.890531971,0.382020971,0.597491464,FALSE,TRUE,BONCAT,Bacteria,Bacteroidota,Bacteroidia,Chitinophagales,Chitinophagaceae,Flavisolibacter,Flavisolibacter,ASV348_Flavisolibacter
ASV349,2.055457555,0.624119458,3.293372011,0.003061001,0.033636228,FALSE,FALSE,BONCAT,Bacteria,Actinomycetota,Thermoleophilia,Solirubrobacterales,67-14,NA,67-14,ASV349_67-14
ASV3495,-0.469440291,0.512883227,-0.915296633,0.369141293,0.587630228,FALSE,TRUE,BONCAT,Bacteria,Pseudomonadota,Alphaproteobacteria,Hyphomicrobiales,Xanthobacteraceae,NA,Xanthobacteraceae,ASV3495_Xanthobacteraceae
ASV3510,0.238259254,0.572746037,0.415994593,0.681110348,0.814903771,FALSE,TRUE,BONCAT,Bacteria,Gemmatimonadota,Gemmatimonadia,Gemmatimonadales,Gemmatimonadaceae,Gemmatimonas,Gemmatimonas,ASV3510_Gemmatimonas
ASV353,0.236862855,0.51931263,0.456108404,0.652412572,0.799598171,FALSE,TRUE,BONCAT,Bacteria,Pseudomonadota,Alphaproteobacteria,Azospirillales,Azospirillaceae,Skermanella,Skermanella,ASV353_Skermanella
ASV354,-0.162513557,0.649573179,-0.25018514,0.804573384,0.893584448,FALSE,TRUE,BONCAT,Bacteria,Chloroflexota,Chloroflexia,Thermomicrobiales,JG30-KF-CM45,NA,JG30-KF-CM45,ASV354_JG30-KF-CM45
ASV355,-0.951558729,0.63892333,-1.489315985,0.14942889,0.349028349,FALSE,TRUE,BONCAT,Bacteria,Abditibacteriota,Abditibacteriia,Abditibacteriales,Abditibacteriaceae,Abditibacterium,Abditibacterium,ASV355_Abditibacterium
ASV3558,0.037135229,0.497229884,0.074684226,0.941084985,0.966060701,FALSE,TRUE,BONCAT,Bacteria,Patescibacteria,Saccharimonadia,Saccharimonadales,LWQ8,NA,LWQ8,ASV3558_LWQ8
ASV3566,0.070424248,0.54847694,0.128399652,0.898902611,0.949809134,FALSE,TRUE,BONCAT,Bacteria,Planctomycetota,Phycisphaerae,Tepidisphaerales,WD2101 Bulk group,NA,WD2101_Bulk_group,ASV3566_WD2101_Bulk_group
ASV357,1.045017587,0.784015858,1.332903636,0.195079597,0.409249214,FALSE,TRUE,BONCAT,Bacteria,Bacteroidota,Bacteroidia,Chitinophagales,Chitinophagaceae,Flavisolibacter,Flavisolibacter,ASV357_Flavisolibacter
ASV3573,-1.269206717,0.510237588,-2.487481808,0.020208999,0.101781782,FALSE,TRUE,BONCAT,Bacteria,Verrucomicrobiota,Verrucomicrobiia,Chthoniobacterales,Chthoniobacteraceae,Chthoniobacter,Chthoniobacter,ASV3573_Chthoniobacter
ASV36,2.430396609,0.677183546,3.588977649,0.001477554,0.021011689,FALSE,FALSE,BONCAT,Bacteria,Pseudomonadota,Alphaproteobacteria,Sphingomonadales,Sphingomonadaceae,Ellin6055,Ellin6055,ASV36_Ellin6055
ASV3604,-0.23977245,0.53132229,-0.451274969,0.655842717,0.801769794,FALSE,TRUE,BONCAT,Bacteria,Myxococcota,Polyangiia,Polyangiales,BIrii41,NA,BIrii41,ASV3604_BIrii41
ASV3606,0.561136015,0.562828606,0.996992706,0.328714579,0.554741707,FALSE,TRUE,BONCAT,Bacteria,Planctomycetota,Planctomycetes,Gemmatales,Gemmataceae,NA,Gemmataceae,ASV3606_Gemmataceae
ASV361,-2.887691779,0.860356155,-3.356391145,0.002623916,0.03094301,TRUE,TRUE,BONCAT,Bacteria,Chloroflexota,Chloroflexia,Chloroflexales,Chloroflexaceae,NA,Chloroflexaceae,ASV361_Chloroflexaceae
ASV363,1.934445272,0.699454313,2.765649216,0.01075199,0.066648551,FALSE,TRUE,BONCAT,Bacteria,Pseudomonadota,Alphaproteobacteria,Sphingomonadales,Sphingomonadaceae,Sphingomonas,Sphingomonas,ASV363_Sphingomonas
ASV364,-1.175310964,0.790533558,-1.486731275,0.150106156,0.349043274,FALSE,TRUE,BONCAT,Bacteria,Acidobacteriota,Blastocatellia,Blastocatellales,Blastocatellaceae,Aridibacter,Aridibacter,ASV364_Aridibacter
ASV366,0.529542326,0.6687409,0.791849767,0.436205324,0.639106892,FALSE,TRUE,BONCAT,Bacteria,Bacteroidota,Bacteroidia,Cytophagales,Cytophagaceae,Rhodocytophaga,Rhodocytophaga,ASV366_Rhodocytophaga
ASV367,0.190069886,0.829306179,0.229191451,0.820662011,0.900509257,FALSE,TRUE,BONCAT,Bacteria,Acidobacteriota,Acidobacteriae,Bryobacterales,Bryobacteraceae,Bryobacter,Bryobacter,ASV367_Bryobacter
ASV37,-0.2171446,0.688910889,-0.315199837,0.755334255,0.873837765,FALSE,TRUE,BONCAT,Bacteria,Acidobacteriota,Blastocatellia,Blastocatellales,Blastocatellaceae,Blastocatella,Blastocatella,ASV37_Blastocatella
ASV3707,0.60888454,0.53152322,1.145546455,0.263277697,0.485857887,FALSE,TRUE,BONCAT,Bacteria,Planctomycetota,Planctomycetes,Gemmatales,Gemmataceae,NA,Gemmataceae,ASV3707_Gemmataceae
ASV3713,-0.751471568,0.496790978,-1.512651398,0.143426019,0.345007364,FALSE,TRUE,BONCAT,Bacteria,Acidobacteriota,Acidobacteriae,Bryobacterales,Bryobacteraceae,Bryobacter,Bryobacter,ASV3713_Bryobacter
ASV372,2.051636816,0.586784731,3.496404575,0.001858821,0.024623014,FALSE,FALSE,BONCAT,Bacteria,Bacteroidota,Bacteroidia,Chitinophagales,Chitinophagaceae,NA,Chitinophagaceae,ASV372_Chitinophagaceae
ASV373,-2.499210263,0.799883666,-3.12446718,0.00460854,0.040513256,TRUE,TRUE,BONCAT,Bacteria,Bacteroidota,Bacteroidia,Cytophagales,Spirosomataceae,Spirosoma,Spirosoma,ASV373_Spirosoma
ASV3749,-0.05901248,0.601766533,-0.098065408,0.922694787,0.961471831,FALSE,TRUE,BONCAT,Bacteria,Armatimonadota,Armatimonadia,Armatimonadales,Armatimonadaceae,NA,Armatimonadaceae,ASV3749_Armatimonadaceae
ASV375,-1.277895231,0.696139585,-1.835688214,0.078825432,0.225515363,FALSE,TRUE,BONCAT,Bacteria,Pseudomonadota,Alphaproteobacteria,Rhodobacterales,Paracoccaceae,NA,Paracoccaceae,ASV375_Paracoccaceae
ASV3757,-0.460380058,0.505121347,-0.911424671,0.371135893,0.588341654,FALSE,TRUE,BONCAT,Bacteria,Myxococcota,Polyangiia,Haliangiales,Haliangiaceae,NA,Haliangiaceae,ASV3757_Haliangiaceae
ASV376,0.665285927,0.721627858,0.921923842,0.36574384,0.587537704,FALSE,TRUE,BONCAT,Bacteria,Planctomycetota,Phycisphaerae,Tepidisphaerales,WD2101 Bulk group,NA,WD2101_Bulk_group,ASV376_WD2101_Bulk_group
ASV379,0.155084042,0.826591511,0.18761872,0.852752749,0.921354088,FALSE,TRUE,BONCAT,Bacteria,Planctomycetota,Planctomycetes,Isosphaerales,Isosphaeraceae,Tundrisphaera,Tundrisphaera,ASV379_Tundrisphaera
ASV382,0.216825243,0.828886788,0.261586077,0.795872463,0.891782933,FALSE,TRUE,BONCAT,Bacteria,Chloroflexota,Anaerolineae,Caldilineales,Caldilineaceae,Litorilinea,Litorilinea,ASV382_Litorilinea
ASV3829,-1.27159255,0.541918969,-2.34646252,0.027542686,0.118762076,FALSE,TRUE,BONCAT,Bacteria,Bacteroidota,Bacteroidia,Chitinophagales,Chitinophagaceae,Segetibacter,Segetibacter,ASV3829_Segetibacter
ASV384,0.641077555,0.70962777,0.903399757,0.375292444,0.592019239,FALSE,TRUE,BONCAT,Bacteria,Acidobacteriota,Blastocatellia,Blastocatellales,Blastocatellaceae,Aridibacter,Aridibacter,ASV384_Aridibacter
ASV3849,0.400364965,0.582907469,0.686841372,0.498766095,0.683154127,FALSE,TRUE,BONCAT,Bacteria,Patescibacteria,Saccharimonadia,Saccharimonadales,LWQ8,NA,LWQ8,ASV3849_LWQ8
ASV385,-2.254616662,0.680961469,-3.31093133,0.002932584,0.032761193,TRUE,TRUE,BONCAT,Bacteria,Pseudomonadota,Alphaproteobacteria,Sphingomonadales,Sphingomonadaceae,Sphingoaurantiacus,Sphingoaurantiacus,ASV385_Sphingoaurantiacus
ASV386,1.5248715,0.638354657,2.38875284,0.025120295,0.111618143,FALSE,TRUE,BONCAT,Bacteria,Bacteroidota,Bacteroidia,Chitinophagales,Chitinophagaceae,Segetibacter,Segetibacter,ASV386_Segetibacter
ASV39,1.35028362,0.678434393,1.990293584,0.058065508,0.182303071,FALSE,TRUE,BONCAT,Bacteria,Actinomycetota,Actinobacteria,Frankiales,Geodermatophilaceae,Geodermatophilus,Geodermatophilus,ASV39_Geodermatophilus
ASV390,0.536186473,0.718155324,0.746616304,0.462547003,0.658236831,FALSE,TRUE,BONCAT,Bacteria,Pseudomonadota,Alphaproteobacteria,Tistrellales,Geminicoccaceae,Candidatus Alysiosphaera,Candidatus_Alysiosphaera,ASV390_Candidatus_Alysiosphaera
ASV391,0.645954827,0.586483359,1.101403504,0.281644888,0.503898101,FALSE,TRUE,BONCAT,Bacteria,Chloroflexota,Chloroflexia,Kallotenuales,AKIW781,NA,AKIW781,ASV391_AKIW781
ASV3916,-0.524986042,0.554454036,-0.946852231,0.353150764,0.576852684,FALSE,TRUE,BONCAT,Bacteria,Planctomycetota,Planctomycetes,Gemmatales,Gemmataceae,Gemmata,Gemmata,ASV3916_Gemmata
ASV394,2.140872197,0.611692581,3.499915258,0.001842751,0.024623014,FALSE,FALSE,BONCAT,Bacteria,Bacteroidota,Bacteroidia,Chitinophagales,Chitinophagaceae,Segetibacter,Segetibacter,ASV394_Segetibacter
ASV395,-1.211383896,0.812112716,-1.491645029,0.148820741,0.349028349,FALSE,TRUE,BONCAT,Bacteria,Chloroflexota,Chloroflexia,Chloroflexales,Herpetosiphonaceae,Herpetosiphon,Herpetosiphon,ASV395_Herpetosiphon
ASV3957,-1.026070702,0.4846557,-2.117112625,0.044806687,0.154687605,FALSE,TRUE,BONCAT,Bacteria,Pseudomonadota,Alphaproteobacteria,Acetobacterales,Acetobacteraceae,Roseomonas,Roseomonas,ASV3957_Roseomonas
ASV396,-0.362066152,0.497158847,-0.72827056,0.473494459,0.668445688,FALSE,TRUE,BONCAT,Bacteria,Deinococcota,Deinococci,Deinococcales,Deinococcaceae,Deinococcus,Deinococcus,ASV396_Deinococcus
ASV398,0.384180051,0.728870829,0.527089349,0.602970178,0.773305255,FALSE,TRUE,BONCAT,Bacteria,Pseudomonadota,Alphaproteobacteria,Rhodobacterales,Paracoccaceae,Rubellimicrobium,Rubellimicrobium,ASV398_Rubellimicrobium
ASV3992,-0.765863478,0.541151658,-1.415247402,0.16984161,0.378940223,FALSE,TRUE,BONCAT,Bacteria,Actinomycetota,Thermoleophilia,Solirubrobacterales,Solirubrobacteraceae,Solirubrobacter,Solirubrobacter,ASV3992_Solirubrobacter
ASV4,-1.712111991,0.466739104,-3.668242018,0.001212796,0.019502118,TRUE,TRUE,BONCAT,Bacteria,Pseudomonadota,Gammaproteobacteria,Burkholderiales,Comamonadaceae,Ramlibacter,Ramlibacter,ASV4_Ramlibacter
ASV400,-0.533030951,0.512931528,-1.039185392,0.309075207,0.533706653,FALSE,TRUE,BONCAT,Bacteria,Chloroflexota,Chloroflexia,Thermomicrobiales,JG30-KF-CM45,NA,JG30-KF-CM45,ASV400_JG30-KF-CM45
ASV401,2.656254424,0.704100406,3.772550621,9.34E-04,0.017045038,TRUE,TRUE,BONCAT,Bacteria,Bacteroidota,Bacteroidia,Chitinophagales,Chitinophagaceae,Segetibacter,Segetibacter,ASV401_Segetibacter
ASV402,-0.49666519,0.664721457,-0.747177912,0.462214258,0.658236831,FALSE,TRUE,BONCAT,Bacteria,Pseudomonadota,Alphaproteobacteria,Rhodobacterales,Paracoccaceae,Oceanicella,Oceanicella,ASV402_Oceanicella
ASV4053,-0.819002402,0.54335931,-1.50729432,0.144786417,0.345699913,FALSE,TRUE,BONCAT,Bacteria,Planctomycetota,Planctomycetes,Gemmatales,Gemmataceae,Fimbriiglobus,Fimbriiglobus,ASV4053_Fimbriiglobus
ASV407,1.710198372,0.723541431,2.363649542,0.026533456,0.116098876,FALSE,TRUE,BONCAT,Bacteria,Gemmatimonadota,Gemmatimonadia,Gemmatimonadales,Gemmatimonadaceae,Gemmatimonas,Gemmatimonas,ASV407_Gemmatimonas
ASV408,0.621694554,0.739219034,0.841015349,0.408640871,0.615410215,FALSE,TRUE,BONCAT,Bacteria,Bacteroidota,Bacteroidia,Chitinophagales,Chitinophagaceae,Segetibacter,Segetibacter,ASV408_Segetibacter
ASV4098,-1.496507508,0.531842517,-2.813816984,0.009615331,0.063251869,FALSE,FALSE,BONCAT,Bacteria,Gemmatimonadota,Longimicrobiia,Longimicrobiales,Longimicrobiaceae,NA,Longimicrobiaceae,ASV4098_Longimicrobiaceae
ASV41,-1.80992914,0.602543042,-3.003817176,0.006149697,0.050396248,FALSE,TRUE,BONCAT,Bacteria,Abditibacteriota,Abditibacteriia,Abditibacteriales,Abditibacteriaceae,Abditibacterium,Abditibacterium,ASV41_Abditibacterium
ASV410,0.537079322,0.636770163,0.843442977,0.407308965,0.615410215,FALSE,TRUE,BONCAT,Bacteria,Bacteroidota,Bacteroidia,Cytophagales,Cytophagaceae,Rhodocytophaga,Rhodocytophaga,ASV410_Rhodocytophaga
ASV411,-4.262923805,0.567356595,-7.513658675,9.40E-08,1.82E-05,TRUE,TRUE,BONCAT,Bacteria,Chloroflexota,Chloroflexia,Kallotenuales,AKIW781,NA,AKIW781,ASV411_AKIW781
ASV4110,0.282314265,0.520703537,0.542178504,0.592694574,0.765819828,FALSE,TRUE,BONCAT,Bacteria,Pseudomonadota,Gammaproteobacteria,Rickettsiellales,Rickettsiellaceae,NA,Rickettsiellaceae,ASV4110_Rickettsiellaceae
ASV412,-1.791371362,0.793794685,-2.256718766,0.033406715,0.135164409,FALSE,TRUE,BONCAT,Bacteria,Gemmatimonadota,Gemmatimonadia,Gemmatimonadales,Gemmatimonadaceae,Roseisolibacter,Roseisolibacter,ASV412_Roseisolibacter
ASV4123,0.250753927,0.515882852,0.486067575,0.631327882,0.785706643,FALSE,TRUE,BONCAT,Bacteria,Pseudomonadota,Alphaproteobacteria,Rhodospirillales,Magnetospirillaceae,Magnetospirillum,Magnetospirillum,ASV4123_Magnetospirillum
ASV413,-0.182784028,0.771775049,-0.236835886,0.814793954,0.899435791,FALSE,TRUE,BONCAT,Bacteria,Verrucomicrobiota,Verrucomicrobiia,Chthoniobacterales,Chthoniobacteraceae,Chthoniobacter,Chthoniobacter,ASV413_Chthoniobacter
ASV414,-0.673415352,0.513109025,-1.31242157,0.201791433,0.417842218,FALSE,TRUE,BONCAT,Bacteria,Actinomycetota,Actinobacteria,Pseudonocardiales,Pseudonocardiaceae,Pseudonocardia,Pseudonocardia,ASV414_Pseudonocardia
ASV416,1.278647811,0.606017039,2.10992056,0.045479125,0.155400403,FALSE,TRUE,BONCAT,Bacteria,Abditibacteriota,Abditibacteriia,Abditibacteriales,Abditibacteriaceae,Abditibacterium,Abditibacterium,ASV416_Abditibacterium
ASV417,-0.076033533,0.741220884,-0.102578779,0.919149576,0.961471831,FALSE,TRUE,BONCAT,Bacteria,Gemmatimonadota,Gemmatimonadia,Gemmatimonadales,Gemmatimonadaceae,NA,Gemmatimonadaceae,ASV417_Gemmatimonadaceae
ASV418,1.136956392,0.746400955,1.523251523,0.14076491,0.340299169,FALSE,TRUE,BONCAT,Bacteria,Actinomycetota,Acidimicrobiia,Microtrichales,Ilumatobacteraceae,CL500-29 marine group,CL500-29_marine_group,ASV418_CL500-29_marine_group
ASV419,1.696898434,0.921925988,1.840601584,0.078077671,0.224734373,FALSE,TRUE,BONCAT,Bacteria,Deinococcota,Deinococci,Deinococcales,Deinococcaceae,NA,Deinococcaceae,ASV419_Deinococcaceae
ASV42,4.062552317,0.727952291,5.580794739,9.63E-06,4.90E-04,TRUE,TRUE,BONCAT,Bacteria,Pseudomonadota,Alphaproteobacteria,Sphingomonadales,Sphingomonadaceae,Ellin6055,Ellin6055,ASV42_Ellin6055
ASV420,-0.233670028,0.798959716,-0.292467847,0.772442485,0.884340909,FALSE,TRUE,BONCAT,Bacteria,Actinomycetota,Actinobacteria,Micrococcales,Intrasporangiaceae,Aquipuribacter,Aquipuribacter,ASV420_Aquipuribacter
ASV421,-2.343122184,0.611967328,-3.828835425,8.11E-04,0.015379421,TRUE,TRUE,BONCAT,Bacteria,Pseudomonadota,Alphaproteobacteria,Acetobacterales,Acetobacteraceae,NA,Acetobacteraceae,ASV421_Acetobacteraceae
ASV422,0.219506618,0.65427087,0.335498076,0.740164503,0.862915662,FALSE,TRUE,BONCAT,Bacteria,Myxococcota,Myxococcia,Myxococcales,Myxococcaceae,Myxococcus,Myxococcus,ASV422_Myxococcus
ASV4227,-0.965465418,0.576027161,-1.676076205,0.106703986,0.279598214,FALSE,TRUE,BONCAT,Bacteria,Chloroflexota,Chloroflexia,Kallotenuales,AKIW781,NA,AKIW781,ASV4227_AKIW781
ASV4231,-0.424664242,0.500787211,-0.847993384,0.404819833,0.612707598,FALSE,TRUE,BONCAT,Bacteria,Acidobacteriota,Acidobacteriae,Bryobacterales,Bryobacteraceae,Bryobacter,Bryobacter,ASV4231_Bryobacter
ASV424,-0.710898282,0.686547475,-1.035468497,0.310771497,0.535679211,FALSE,TRUE,BONCAT,Bacteria,Planctomycetota,Planctomycetes,Isosphaerales,Isosphaeraceae,Tautonia,Tautonia,ASV424_Tautonia
ASV4246,-0.842673388,0.421989801,-1.99690463,0.057296708,0.181196745,FALSE,TRUE,BONCAT,Bacteria,Planctomycetota,Phycisphaerae,Tepidisphaerales,WD2101 Bulk group,NA,WD2101_Bulk_group,ASV4246_WD2101_Bulk_group
ASV425,-3.339517631,0.711691152,-4.692369184,9.08E-05,0.003376686,TRUE,TRUE,BONCAT,Bacteria,Deinococcota,Deinococci,Deinococcales,Deinococcaceae,Deinococcus,Deinococcus,ASV425_Deinococcus
ASV426,2.724151674,0.635693212,4.285324467,2.56E-04,0.006505821,TRUE,TRUE,BONCAT,Bacteria,Actinomycetota,Thermoleophilia,Solirubrobacterales,Solirubrobacteraceae,Parviterribacter,Parviterribacter,ASV426_Parviterribacter
ASV427,1.016576806,0.687263665,1.47916565,0.152102875,0.350484909,FALSE,TRUE,BONCAT,Bacteria,Gemmatimonadota,Longimicrobiia,Longimicrobiales,Longimicrobiaceae,NA,Longimicrobiaceae,ASV427_Longimicrobiaceae
ASV43,2.715596039,0.75373319,3.602861164,0.001427407,0.020913681,FALSE,FALSE,BONCAT,Bacteria,Acidobacteriota,Blastocatellia,Pyrinomonadales,Pyrinomonadaceae,Arenimicrobium,Arenimicrobium,ASV43_Arenimicrobium
ASV430,-3.002114526,0.819684577,-3.662524109,0.001230227,0.019502118,TRUE,TRUE,BONCAT,Bacteria,Deinococcota,Deinococci,Deinococcales,Deinococcaceae,Deinococcus,Deinococcus,ASV430_Deinococcus
ASV431,-0.255639833,0.776048381,-0.329412237,0.744701769,0.863461163,FALSE,TRUE,BONCAT,Bacteria,Pseudomonadota,Alphaproteobacteria,Hyphomicrobiales,Beijerinckiaceae,Enterovirga,Enterovirga,ASV431_Enterovirga
ASV4311,-0.9223314,0.542161131,-1.701212698,0.101825652,0.273263165,FALSE,TRUE,BONCAT,Bacteria,Abditibacteriota,Abditibacteriia,Abditibacteriales,Abditibacteriaceae,Abditibacterium,Abditibacterium,ASV4311_Abditibacterium
ASV432,-1.660573112,0.689176558,-2.409503186,0.024004812,0.111618143,FALSE,TRUE,BONCAT,Bacteria,Pseudomonadota,Alphaproteobacteria,Acetobacterales,Acetobacteraceae,Rubritepida,Rubritepida,ASV432_Rubritepida
ASV433,-0.662527366,0.866356129,-0.764728665,0.451887514,0.652305521,FALSE,TRUE,BONCAT,Bacteria,Gemmatimonadota,Gemmatimonadia,Gemmatimonadales,Gemmatimonadaceae,Gemmatimonas,Gemmatimonas,ASV433_Gemmatimonas
ASV4338,-1.118195028,0.521933746,-2.142407989,0.042511904,0.152821604,FALSE,TRUE,BONCAT,Bacteria,Pseudomonadota,Gammaproteobacteria,Burkholderiales,Comamonadaceae,NA,Comamonadaceae,ASV4338_Comamonadaceae
ASV434,3.064433392,0.613216559,4.997310241,4.19E-05,0.001759641,TRUE,TRUE,BONCAT,Bacteria,Gemmatimonadota,Longimicrobiia,Longimicrobiales,Longimicrobiaceae,NA,Longimicrobiaceae,ASV434_Longimicrobiaceae
ASV437,-1.504612163,0.585046891,-2.57178046,0.016736625,0.089912871,FALSE,TRUE,BONCAT,Bacteria,Rhodothermota,Rhodothermia,Rhodothermales,Rhodothermaceae,NA,Rhodothermaceae,ASV437_Rhodothermaceae
ASV4371,-0.176952381,0.566659422,-0.312272901,0.75753015,0.875187163,FALSE,TRUE,BONCAT,Bacteria,Actinomycetota,Acidimicrobiia,Microtrichales,Ilumatobacteraceae,NA,Ilumatobacteraceae,ASV4371_Ilumatobacteraceae
ASV438,0.793898001,0.613562881,1.293914651,0.208008751,0.424155216,FALSE,TRUE,BONCAT,Bacteria,Bacteroidota,Bacteroidia,Chitinophagales,Chitinophagaceae,Segetibacter,Segetibacter,ASV438_Segetibacter
ASV439,-0.628430008,0.730384107,-0.860410299,0.398076973,0.608120748,FALSE,TRUE,BONCAT,Bacteria,Verrucomicrobiota,Verrucomicrobiia,Chthoniobacterales,Chthoniobacteraceae,Chthoniobacter,Chthoniobacter,ASV439_Chthoniobacter
ASV44,2.884216871,0.841170734,3.428812671,0.002196256,0.027581554,FALSE,FALSE,BONCAT,Bacteria,Pseudomonadota,Alphaproteobacteria,Sphingomonadales,Sphingomonadaceae,Sphingomonas,Sphingomonas,ASV44_Sphingomonas
ASV440,1.70768855,0.795210638,2.147466932,0.042065837,0.152350805,FALSE,TRUE,BONCAT,Bacteria,Bacteroidota,Bacteroidia,Chitinophagales,Chitinophagaceae,Segetibacter,Segetibacter,ASV440_Segetibacter
ASV4405,-1.149518315,0.553757879,-2.075850039,0.048788974,0.16324892,FALSE,TRUE,BONCAT,Bacteria,Gemmatimonadota,Longimicrobiia,Longimicrobiales,Longimicrobiaceae,NA,Longimicrobiaceae,ASV4405_Longimicrobiaceae
ASV442,-2.393149631,0.70256527,-3.40630221,0.002321348,0.028778758,TRUE,TRUE,BONCAT,Bacteria,Gemmatimonadota,Gemmatimonadia,Gemmatimonadales,Gemmatimonadaceae,Gemmatimonas,Gemmatimonas,ASV442_Gemmatimonas
ASV445,-0.935981546,0.850757429,-1.100174402,0.282169226,0.503898101,FALSE,TRUE,BONCAT,Bacteria,Chloroflexota,Anaerolineae,Caldilineales,Caldilineaceae,NA,Caldilineaceae,ASV445_Caldilineaceae
ASV446,0.806558887,0.991181576,0.813734745,0.423797181,0.627936509,FALSE,TRUE,BONCAT,Bacteria,Deinococcota,Deinococci,Deinococcales,Trueperaceae,Truepera,Truepera,ASV446_Truepera
ASV45,2.454888551,0.663968875,3.69729462,0.001127905,0.0188049,FALSE,FALSE,BONCAT,Bacteria,Pseudomonadota,Alphaproteobacteria,Sphingomonadales,Sphingomonadaceae,NA,Sphingomonadaceae,ASV45_Sphingomonadaceae
ASV450,0.876690714,0.819584155,1.069677481,0.295405165,0.519375991,FALSE,TRUE,BONCAT,Bacteria,Armatimonadota,Armatimonadia,Armatimonadales,Armatimonadaceae,NA,Armatimonadaceae,ASV450_Armatimonadaceae
ASV451,-2.917604544,0.71305545,-4.091693772,4.18E-04,0.009350357,TRUE,TRUE,BONCAT,Bacteria,Gemmatimonadota,Gemmatimonadia,Gemmatimonadales,Gemmatimonadaceae,Roseisolibacter,Roseisolibacter,ASV451_Roseisolibacter
ASV4530,-0.792932837,0.484399779,-1.636938892,0.114690584,0.290456597,FALSE,TRUE,BONCAT,Bacteria,Acidobacteriota,Acidobacteriae,Bryobacterales,Bryobacteraceae,Bryobacter,Bryobacter,ASV4530_Bryobacter
ASV456,2.098486229,0.568640407,3.690357213,0.00114763,0.018809459,TRUE,TRUE,BONCAT,Bacteria,Verrucomicrobiota,Verrucomicrobiia,Chthoniobacterales,Chthoniobacteraceae,Chthoniobacter,Chthoniobacter,ASV456_Chthoniobacter
ASV4567,-0.675017619,0.552383915,-1.222008101,0.233571493,0.45537023,FALSE,TRUE,BONCAT,Bacteria,Chloroflexota,Chloroflexia,Kallotenuales,AKIW781,NA,AKIW781,ASV4567_AKIW781
ASV4576,-1.073114332,0.518769038,-2.06857822,0.049522661,0.164217034,FALSE,TRUE,BONCAT,Bacteria,Chloroflexota,Chloroflexia,Kallotenuales,AKIW781,NA,AKIW781,ASV4576_AKIW781
ASV458,2.929855327,0.674649202,4.342783359,2.21E-04,0.006283315,TRUE,TRUE,BONCAT,Bacteria,Gemmatimonadota,Gemmatimonadia,Gemmatimonadales,Gemmatimonadaceae,NA,Gemmatimonadaceae,ASV458_Gemmatimonadaceae
ASV459,-0.052817183,0.51900695,-0.10176585,0.919788,0.961471831,FALSE,TRUE,BONCAT,Bacteria,Deinococcota,Deinococci,Deinococcales,Trueperaceae,Truepera,Truepera,ASV459_Truepera
ASV46,1.139141543,0.719068201,1.584191238,0.126239973,0.312209856,FALSE,TRUE,BONCAT,Bacteria,Pseudomonadota,Alphaproteobacteria,Rhodobacterales,Paracoccaceae,Rubellimicrobium,Rubellimicrobium,ASV46_Rubellimicrobium
ASV462,0.492695604,0.679143498,0.725466129,0.475181211,0.66885041,FALSE,TRUE,BONCAT,Bacteria,Bacteroidota,Bacteroidia,Chitinophagales,Chitinophagaceae,Flavisolibacter,Flavisolibacter,ASV462_Flavisolibacter
ASV463,1.159507189,0.768643463,1.508511091,0.144476506,0.345699913,FALSE,TRUE,BONCAT,Bacteria,Gemmatimonadota,Gemmatimonadia,Gemmatimonadales,Gemmatimonadaceae,NA,Gemmatimonadaceae,ASV463_Gemmatimonadaceae
ASV464,-0.956667362,0.680859089,-1.405088626,0.172807266,0.382159554,FALSE,TRUE,BONCAT,Bacteria,Pseudomonadota,Gammaproteobacteria,Burkholderiales,Comamonadaceae,Caenimonas,Caenimonas,ASV464_Caenimonas
ASV465,1.613791602,0.757572074,2.130215273,0.043604505,0.15388889,FALSE,TRUE,BONCAT,Bacteria,Bacteroidota,Bacteroidia,Chitinophagales,Chitinophagaceae,Segetibacter,Segetibacter,ASV465_Segetibacter
ASV4650,-0.547055686,0.503482251,-1.086544132,0.288031151,0.509188525,FALSE,TRUE,BONCAT,Bacteria,Chloroflexota,Chloroflexia,Thermomicrobiales,JG30-KF-CM45,NA,JG30-KF-CM45,ASV4650_JG30-KF-CM45
ASV4655,-1.302138462,0.545290304,-2.38797289,0.025163139,0.111618143,FALSE,TRUE,BONCAT,Bacteria,Armatimonadota,Armatimonadia,Armatimonadales,Armatimonadaceae,NA,Armatimonadaceae,ASV4655_Armatimonadaceae
ASV466,-1.649644768,0.772790931,-2.134658551,0.043203451,0.153674297,FALSE,TRUE,BONCAT,Bacteria,Gemmatimonadota,Gemmatimonadia,Gemmatimonadales,Gemmatimonadaceae,Roseisolibacter,Roseisolibacter,ASV466_Roseisolibacter
ASV469,0.138667201,0.709014636,0.195577347,0.846587407,0.91833734,FALSE,TRUE,BONCAT,Bacteria,Pseudomonadota,Alphaproteobacteria,Rhodobacterales,Paracoccaceae,Amaricoccus,Amaricoccus,ASV469_Amaricoccus
ASV47,-0.114621181,0.657848991,-0.174236311,0.863141161,0.925926123,FALSE,TRUE,BONCAT,Bacteria,Actinomycetota,Rubrobacteria,Rubrobacterales,Rubrobacteriaceae,Rubrobacter,Rubrobacter,ASV47_Rubrobacter
ASV470,-0.284590638,0.818134673,-0.347853046,0.730982992,0.857646609,FALSE,TRUE,BONCAT,Bacteria,Actinomycetota,Acidimicrobiia,Acidimicrobiales,Acidimicrobiaceae,NA,Acidimicrobiaceae,ASV470_Acidimicrobiaceae
ASV4709,-0.525201513,0.504635316,-1.040754572,0.308361034,0.533706653,FALSE,TRUE,BONCAT,Bacteria,Pseudomonadota,Gammaproteobacteria,Pseudomonadales,Cellvibrionaceae,Cellvibrio,Cellvibrio,ASV4709_Cellvibrio
ASV471,1.173888499,0.653715397,1.795717991,0.085141723,0.238655096,FALSE,TRUE,BONCAT,Bacteria,Chloroflexota,Anaerolineae,Caldilineales,Caldilineaceae,NA,Caldilineaceae,ASV471_Caldilineaceae
ASV475,1.894480933,0.78773556,2.404970691,0.024244498,0.111618143,FALSE,TRUE,BONCAT,Bacteria,Planctomycetota,Planctomycetes,Gemmatales,Gemmataceae,Gemmata,Gemmata,ASV475_Gemmata
ASV477,3.117551089,0.407910224,7.642738286,7.02E-08,1.82E-05,TRUE,TRUE,BONCAT,Bacteria,Actinomycetota,Acidimicrobiia,Acidimicrobiales,Acidimicrobiaceae,NA,Acidimicrobiaceae,ASV477_Acidimicrobiaceae
ASV479,-0.485455923,0.773422111,-0.627672673,0.536145408,0.715107048,FALSE,TRUE,BONCAT,Bacteria,Bacteroidota,Bacteroidia,Cytophagales,Spirosomataceae,Nibrella,Nibrella,ASV479_Nibrella
ASV481,1.518194968,0.809934322,1.874466766,0.073088922,0.214823671,FALSE,TRUE,BONCAT,Bacteria,Actinomycetota,Thermoleophilia,Solirubrobacterales,67-14,NA,67-14,ASV481_67-14
ASV483,0.043590157,0.83959395,0.051918141,0.959023637,0.980312745,FALSE,TRUE,BONCAT,Bacteria,Verrucomicrobiota,Verrucomicrobiia,Chthoniobacterales,Chthoniobacteraceae,Chthoniobacter,Chthoniobacter,ASV483_Chthoniobacter
ASV484,-0.825965854,0.713639736,-1.157398912,0.258499009,0.481915672,FALSE,TRUE,BONCAT,Bacteria,Pseudomonadota,Alphaproteobacteria,Caulobacterales,Caulobacteraceae,PMMR1,PMMR1,ASV484_PMMR1
ASV485,-0.60656663,0.704078585,-0.86150416,0.397486432,0.608120748,FALSE,TRUE,BONCAT,Bacteria,Planctomycetota,Planctomycetes,Isosphaerales,Isosphaeraceae,NA,Isosphaeraceae,ASV485_Isosphaeraceae
ASV486,-0.803436132,0.705074658,-1.139505048,0.265738284,0.487973338,FALSE,TRUE,BONCAT,Bacteria,Verrucomicrobiota,Verrucomicrobiia,Chthoniobacterales,Chthoniobacteraceae,NA,Chthoniobacteraceae,ASV486_Chthoniobacteraceae
ASV489,-0.343786976,0.770487805,-0.446193923,0.659456924,0.805170259,FALSE,TRUE,BONCAT,Bacteria,Armatimonadota,Fimbriimonadia,Fimbriimonadales,Fimbriimonadaceae,NA,Fimbriimonadaceae,ASV489_Fimbriimonadaceae
ASV491,0.565717278,0.625157879,0.904919056,0.374503175,0.591739494,FALSE,TRUE,BONCAT,Bacteria,Verrucomicrobiota,Verrucomicrobiia,Chthoniobacterales,Chthoniobacteraceae,Chthoniobacter,Chthoniobacter,ASV491_Chthoniobacter
ASV492,0.225711474,0.765597195,0.29481753,0.770668468,0.884340909,FALSE,TRUE,BONCAT,Bacteria,Actinomycetota,Thermoleophilia,Solirubrobacterales,Solirubrobacteraceae,Solirubrobacter,Solirubrobacter,ASV492_Solirubrobacter
ASV494,2.388019287,0.54688911,4.366551175,2.08E-04,0.006094118,TRUE,TRUE,BONCAT,Bacteria,Actinomycetota,Thermoleophilia,Gaiellales,Gaiellaceae,Gaiella,Gaiella,ASV494_Gaiella
ASV495,0.794243695,0.687192955,1.155779739,0.259148035,0.481915672,FALSE,TRUE,BONCAT,Bacteria,Abditibacteriota,Abditibacteriia,Abditibacteriales,Abditibacteriaceae,Abditibacterium,Abditibacterium,ASV495_Abditibacterium
ASV496,1.585629919,0.597732323,2.652742469,0.013932992,0.079254134,FALSE,TRUE,BONCAT,Bacteria,Pseudomonadota,Alphaproteobacteria,Sphingomonadales,Sphingomonadaceae,Sphingomonas,Sphingomonas,ASV496_Sphingomonas
ASV498,-2.664426707,0.659863488,-4.037845334,4.79E-04,0.01023204,TRUE,TRUE,BONCAT,Bacteria,Pseudomonadota,Gammaproteobacteria,Burkholderiales,Oxalobacteraceae,Massilia,Massilia,ASV498_Massilia
ASV499,-0.595067556,0.619465774,-0.960614097,0.346325031,0.572472316,FALSE,TRUE,BONCAT,Bacteria,Planctomycetota,Planctomycetes,Isosphaerales,Isosphaeraceae,Tautonia,Tautonia,ASV499_Tautonia
ASV50,-2.014082427,0.732401868,-2.749968992,0.011148628,0.06830816,FALSE,TRUE,BONCAT,Bacteria,Pseudomonadota,Gammaproteobacteria,Lysobacterales,Lysobacteraceae,Lysobacter,Lysobacter,ASV50_Lysobacter
ASV503,-2.717296012,0.746874642,-3.638222347,0.001307091,0.02038641,TRUE,TRUE,BONCAT,Bacteria,Actinomycetota,Thermoleophilia,Solirubrobacterales,Solirubrobacteraceae,Solirubrobacter,Solirubrobacter,ASV503_Solirubrobacter
ASV504,-1.963907528,0.860843618,-2.281375487,0.031691525,0.129854681,FALSE,TRUE,BONCAT,Bacteria,Acidobacteriota,Blastocatellia,Blastocatellales,Blastocatellaceae,Blastocatella,Blastocatella,ASV504_Blastocatella
ASV507,-0.337824932,0.764806911,-0.441712709,0.662651499,0.806017609,FALSE,TRUE,BONCAT,Bacteria,Pseudomonadota,Alphaproteobacteria,Azospirillales,Azospirillaceae,Desertibacter,Desertibacter,ASV507_Desertibacter
ASV508,0.472134638,0.638099091,0.739908024,0.466532531,0.66149114,FALSE,TRUE,BONCAT,Bacteria,Bacteroidota,Bacteroidia,Cytophagales,Hymenobacteraceae,Hymenobacter,Hymenobacter,ASV508_Hymenobacter
ASV510,-1.393670642,0.851237274,-1.637229341,0.114629519,0.290456597,FALSE,TRUE,BONCAT,Bacteria,Chloroflexota,Anaerolineae,Aggregatilineales,A4b,NA,A4b,ASV510_A4b
ASV511,-1.308044562,0.912811978,-1.432983564,0.164761281,0.371468621,FALSE,TRUE,BONCAT,Bacteria,Actinomycetota,Actinobacteria,Kitasatosporales,Streptomycetaceae,E1B-B3-114,E1B-B3-114,ASV511_E1B-B3-114
ASV512,-1.585423797,0.77769566,-2.038617262,0.052650332,0.170848562,FALSE,TRUE,BONCAT,Bacteria,Planctomycetota,Planctomycetes,Gemmatales,Gemmataceae,Fimbriiglobus,Fimbriiglobus,ASV512_Fimbriiglobus
ASV516,-0.163062983,0.632550499,-0.257786506,0.798769267,0.891928269,FALSE,TRUE,BONCAT,Bacteria,Actinomycetota,Actinobacteria,Propionibacteriales,Nocardioidaceae,Marmoricola,Marmoricola,ASV516_Marmoricola
ASV517,-0.341545946,0.67477764,-0.506160734,0.61736193,0.78037776,FALSE,TRUE,BONCAT,Bacteria,Planctomycetota,Phycisphaerae,Tepidisphaerales,WD2101 Bulk group,NA,WD2101_Bulk_group,ASV517_WD2101_Bulk_group
ASV519,-1.389163956,0.656796901,-2.115058635,0.044997815,0.154687605,FALSE,TRUE,BONCAT,Bacteria,Pseudomonadota,Gammaproteobacteria,Burkholderiales,TRA3-20,NA,TRA3-20,ASV519_TRA3-20
ASV52,1.436647774,0.810101196,1.773417667,0.08885138,0.247146408,FALSE,TRUE,BONCAT,Bacteria,Gemmatimonadota,Longimicrobiia,Longimicrobiales,Longimicrobiaceae,NA,Longimicrobiaceae,ASV52_Longimicrobiaceae
ASV520,1.977055392,0.667753237,2.960757483,0.006810885,0.052449486,FALSE,TRUE,BONCAT,Bacteria,Bacteroidota,Bacteroidia,Cytophagales,Hymenobacteraceae,Hymenobacter,Hymenobacter,ASV520_Hymenobacter
ASV525,-0.692258858,0.666092878,-1.03928278,0.30903085,0.533706653,FALSE,TRUE,BONCAT,Bacteria,Armatimonadota,Armatimonadia,Armatimonadales,Armatimonadaceae,NA,Armatimonadaceae,ASV525_Armatimonadaceae
ASV528,0.454849085,0.652313719,0.697285787,0.492323944,0.681083338,FALSE,TRUE,BONCAT,Bacteria,Actinomycetota,Actinobacteria,Propionibacteriales,Propionibacteriaceae,Cutibacterium,Cutibacterium,ASV528_Cutibacterium
ASV531,-0.402041309,0.808399062,-0.497330252,0.623481955,0.782435494,FALSE,TRUE,BONCAT,Bacteria,Acidobacteriota,Blastocatellia,Blastocatellales,Blastocatellaceae,Aridibacter,Aridibacter,ASV531_Aridibacter
ASV532,-0.684033179,0.752782605,-0.908672935,0.372557737,0.58962902,FALSE,TRUE,BONCAT,Bacteria,Planctomycetota,Phycisphaerae,Tepidisphaerales,WD2101 Bulk group,NA,WD2101_Bulk_group,ASV532_WD2101_Bulk_group
ASV534,0.368604873,0.617887556,0.596556557,0.556389363,0.730025121,FALSE,TRUE,BONCAT,Bacteria,Bacteroidota,Bacteroidia,Flavobacteriales,Flavobacteriaceae,Flavobacterium,Flavobacterium,ASV534_Flavobacterium
ASV535,-0.173753938,0.699859481,-0.248269749,0.806037727,0.893851471,FALSE,TRUE,BONCAT,Bacteria,Bacteroidota,Bacteroidia,Cytophagales,Hymenobacteraceae,Hymenobacter,Hymenobacter,ASV535_Hymenobacter
ASV5358,-0.111100699,0.536601081,-0.207045238,0.837721165,0.91224816,FALSE,TRUE,BONCAT,Bacteria,Patescibacteria,Saccharimonadia,Saccharimonadales,LWQ8,NA,LWQ8,ASV5358_LWQ8
ASV538,0.785714695,0.696827805,1.127559332,0.270653092,0.492583804,FALSE,TRUE,BONCAT,Bacteria,Pseudomonadota,Alphaproteobacteria,Sphingomonadales,Sphingomonadaceae,NA,Sphingomonadaceae,ASV538_Sphingomonadaceae
ASV539,0.294822821,0.677053876,0.435449572,0.667127321,0.808957157,FALSE,TRUE,BONCAT,Bacteria,Acidobacteriota,Vicinamibacteria,Vicinamibacterales,Vicinamibacteraceae,NA,Vicinamibacteraceae,ASV539_Vicinamibacteraceae
ASV54,-4.478816528,0.771155184,-5.80793156,5.47E-06,3.73E-04,TRUE,TRUE,BONCAT,Bacteria,Deinococcota,Deinococci,Deinococcales,Deinococcaceae,Deinococcus,Deinococcus,ASV54_Deinococcus
ASV541,1.027119783,0.782613401,1.312422943,0.201790977,0.417842218,FALSE,TRUE,BONCAT,Bacteria,Actinomycetota,Actinobacteria,Euzebyales,Euzebyaceae,Euzebya,Euzebya,ASV541_Euzebya
ASV542,-1.590692882,0.602650078,-2.639496684,0.014359361,0.081201768,FALSE,TRUE,BONCAT,Bacteria,Planctomycetota,Phycisphaerae,Tepidisphaerales,WD2101 Bulk group,NA,WD2101_Bulk_group,ASV542_WD2101_Bulk_group
ASV547,1.414390331,0.619453816,2.28328617,0.031562021,0.129854681,FALSE,TRUE,BONCAT,Bacteria,Bacteroidota,Bacteroidia,Cytophagales,Hymenobacteraceae,Hymenobacter,Hymenobacter,ASV547_Hymenobacter
ASV548,-2.119715327,0.716285701,-2.95931543,0.006834163,0.052449486,FALSE,TRUE,BONCAT,Bacteria,Acidobacteriota,Vicinamibacteria,Vicinamibacterales,Vicinamibacteraceae,Luteitalea,Luteitalea,ASV548_Luteitalea
ASV549,0.159793323,0.764364702,0.209053771,0.836170513,0.911586117,FALSE,TRUE,BONCAT,Bacteria,Bacteroidota,Bacteroidia,Sphingobacteriales,Sphingobacteriaceae,Arcticibacter,Arcticibacter,ASV549_Arcticibacter
ASV5500,-0.261664789,0.493534297,-0.530185623,0.600854693,0.773305255,FALSE,TRUE,BONCAT,Bacteria,Patescibacteria,Saccharimonadia,Saccharimonadales,LWQ8,NA,LWQ8,ASV5500_LWQ8
ASV554,-1.404250298,0.742838635,-1.890384038,0.070841458,0.210436206,FALSE,TRUE,BONCAT,Bacteria,Bacteroidota,Bacteroidia,Chitinophagales,Chitinophagaceae,Segetibacter,Segetibacter,ASV554_Segetibacter
ASV556,1.512532722,0.743695198,2.0338073,0.053168489,0.17195294,FALSE,TRUE,BONCAT,Bacteria,Armatimonadota,Armatimonadia,Armatimonadales,Armatimonadaceae,NA,Armatimonadaceae,ASV556_Armatimonadaceae
ASV558,-0.603675705,0.719351313,-0.839194555,0.409641649,0.615410215,FALSE,TRUE,BONCAT,Bacteria,Planctomycetota,Phycisphaerae,Tepidisphaerales,WD2101 Bulk group,NA,WD2101_Bulk_group,ASV558_WD2101_Bulk_group
ASV56,-0.685457162,0.442625724,-1.54861574,0.134561014,0.328587123,FALSE,TRUE,BONCAT,Bacteria,Pseudomonadota,Alphaproteobacteria,Hyphomicrobiales,Beijerinckiaceae,Microvirga,Microvirga,ASV56_Microvirga
ASV564,-1.802206969,0.801036204,-2.249844589,0.03389973,0.136020907,FALSE,TRUE,BONCAT,Bacteria,Bacteroidota,Bacteroidia,Cytophagales,Hymenobacteraceae,Adhaeribacter,Adhaeribacter,ASV564_Adhaeribacter
ASV566,-0.224974612,0.517397026,-0.434820072,0.667577882,0.808957157,FALSE,TRUE,BONCAT,Bacteria,Planctomycetota,Planctomycetes,Isosphaerales,Isosphaeraceae,Tautonia,Tautonia,ASV566_Tautonia
ASV569,0.56300151,0.749213032,0.751457178,0.459683526,0.656593751,FALSE,TRUE,BONCAT,Bacteria,Planctomycetota,Planctomycetes,Isosphaerales,Isosphaeraceae,Tundrisphaera,Tundrisphaera,ASV569_Tundrisphaera
ASV571,0.826341292,0.637564246,1.296091017,0.207270031,0.423742326,FALSE,TRUE,BONCAT,Bacteria,Actinomycetota,Thermoleophilia,Solirubrobacterales,Solirubrobacteraceae,Solirubrobacter,Solirubrobacter,ASV571_Solirubrobacter
ASV576,-0.86417388,0.765437709,-1.128993085,0.270059729,0.492583804,FALSE,TRUE,BONCAT,Bacteria,Bacteroidota,Bacteroidia,Chitinophagales,Chitinophagaceae,Segetibacter,Segetibacter,ASV576_Segetibacter
ASV577,0.420644574,0.582877264,0.721669209,0.477470484,0.67109587,FALSE,TRUE,BONCAT,Bacteria,Planctomycetota,Planctomycetes,Pirellulales,Pirellulaceae,NA,Pirellulaceae,ASV577_Pirellulaceae
ASV58,-0.973567716,0.737712457,-1.319711639,0.199382279,0.414629385,FALSE,TRUE,BONCAT,Bacteria,Pseudomonadota,Alphaproteobacteria,Rhodobacterales,Paracoccaceae,Rubellimicrobium,Rubellimicrobium,ASV58_Rubellimicrobium
ASV582,1.706855387,0.765216066,2.230553517,0.035318788,0.139972409,FALSE,TRUE,BONCAT,Bacteria,Pseudomonadota,Alphaproteobacteria,Sphingomonadales,Sphingomonadaceae,NA,Sphingomonadaceae,ASV582_Sphingomonadaceae
ASV585,0.913925667,0.770199082,1.186609654,0.246995436,0.470200035,FALSE,TRUE,BONCAT,Bacteria,Acidobacteriota,Blastocatellia,Blastocatellales,Blastocatellaceae,NA,Blastocatellaceae,ASV585_Blastocatellaceae
ASV592,-2.743700254,0.686854356,-3.994588123,5.34E-04,0.010990107,TRUE,TRUE,BONCAT,Bacteria,Armatimonadota,Armatimonadia,Armatimonadales,Armatimonadaceae,NA,Armatimonadaceae,ASV592_Armatimonadaceae
ASV594,-0.836367229,0.809628428,-1.033026016,0.311889729,0.536197059,FALSE,TRUE,BONCAT,Bacteria,Planctomycetota,Phycisphaerae,Tepidisphaerales,WD2101 Bulk group,NA,WD2101_Bulk_group,ASV594_WD2101_Bulk_group
ASV595,-0.131886408,0.914939098,-0.144147746,0.886587398,0.942061586,FALSE,TRUE,BONCAT,Bacteria,Armatimonadota,Armatimonadia,Armatimonadales,Armatimonadaceae,NA,Armatimonadaceae,ASV595_Armatimonadaceae
ASV596,-2.187971515,0.633420272,-3.454217697,0.002062955,0.026957809,TRUE,TRUE,BONCAT,Bacteria,Acidobacteriota,Vicinamibacteria,Vicinamibacterales,Vicinamibacteraceae,NA,Vicinamibacteraceae,ASV596_Vicinamibacteraceae
ASV6,1.932354078,0.622005892,3.106649152,0.004810141,0.041530415,FALSE,FALSE,BONCAT,Bacteria,Pseudomonadota,Alphaproteobacteria,Sphingomonadales,Sphingomonadaceae,Ellin6055,Ellin6055,ASV6_Ellin6055
ASV60,-0.465773364,0.760278963,-0.612634818,0.54587956,0.723855111,FALSE,TRUE,BONCAT,Bacteria,Pseudomonadota,Alphaproteobacteria,Rhodobacterales,Paracoccaceae,Rubellimicrobium,Rubellimicrobium,ASV60_Rubellimicrobium
ASV602,1.570810583,0.716709794,2.191696828,0.038341785,0.146547456,FALSE,TRUE,BONCAT,Bacteria,Actinomycetota,Acidimicrobiia,Acidimicrobiales,Acidimicrobiaceae,NA,Acidimicrobiaceae,ASV602_Acidimicrobiaceae
ASV606,-2.338871458,0.702726546,-3.328281065,0.002810836,0.032085116,TRUE,TRUE,BONCAT,Bacteria,Pseudomonadota,Alphaproteobacteria,Sphingomonadales,Sphingomonadaceae,Sphingoaurantiacus,Sphingoaurantiacus,ASV606_Sphingoaurantiacus
ASV6061,0.273990143,0.519273035,0.52764177,0.602592484,0.773305255,FALSE,TRUE,BONCAT,Bacteria,Pseudomonadota,Gammaproteobacteria,Rickettsiellales,Rickettsiellaceae,NA,Rickettsiellaceae,ASV6061_Rickettsiellaceae
ASV610,0.054643985,0.699941375,0.078069375,0.938420117,0.965004958,FALSE,TRUE,BONCAT,Bacteria,Gemmatimonadota,Longimicrobiia,Longimicrobiales,Longimicrobiaceae,YC-ZSS-LKJ147,YC-ZSS-LKJ147,ASV610_YC-ZSS-LKJ147
ASV612,0.770435899,0.657419358,1.17190936,0.252736105,0.474554977,FALSE,TRUE,BONCAT,Bacteria,Pseudomonadota,Alphaproteobacteria,Caulobacterales,Caulobacteraceae,PMMR1,PMMR1,ASV612_PMMR1
ASV613,-0.506961072,0.61110231,-0.82958461,0.414949277,0.620179213,FALSE,TRUE,BONCAT,Bacteria,Bacteroidota,Bacteroidia,Cytophagales,Hymenobacteraceae,Pontibacter,Pontibacter,ASV613_Pontibacter
ASV614,1.492672456,0.647447993,2.30547082,0.030093309,0.12489369,FALSE,TRUE,BONCAT,Bacteria,Planctomycetota,Phycisphaerae,Tepidisphaerales,WD2101 Bulk group,NA,WD2101_Bulk_group,ASV614_WD2101_Bulk_group
ASV616,0.901435077,0.731266998,1.232703076,0.229625794,0.449490167,FALSE,TRUE,BONCAT,Bacteria,Pseudomonadota,Alphaproteobacteria,Hyphomicrobiales,Rhizobiaceae,NA,Rhizobiaceae,ASV616_Rhizobiaceae
ASV618,-2.442697009,0.845038965,-2.890632397,0.008035063,0.057123345,FALSE,TRUE,BONCAT,Bacteria,Chloroflexota,Anaerolineae,Aggregatilineales,A4b,NA,A4b,ASV618_A4b
ASV619,-0.067372628,0.614151192,-0.109700394,0.913559118,0.959187477,FALSE,TRUE,BONCAT,Bacteria,Planctomycetota,Phycisphaerae,Tepidisphaerales,WD2101 Bulk group,NA,WD2101_Bulk_group,ASV619_WD2101_Bulk_group
ASV620,-0.601905406,0.779564142,-0.772105043,0.447589017,0.650824434,FALSE,TRUE,BONCAT,Bacteria,Gemmatimonadota,Gemmatimonadia,Gemmatimonadales,Gemmatimonadaceae,NA,Gemmatimonadaceae,ASV620_Gemmatimonadaceae
ASV621,1.959123217,0.658275477,2.97614492,0.006567168,0.052213544,FALSE,TRUE,BONCAT,Bacteria,Gemmatimonadota,Gemmatimonadia,Gemmatimonadales,Gemmatimonadaceae,NA,Gemmatimonadaceae,ASV621_Gemmatimonadaceae
ASV624,-0.925889171,0.5445699,-1.700220982,0.102014481,0.273263165,FALSE,TRUE,BONCAT,Bacteria,Planctomycetota,Phycisphaerae,Tepidisphaerales,WD2101 Bulk group,NA,WD2101_Bulk_group,ASV624_WD2101_Bulk_group
ASV627,-1.260146484,0.61205621,-2.05887378,0.050517104,0.166156597,FALSE,TRUE,BONCAT,Bacteria,Pseudomonadota,Alphaproteobacteria,Acetobacterales,Acetobacteraceae,Rubritepida,Rubritepida,ASV627_Rubritepida
ASV628,0.105192335,0.460418441,0.228471159,0.821215482,0.900509257,FALSE,TRUE,BONCAT,Bacteria,Chloroflexota,Chloroflexia,Kallotenuales,AKIW781,NA,AKIW781,ASV628_AKIW781
ASV630,-1.34025832,0.542387924,-2.471032745,0.020960133,0.105017867,FALSE,TRUE,BONCAT,Bacteria,Pseudomonadota,Alphaproteobacteria,Acetobacterales,Acetobacteraceae,Roseomonas,Roseomonas,ASV630_Roseomonas
ASV631,-2.687409724,0.740972235,-3.626869668,0.001344594,0.020424816,TRUE,TRUE,BONCAT,Bacteria,Deinococcota,Deinococci,Deinococcales,Deinococcaceae,Deinococcus,Deinococcus,ASV631_Deinococcus
ASV633,-0.499258186,0.569329764,-0.876922685,0.389222309,0.602204757,FALSE,TRUE,BONCAT,Bacteria,Chloroflexota,Chloroflexia,Thermomicrobiales,AKYG1722,NA,AKYG1722,ASV633_AKYG1722
ASV637,-0.746177278,0.622515447,-1.198648615,0.242366842,0.468291792,FALSE,TRUE,BONCAT,Bacteria,Planctomycetota,Phycisphaerae,Tepidisphaerales,WD2101 Bulk group,NA,WD2101_Bulk_group,ASV637_WD2101_Bulk_group
ASV64,1.973701381,0.712568744,2.769839959,0.010648262,0.066648551,FALSE,TRUE,BONCAT,Bacteria,Acidobacteriota,Blastocatellia,Blastocatellales,Blastocatellaceae,Blastocatella,Blastocatella,ASV64_Blastocatella
ASV640,1.508308061,0.718793105,2.098389717,0.046576105,0.157479346,FALSE,TRUE,BONCAT,Bacteria,Pseudomonadota,Alphaproteobacteria,Sphingomonadales,Sphingomonadaceae,MN 122.2a,MN_122.2a,ASV640_MN_122.2a
ASV644,-1.073727269,0.559733399,-1.918283367,0.067047317,0.202608611,FALSE,TRUE,BONCAT,Bacteria,Abditibacteriota,Abditibacteriia,Abditibacteriales,Abditibacteriaceae,Abditibacterium,Abditibacterium,ASV644_Abditibacterium
ASV646,-0.991319494,0.681663872,-1.454264388,0.158827006,0.362789068,FALSE,TRUE,BONCAT,Bacteria,Pseudomonadota,Alphaproteobacteria,Acetobacterales,Acetobacteraceae,Rubritepida,Rubritepida,ASV646_Rubritepida
ASV650,-2.252354035,0.751011284,-2.999094798,0.006219097,0.050536698,FALSE,TRUE,BONCAT,Bacteria,Gemmatimonadota,Longimicrobiia,Longimicrobiales,Longimicrobiaceae,NA,Longimicrobiaceae,ASV650_Longimicrobiaceae
ASV651,1.498625915,0.555710177,2.696776085,0.012599448,0.073395578,FALSE,TRUE,BONCAT,Bacteria,Actinomycetota,Acidimicrobiia,Microtrichales,Iamiaceae,Iamia,Iamia,ASV651_Iamia
ASV652,-0.599226573,0.650128657,-0.921704599,0.365855903,0.587537704,FALSE,TRUE,BONCAT,Bacteria,Gemmatimonadota,Longimicrobiia,Longimicrobiales,Longimicrobiaceae,YC-ZSS-LKJ147,YC-ZSS-LKJ147,ASV652_YC-ZSS-LKJ147
ASV653,-0.08961502,0.511950618,-0.175046219,0.862511714,0.925926123,FALSE,TRUE,BONCAT,Bacteria,Actinomycetota,Rubrobacteria,Rubrobacterales,Rubrobacteriaceae,Rubrobacter,Rubrobacter,ASV653_Rubrobacter
ASV654,-4.369898223,0.576426846,-7.581010929,8.07E-08,1.82E-05,TRUE,TRUE,BONCAT,Bacteria,Pseudomonadota,Gammaproteobacteria,Burkholderiales,Oxalobacteraceae,Noviherbaspirillum,Noviherbaspirillum,ASV654_Noviherbaspirillum
ASV656,-0.018427098,0.616626446,-0.02988373,0.976406904,0.988166359,FALSE,TRUE,BONCAT,Bacteria,Chloroflexota,Chloroflexia,Kallotenuales,AKIW781,NA,AKIW781,ASV656_AKIW781
ASV66,0.966573251,0.694656979,1.391439631,0.176856466,0.388734174,FALSE,TRUE,BONCAT,Bacteria,Pseudomonadota,Alphaproteobacteria,Sphingomonadales,Sphingomonadaceae,Sphingomonas,Sphingomonas,ASV66_Sphingomonas
ASV665,1.477293473,0.680714133,2.170211257,0.040111969,0.14803943,FALSE,TRUE,BONCAT,Bacteria,Actinomycetota,Thermoleophilia,Solirubrobacterales,67-14,NA,67-14,ASV665_67-14
ASV668,-0.366558015,0.792294743,-0.462653599,0.647780088,0.797376632,FALSE,TRUE,BONCAT,Bacteria,Bacteroidota,Bacteroidia,Chitinophagales,Chitinophagaceae,Segetibacter,Segetibacter,ASV668_Segetibacter
ASV67,-0.900404749,0.72517811,-1.241632555,0.226370234,0.444334317,FALSE,TRUE,BONCAT,Bacteria,Pseudomonadota,Alphaproteobacteria,Acetobacterales,Acetobacteraceae,Roseomonas,Roseomonas,ASV67_Roseomonas
ASV672,0.181581706,0.625470692,0.290312093,0.774071199,0.884363953,FALSE,TRUE,BONCAT,Bacteria,Pseudomonadota,Alphaproteobacteria,Sphingomonadales,Sphingomonadaceae,Sphingomonas,Sphingomonas,ASV672_Sphingomonas
ASV675,-0.935086893,0.720087345,-1.298574263,0.206429622,0.422918315,FALSE,TRUE,BONCAT,Bacteria,Sumerlaeota,Sumerlaeia,Sumerlaeales,Sumerlaeaceae,Sumerlaea,Sumerlaea,ASV675_Sumerlaea
ASV676,-3.407578251,0.818612294,-4.162627751,3.49E-04,0.008233174,TRUE,TRUE,BONCAT,Bacteria,Chloroflexota,Chloroflexia,Chloroflexales,Chloroflexaceae,Chloronema,Chloronema,ASV676_Chloronema
ASV679,1.2742409,0.667378779,1.909321875,0.068246185,0.204315978,FALSE,TRUE,BONCAT,Bacteria,Bacteroidota,Bacteroidia,Cytophagales,Cytophagaceae,Sporocytophaga,Sporocytophaga,ASV679_Sporocytophaga
ASV68,2.907109034,0.693596225,4.191356483,3.25E-04,0.007845892,TRUE,TRUE,BONCAT,Bacteria,Pseudomonadota,Alphaproteobacteria,Sphingomonadales,Sphingomonadaceae,NA,Sphingomonadaceae,ASV68_Sphingomonadaceae
ASV680,0.268513339,0.939934378,0.285672431,0.777580133,0.885653697,FALSE,TRUE,BONCAT,Bacteria,Planctomycetota,Planctomycetes,Isosphaerales,Isosphaeraceae,Tautonia,Tautonia,ASV680_Tautonia
ASV681,-2.893464706,0.778227584,-3.718018695,0.001070943,0.018492884,TRUE,TRUE,BONCAT,Bacteria,Chloroflexota,Chloroflexia,Kallotenuales,AKIW781,NA,AKIW781,ASV681_AKIW781
ASV682,3.133283136,0.682440025,4.591294501,1.17E-04,0.003914985,TRUE,TRUE,BONCAT,Bacteria,Armatimonadota,Armatimonadia,Armatimonadales,Armatimonadaceae,NA,Armatimonadaceae,ASV682_Armatimonadaceae
ASV683,-1.091592743,0.72783713,-1.499776113,0.146713328,0.346874788,FALSE,TRUE,BONCAT,Bacteria,Abditibacteriota,Abditibacteriia,Abditibacteriales,Abditibacteriaceae,Abditibacterium,Abditibacterium,ASV683_Abditibacterium
ASV688,1.64618026,0.721466396,2.281714394,0.031668519,0.129854681,FALSE,TRUE,BONCAT,Bacteria,Verrucomicrobiota,Verrucomicrobiia,Chthoniobacterales,Chthoniobacteraceae,Chthoniobacter,Chthoniobacter,ASV688_Chthoniobacter
ASV690,-0.565524386,0.547781202,-1.032391006,0.312180914,0.536197059,FALSE,TRUE,BONCAT,Bacteria,Actinomycetota,Actinobacteria,Micrococcales,Micrococcaceae,Pseudarthrobacter,Pseudarthrobacter,ASV690_Pseudarthrobacter
ASV692,-0.910446643,0.802494931,-1.134520116,0.267781228,0.48949801,FALSE,TRUE,BONCAT,Bacteria,Planctomycetota,Planctomycetes,Isosphaerales,Isosphaeraceae,Tautonia,Tautonia,ASV692_Tautonia
ASV697,1.405426361,0.703455766,1.99788875,0.057183037,0.181196745,FALSE,TRUE,BONCAT,Bacteria,Actinomycetota,Acidimicrobiia,Acidimicrobiales,Acidimicrobiaceae,NA,Acidimicrobiaceae,ASV697_Acidimicrobiaceae
ASV698,-4.353348126,0.62185897,-7.00053925,3.08E-07,4.25E-05,TRUE,TRUE,BONCAT,Bacteria,Pseudomonadota,Gammaproteobacteria,Burkholderiales,Oxalobacteraceae,Noviherbaspirillum,Noviherbaspirillum,ASV698_Noviherbaspirillum
ASV705,-1.656756738,0.66075494,-2.507369431,0.019334197,0.097885697,FALSE,TRUE,BONCAT,Bacteria,Pseudomonadota,Alphaproteobacteria,Caulobacterales,Caulobacteraceae,NA,Caulobacteraceae,ASV705_Caulobacteraceae
ASV706,0.815666356,0.843883861,0.966562336,0.343402601,0.569729136,FALSE,TRUE,BONCAT,Bacteria,Chloroflexota,Chloroflexia,Thermomicrobiales,Thermomicrobiaceae,Sphaerobacter,Sphaerobacter,ASV706_Sphaerobacter
ASV707,-1.468879535,0.581225942,-2.527209176,0.01849665,0.096754863,FALSE,TRUE,BONCAT,Bacteria,Pseudomonadota,Alphaproteobacteria,Acetobacterales,Acetobacteraceae,Roseomonas,Roseomonas,ASV707_Roseomonas
ASV710,0.991893388,0.650881929,1.523922149,0.140597919,0.340299169,FALSE,TRUE,BONCAT,Bacteria,Verrucomicrobiota,Verrucomicrobiia,Opitutales,Opitutaceae,Diplosphaera,Diplosphaera,ASV710_Diplosphaera
ASV711,-0.061023053,0.637273635,-0.095756437,0.924509098,0.962325401,FALSE,TRUE,BONCAT,Bacteria,Actinomycetota,Rubrobacteria,Rubrobacterales,Rubrobacteriaceae,Rubrobacter,Rubrobacter,ASV711_Rubrobacter
ASV713,1.852008877,0.576130441,3.214565221,0.00370754,0.037025517,FALSE,FALSE,BONCAT,Bacteria,Actinomycetota,Thermoleophilia,Solirubrobacterales,67-14,NA,67-14,ASV713_67-14
ASV715,-1.574033987,0.757321556,-2.078422269,0.048531782,0.162952198,FALSE,TRUE,BONCAT,Bacteria,Acidobacteriota,Acidobacteriae,Bryobacterales,Bryobacteraceae,Bryobacter,Bryobacter,ASV715_Bryobacter
ASV716,-1.799456763,0.624990145,-2.87917622,0.008253974,0.057123345,FALSE,FALSE,BONCAT,Bacteria,Chloroflexota,Chloroflexia,Kallotenuales,AKIW781,NA,AKIW781,ASV716_AKIW781
ASV717,1.869378804,0.655630532,2.851268684,0.008811216,0.059169764,FALSE,TRUE,BONCAT,Bacteria,Acidobacteriota,Blastocatellia,Blastocatellales,Blastocatellaceae,NA,Blastocatellaceae,ASV717_Blastocatellaceae
ASV718,-0.424011731,0.833227335,-0.508878805,0.615483798,0.779022032,FALSE,TRUE,BONCAT,Bacteria,Planctomycetota,Planctomycetes,Isosphaerales,Isosphaeraceae,Tautonia,Tautonia,ASV718_Tautonia
ASV719,0.460823337,0.642922144,0.716763829,0.48043756,0.67214245,FALSE,TRUE,BONCAT,Bacteria,Bacteroidota,Bacteroidia,Chitinophagales,Chitinophagaceae,Flavisolibacter,Flavisolibacter,ASV719_Flavisolibacter
ASV72,-2.741337291,0.757555688,-3.618661091,0.001372364,0.020424816,TRUE,TRUE,BONCAT,Bacteria,Actinomycetota,Actinobacteria,Micrococcales,Cellulomonadaceae,Cellulomonas,Cellulomonas,ASV72_Cellulomonas
ASV720,-0.747341683,0.6375428,-1.17222198,0.252613002,0.474554977,FALSE,TRUE,BONCAT,Bacteria,Chloroflexota,Chloroflexia,Kallotenuales,AKIW781,NA,AKIW781,ASV720_AKIW781
ASV722,-1.623781227,0.647042582,-2.50954307,0.019240746,0.097885697,FALSE,TRUE,BONCAT,Bacteria,Acidobacteriota,Blastocatellia,Blastocatellales,Blastocatellaceae,Blastocatella,Blastocatella,ASV722_Blastocatella
ASV724,0.564174704,0.695354963,0.811347778,0.425139766,0.628608798,FALSE,TRUE,BONCAT,Bacteria,Actinomycetota,Thermoleophilia,Solirubrobacterales,67-14,NA,67-14,ASV724_67-14
ASV727,-1.871618939,0.583395717,-3.208146522,0.003765657,0.037157045,TRUE,TRUE,BONCAT,Bacteria,Pseudomonadota,Alphaproteobacteria,Sphingomonadales,Sphingomonadaceae,NA,Sphingomonadaceae,ASV727_Sphingomonadaceae
ASV730,-0.580219637,0.796739318,-0.728242756,0.473511165,0.668445688,FALSE,TRUE,BONCAT,Bacteria,Pseudomonadota,Alphaproteobacteria,Sphingomonadales,Sphingomonadaceae,Sphingomonas,Sphingomonas,ASV730_Sphingomonas
ASV732,-1.857020898,0.653508199,-2.841618362,0.009012086,0.060101293,FALSE,TRUE,BONCAT,Bacteria,Bacteroidota,Bacteroidia,Cytophagales,Spirosomataceae,Nibrella,Nibrella,ASV732_Nibrella
ASV734,-1.280962958,0.591125786,-2.1669888,0.04038373,0.14803943,FALSE,TRUE,BONCAT,Bacteria,Chloroflexota,Chloroflexia,Kallotenuales,AKIW781,NA,AKIW781,ASV734_AKIW781
ASV735,0.856920833,0.616095901,1.39088871,0.177021472,0.388734174,FALSE,TRUE,BONCAT,Bacteria,Actinomycetota,Acidimicrobiia,Acidimicrobiales,Acidimicrobiaceae,NA,Acidimicrobiaceae,ASV735_Acidimicrobiaceae
ASV737,-2.659637638,0.89404256,-2.974844551,0.006587438,0.052213544,FALSE,FALSE,BONCAT,Bacteria,Chloroflexota,Anaerolineae,Ardenticatenales,Ardenticatenaceae,NA,Ardenticatenaceae,ASV737_Ardenticatenaceae
ASV738,-0.207527436,0.519619467,-0.399383491,0.693142556,0.82545425,FALSE,TRUE,BONCAT,Bacteria,Armatimonadota,Armatimonadia,Armatimonadales,Armatimonadaceae,NA,Armatimonadaceae,ASV738_Armatimonadaceae
ASV741,-2.617173809,0.797149718,-3.283164691,0.003138137,0.033977875,TRUE,TRUE,BONCAT,Bacteria,Chloroflexota,Chloroflexia,Thermomicrobiales,AKYG1722,NA,AKYG1722,ASV741_AKYG1722
ASV742,0.547281426,0.739099667,0.7404704,0.466197635,0.66149114,FALSE,TRUE,BONCAT,Bacteria,Bacteroidota,Bacteroidia,Chitinophagales,Chitinophagaceae,Segetibacter,Segetibacter,ASV742_Segetibacter
ASV746,0.653828775,0.705455908,0.92681735,0.363248534,0.585435553,FALSE,TRUE,BONCAT,Bacteria,Actinomycetota,Thermoleophilia,Solirubrobacterales,Solirubrobacteraceae,Baekduia,Baekduia,ASV746_Baekduia
ASV747,0.016062133,0.812556702,0.019767399,0.984392349,0.988166359,FALSE,TRUE,BONCAT,Bacteria,Bacteroidota,Bacteroidia,Cytophagales,Hymenobacteraceae,Adhaeribacter,Adhaeribacter,ASV747_Adhaeribacter
ASV75,1.447564918,0.740352694,1.955236915,0.062296346,0.19184894,FALSE,TRUE,BONCAT,Bacteria,Actinomycetota,Actinobacteria,Propionibacteriales,Nocardioidaceae,NA,Nocardioidaceae,ASV75_Nocardioidaceae
ASV753,-2.690606814,0.748268473,-3.595777332,0.001452782,0.020967766,TRUE,TRUE,BONCAT,Bacteria,Armatimonadota,Fimbriimonadia,Fimbriimonadales,Fimbriimonadaceae,NA,Fimbriimonadaceae,ASV753_Fimbriimonadaceae
ASV756,1.476357343,0.623119088,2.369302066,0.026209028,0.115726621,FALSE,TRUE,BONCAT,Bacteria,Bacteroidota,Bacteroidia,Sphingobacteriales,Sphingobacteriaceae,NA,Sphingobacteriaceae,ASV756_Sphingobacteriaceae
ASV758,-0.873875866,0.837580245,-1.043333903,0.307189639,0.533307685,FALSE,TRUE,BONCAT,Bacteria,Pseudomonadota,Alphaproteobacteria,Hyphomicrobiales,Beijerinckiaceae,Methylorubrum,Methylorubrum,ASV758_Methylorubrum
ASV76,-1.56274036,0.875000373,-1.785988223,0.086743584,0.242430767,FALSE,TRUE,BONCAT,Bacteria,Deinococcota,Deinococci,Deinococcales,Deinococcaceae,Deinococcus,Deinococcus,ASV76_Deinococcus
ASV763,-0.744285333,0.690876151,-1.077306449,0.292053317,0.514418138,FALSE,TRUE,BONCAT,Bacteria,Planctomycetota,Phycisphaerae,Tepidisphaerales,WD2101 Bulk group,NA,WD2101_Bulk_group,ASV763_WD2101_Bulk_group
ASV764,-1.073748268,0.756670307,-1.419043748,0.168743808,0.378596896,FALSE,TRUE,BONCAT,Bacteria,Actinomycetota,Acidimicrobiia,Microtrichales,Ilumatobacteraceae,NA,Ilumatobacteraceae,ASV764_Ilumatobacteraceae
ASV769,0.910120215,0.694818828,1.309866945,0.202640982,0.418113564,FALSE,TRUE,BONCAT,Bacteria,Verrucomicrobiota,Verrucomicrobiia,Chthoniobacterales,Chthoniobacteraceae,Chthoniobacter,Chthoniobacter,ASV769_Chthoniobacter
ASV770,2.868017776,0.497955627,5.759585028,6.17E-06,3.73E-04,TRUE,TRUE,BONCAT,Bacteria,Pseudomonadota,Alphaproteobacteria,Sphingomonadales,Sphingomonadaceae,Sphingomonas,Sphingomonas,ASV770_Sphingomonas
ASV772,-1.457219674,0.659727785,-2.208819619,0.036981925,0.144783489,FALSE,TRUE,BONCAT,Bacteria,Armatimonadota,Fimbriimonadia,Fimbriimonadales,Fimbriimonadaceae,NA,Fimbriimonadaceae,ASV772_Fimbriimonadaceae
ASV774,-1.61455922,0.616322325,-2.619666941,0.015020574,0.08273855,FALSE,TRUE,BONCAT,Bacteria,Acidobacteriota,Vicinamibacteria,Vicinamibacterales,Vicinamibacteraceae,NA,Vicinamibacteraceae,ASV774_Vicinamibacteraceae
ASV778,0.925335541,0.659024057,1.40409979,0.173098123,0.382159554,FALSE,TRUE,BONCAT,Bacteria,Gemmatimonadota,Longimicrobiia,Longimicrobiales,Longimicrobiaceae,NA,Longimicrobiaceae,ASV778_Longimicrobiaceae
ASV779,0.456491345,0.749860792,0.60876812,0.5483975,0.723855111,FALSE,TRUE,BONCAT,Bacteria,Actinomycetota,Thermoleophilia,Solirubrobacterales,Solirubrobacteraceae,Solirubrobacter,Solirubrobacter,ASV779_Solirubrobacter
ASV783,-0.054752248,0.767356322,-0.071351791,0.943709041,0.967727087,FALSE,TRUE,BONCAT,Bacteria,Gemmatimonadota,Gemmatimonadia,Gemmatimonadales,Gemmatimonadaceae,Roseisolibacter,Roseisolibacter,ASV783_Roseisolibacter
ASV785,-0.535055359,0.491645283,-1.088295519,0.287273083,0.508888488,FALSE,TRUE,BONCAT,Bacteria,Planctomycetota,Phycisphaerae,Tepidisphaerales,WD2101 Bulk group,NA,WD2101_Bulk_group,ASV785_WD2101_Bulk_group
ASV788,0.981283182,0.722085837,1.358956417,0.186795382,0.399626404,FALSE,TRUE,BONCAT,Bacteria,Planctomycetota,Phycisphaerae,Tepidisphaerales,WD2101 Bulk group,NA,WD2101_Bulk_group,ASV788_WD2101_Bulk_group
ASV79,-1.997342538,0.598761972,-3.335787227,0.002759696,0.032085116,FALSE,FALSE,BONCAT,Bacteria,Acidobacteriota,Blastocatellia,Blastocatellales,Blastocatellaceae,Blastocatella,Blastocatella,ASV79_Blastocatella
ASV790,-1.854736196,0.588581026,-3.151199436,0.004321252,0.038691209,TRUE,TRUE,BONCAT,Bacteria,Pseudomonadota,Alphaproteobacteria,Hyphomicrobiales,Beijerinckiaceae,Microvirga,Microvirga,ASV790_Microvirga
ASV791,-1.829273666,0.670420911,-2.728545062,0.011712918,0.069658382,FALSE,TRUE,BONCAT,Bacteria,Chloroflexota,Chloroflexia,Chloroflexales,Herpetosiphonaceae,Herpetosiphon,Herpetosiphon,ASV791_Herpetosiphon
ASV793,-0.459084266,0.662925842,-0.692512249,0.495262377,0.681831327,FALSE,TRUE,BONCAT,Bacteria,Bacteroidota,Bacteroidia,Chitinophagales,Chitinophagaceae,Ferruginibacter,Ferruginibacter,ASV793_Ferruginibacter
ASV794,-3.66901737,0.656196621,-5.591338405,9.38E-06,4.90E-04,TRUE,TRUE,BONCAT,Bacteria,Deinococcota,Deinococci,Deinococcales,Deinococcaceae,NA,Deinococcaceae,ASV794_Deinococcaceae
ASV798,-2.739852534,0.757179374,-3.618498639,0.001372919,0.020424816,TRUE,TRUE,BONCAT,Bacteria,Actinomycetota,Actinobacteria,Kineosporiales,Kineosporiaceae,Kineosporia,Kineosporia,ASV798_Kineosporia
ASV799,-1.765709782,0.746860821,-2.364175134,0.026503134,0.116098876,FALSE,TRUE,BONCAT,Bacteria,Deinococcota,Deinococci,Thermales,Thermaceae,NA,Thermaceae,ASV799_Thermaceae
ASV8,-1.873270075,0.744862835,-2.514919508,0.019011397,0.09779382,FALSE,TRUE,BONCAT,Bacteria,Actinomycetota,Actinobacteria,Frankiales,Geodermatophilaceae,Geodermatophilus,Geodermatophilus,ASV8_Geodermatophilus
ASV80,-0.070027307,0.701588768,-0.099812469,0.921322288,0.961471831,FALSE,TRUE,BONCAT,Bacteria,Planctomycetota,Planctomycetes,Isosphaerales,Isosphaeraceae,NA,Isosphaeraceae,ASV80_Isosphaeraceae
ASV800,-1.213276653,0.653938735,-1.855336881,0.07587183,0.221655769,FALSE,TRUE,BONCAT,Bacteria,Pseudomonadota,Alphaproteobacteria,Sphingomonadales,Sphingomonadaceae,Sphingoaurantiacus,Sphingoaurantiacus,ASV800_Sphingoaurantiacus
ASV802,0.013981929,0.704546828,0.019845279,0.984330866,0.988166359,FALSE,TRUE,BONCAT,Bacteria,Planctomycetota,Phycisphaerae,Tepidisphaerales,WD2101 Bulk group,NA,WD2101_Bulk_group,ASV802_WD2101_Bulk_group
ASV803,1.789653653,0.624970275,2.863582036,0.008561082,0.057892073,FALSE,TRUE,BONCAT,Bacteria,Bacteroidota,Bacteroidia,Chitinophagales,Chitinophagaceae,NA,Chitinophagaceae,ASV803_Chitinophagaceae
ASV806,0.896778324,0.61703225,1.453373505,0.159071939,0.362789068,FALSE,TRUE,BONCAT,Bacteria,Pseudomonadota,Alphaproteobacteria,Sphingomonadales,Sphingomonadaceae,MN 122.2a,MN_122.2a,ASV806_MN_122.2a
ASV811,-0.191139519,0.64660729,-0.295603718,0.770075179,0.884340909,FALSE,TRUE,BONCAT,Bacteria,Chloroflexota,Chloroflexia,Thermomicrobiales,AKYG1722,NA,AKYG1722,ASV811_AKYG1722
ASV813,1.246699975,0.650776092,1.915712625,0.067389332,0.202616957,FALSE,TRUE,BONCAT,Bacteria,Armatimonadota,Armatimonadia,Armatimonadales,Armatimonadaceae,NA,Armatimonadaceae,ASV813_Armatimonadaceae
ASV814,-1.884875743,0.586486624,-3.213842681,0.003714038,0.037025517,TRUE,TRUE,BONCAT,Bacteria,Pseudomonadota,Alphaproteobacteria,Rhodobacterales,Paracoccaceae,Rubellimicrobium,Rubellimicrobium,ASV814_Rubellimicrobium
ASV815,-1.027465787,0.864116175,-1.189036633,0.246057079,0.470200035,FALSE,TRUE,BONCAT,Bacteria,Chloroflexota,Chloroflexia,Kallotenuales,AKIW781,NA,AKIW781,ASV815_AKIW781
ASV82,0.08657817,0.624406044,0.138656842,0.890878214,0.943569806,FALSE,TRUE,BONCAT,Bacteria,Armatimonadota,Armatimonadia,Armatimonadales,Armatimonadaceae,NA,Armatimonadaceae,ASV82_Armatimonadaceae
ASV821,0.924261121,0.594099448,1.555734691,0.132860717,0.326082013,FALSE,TRUE,BONCAT,Bacteria,Abditibacteriota,Abditibacteriia,Abditibacteriales,Abditibacteriaceae,Abditibacterium,Abditibacterium,ASV821_Abditibacterium
ASV824,-0.269800098,0.764294289,-0.353005514,0.727165956,0.855152951,FALSE,TRUE,BONCAT,Bacteria,Acidobacteriota,Vicinamibacteria,Vicinamibacterales,Vicinamibacteraceae,NA,Vicinamibacteraceae,ASV824_Vicinamibacteraceae
ASV825,0.727580373,0.566032997,1.285402752,0.210917432,0.425797823,FALSE,TRUE,BONCAT,Bacteria,Verrucomicrobiota,Verrucomicrobiia,Chthoniobacterales,Chthoniobacteraceae,NA,Chthoniobacteraceae,ASV825_Chthoniobacteraceae
ASV827,-0.996803544,0.74841064,-1.331893871,0.195406362,0.409249214,FALSE,TRUE,BONCAT,Bacteria,Actinomycetota,Actinobacteria,Frankiales,Sporichthyaceae,NA,Sporichthyaceae,ASV827_Sporichthyaceae
ASV828,-1.421877768,0.834596087,-1.703671739,0.101358711,0.273019146,FALSE,TRUE,BONCAT,Bacteria,Chloroflexota,Anaerolineae,Caldilineales,Caldilineaceae,NA,Caldilineaceae,ASV828_Caldilineaceae
ASV83,0.925555603,0.572499638,1.616692033,0.119014919,0.298153956,FALSE,TRUE,BONCAT,Bacteria,Pseudomonadota,Alphaproteobacteria,Hyphomicrobiales,Beijerinckiaceae,NA,Beijerinckiaceae,ASV83_Beijerinckiaceae
ASV830,-2.487887207,0.738426903,-3.369171947,0.002542974,0.030738203,TRUE,TRUE,BONCAT,Bacteria,Actinomycetota,Acidimicrobiia,Acidimicrobiales,Acidimicrobiaceae,NA,Acidimicrobiaceae,ASV830_Acidimicrobiaceae
ASV831,-0.800576233,0.612000308,-1.30813044,0.203220042,0.418114427,FALSE,TRUE,BONCAT,Bacteria,Planctomycetota,Phycisphaerae,Tepidisphaerales,WD2101 Bulk group,NA,WD2101_Bulk_group,ASV831_WD2101_Bulk_group
ASV832,-0.716054896,0.752096264,-0.952078783,0.350547863,0.574369986,FALSE,TRUE,BONCAT,Bacteria,Armatimonadota,Armatimonadia,Armatimonadales,Armatimonadaceae,NA,Armatimonadaceae,ASV832_Armatimonadaceae
ASV833,-2.91585565,0.630071584,-4.627816466,1.07E-04,0.003761352,TRUE,TRUE,BONCAT,Bacteria,Bacteroidota,Bacteroidia,Cytophagales,Hymenobacteraceae,Adhaeribacter,Adhaeribacter,ASV833_Adhaeribacter
ASV837,-1.221577956,0.70285011,-1.738034807,0.095021163,0.25956346,FALSE,TRUE,BONCAT,Bacteria,Deinococcota,Deinococci,Deinococcales,Deinococcaceae,Deinococcus,Deinococcus,ASV837_Deinococcus
ASV838,0.372929443,0.546070638,0.682932605,0.501189239,0.685205868,FALSE,TRUE,BONCAT,Bacteria,Bacteroidota,Bacteroidia,Cytophagales,Microscillaceae,Flexibacter,Flexibacter,ASV838_Flexibacter
ASV839,-2.372152083,0.814417621,-2.912697396,0.007628903,0.055887492,FALSE,FALSE,BONCAT,Bacteria,Chloroflexota,Chloroflexia,Chloroflexales,Chloroflexaceae,Chloronema,Chloronema,ASV839_Chloronema
ASV841,0.398954505,0.612429559,0.651429212,0.520959004,0.70456973,FALSE,TRUE,BONCAT,Bacteria,Bacillota,Bacilli,Staphylococcales,Staphylococcaceae,Staphylococcus,Staphylococcus,ASV841_Staphylococcus
ASV843,0.126329155,0.478610004,0.263950094,0.794071635,0.890807427,FALSE,TRUE,BONCAT,Bacteria,Acidobacteriota,Blastocatellia,Blastocatellales,Blastocatellaceae,NA,Blastocatellaceae,ASV843_Blastocatellaceae
ASV853,-1.862130126,0.644916308,-2.887398107,0.008096299,0.057123345,FALSE,FALSE,BONCAT,Bacteria,Actinomycetota,Thermoleophilia,Solirubrobacterales,Solirubrobacteraceae,Solirubrobacter,Solirubrobacter,ASV853_Solirubrobacter
ASV858,-2.421801655,0.738352249,-3.280008502,0.003162367,0.033977875,TRUE,TRUE,BONCAT,Bacteria,Pseudomonadota,Alphaproteobacteria,Caulobacterales,Caulobacteraceae,Phenylobacterium,Phenylobacterium,ASV858_Phenylobacterium
ASV859,-1.654660856,0.705628366,-2.344946626,0.027633368,0.118762076,FALSE,TRUE,BONCAT,Bacteria,Bacteroidota,Bacteroidia,Cytophagales,Spirosomataceae,Spirosoma,Spirosoma,ASV859_Spirosoma
ASV861,1.579519588,0.657453352,2.402481611,0.024377061,0.111618143,FALSE,TRUE,BONCAT,Bacteria,Abditibacteriota,Abditibacteriia,Abditibacteriales,Abditibacteriaceae,Abditibacterium,Abditibacterium,ASV861_Abditibacterium
ASV865,-1.614921053,0.592671448,-2.724816689,0.011813831,0.069658382,FALSE,TRUE,BONCAT,Bacteria,Pseudomonadota,Gammaproteobacteria,Burkholderiales,Burkholderiaceae,Lautropia,Lautropia,ASV865_Lautropia
ASV867,-3.484283005,0.602519342,-5.782856684,5.83E-06,3.73E-04,TRUE,TRUE,BONCAT,Bacteria,Deinococcota,Deinococci,Deinococcales,Deinococcaceae,NA,Deinococcaceae,ASV867_Deinococcaceae
ASV869,-0.508922195,0.575365574,-0.884519717,0.385191575,0.600774601,FALSE,TRUE,BONCAT,Bacteria,Bacteroidota,Bacteroidia,Chitinophagales,Chitinophagaceae,NA,Chitinophagaceae,ASV869_Chitinophagaceae
ASV87,-1.310698163,0.751455162,-1.744213399,0.093918179,0.258008179,FALSE,TRUE,BONCAT,Bacteria,Pseudomonadota,Alphaproteobacteria,Azospirillales,Azospirillaceae,Skermanella,Skermanella,ASV87_Skermanella
ASV871,-1.542066243,0.817551343,-1.886201101,0.071426163,0.211220489,FALSE,TRUE,BONCAT,Bacteria,Gemmatimonadota,Longimicrobiia,Longimicrobiales,Longimicrobiaceae,NA,Longimicrobiaceae,ASV871_Longimicrobiaceae
ASV872,-1.750139948,0.600340732,-2.915244384,0.007583298,0.055887492,FALSE,FALSE,BONCAT,Bacteria,Armatimonadota,Armatimonadia,Armatimonadales,Armatimonadaceae,NA,Armatimonadaceae,ASV872_Armatimonadaceae
ASV873,-1.373811417,0.625412204,-2.196649521,0.037943878,0.146547456,FALSE,TRUE,BONCAT,Bacteria,Armatimonadota,Armatimonadia,Armatimonadales,Armatimonadaceae,NA,Armatimonadaceae,ASV873_Armatimonadaceae
ASV874,-1.984902815,0.564668297,-3.515166031,0.001774499,0.02451343,TRUE,TRUE,BONCAT,Bacteria,Pseudomonadota,Alphaproteobacteria,Acetobacterales,Acetobacteraceae,Roseomonas,Roseomonas,ASV874_Roseomonas
ASV876,0.20513718,0.614859315,0.33363271,0.741554204,0.862915662,FALSE,TRUE,BONCAT,Bacteria,Pseudomonadota,Alphaproteobacteria,Azospirillales,Azospirillaceae,Azospirillum,Azospirillum,ASV876_Azospirillum
ASV879,-0.081953692,0.643475513,-0.127361011,0.899715788,0.949809134,FALSE,TRUE,BONCAT,Bacteria,Acidobacteriota,Blastocatellia,Pyrinomonadales,Pyrinomonadaceae,Brevitalea,Brevitalea,ASV879_Brevitalea
ASV88,-4.445219075,0.786485121,-5.652006575,8.06E-06,4.59E-04,TRUE,TRUE,BONCAT,Bacteria,Acidobacteriota,Blastocatellia,Blastocatellales,Blastocatellaceae,Blastocatella,Blastocatella,ASV88_Blastocatella
ASV881,-0.181312569,0.68695075,-0.263938236,0.794080664,0.890807427,FALSE,TRUE,BONCAT,Bacteria,Deinococcota,Deinococci,Deinococcales,Deinococcaceae,Deinococcus,Deinococcus,ASV881_Deinococcus
ASV885,-0.937429583,0.817982142,-1.146026954,0.263082715,0.485857887,FALSE,TRUE,BONCAT,Bacteria,Actinomycetota,Thermoleophilia,Solirubrobacterales,Solirubrobacteraceae,Solirubrobacter,Solirubrobacter,ASV885_Solirubrobacter
ASV889,0.502377223,0.673372546,0.746061338,0.462875951,0.658236831,FALSE,TRUE,BONCAT,Bacteria,Actinomycetota,Actinobacteria,Micrococcales,Microbacteriaceae,NA,Microbacteriaceae,ASV889_Microbacteriaceae
ASV894,-0.549652129,0.767838411,-0.715843492,0.480995424,0.67214245,FALSE,TRUE,BONCAT,Bacteria,Gemmatimonadota,Gemmatimonadia,Gemmatimonadales,Gemmatimonadaceae,NA,Gemmatimonadaceae,ASV894_Gemmatimonadaceae
ASV895,1.270746212,0.64433495,1.972182656,0.060218486,0.187238828,FALSE,TRUE,BONCAT,Bacteria,Acidobacteriota,Blastocatellia,Blastocatellales,Blastocatellaceae,Blastocatella,Blastocatella,ASV895_Blastocatella
ASV897,-0.914423548,0.709393742,-1.289021165,0.209677149,0.425113978,FALSE,TRUE,BONCAT,Bacteria,Gemmatimonadota,Gemmatimonadia,Gemmatimonadales,Gemmatimonadaceae,Gemmatimonas,Gemmatimonas,ASV897_Gemmatimonas
ASV899,0.701626828,0.565287645,1.241185501,0.226532387,0.444334317,FALSE,TRUE,BONCAT,Bacteria,Rhodothermota,Rhodothermia,Rhodothermales,Rhodothermaceae,Rubrivirga,Rubrivirga,ASV899_Rubrivirga
ASV9,-1.59211383,0.605559798,-2.629160384,0.01470054,0.082426975,FALSE,TRUE,BONCAT,Bacteria,Abditibacteriota,Abditibacteriia,Abditibacteriales,Abditibacteriaceae,Abditibacterium,Abditibacterium,ASV9_Abditibacterium
ASV90,-0.015936831,0.537040369,-0.029675294,0.976571412,0.988166359,FALSE,TRUE,BONCAT,Bacteria,Actinomycetota,Actinobacteria,Frankiales,Geodermatophilaceae,Blastococcus,Blastococcus,ASV90_Blastococcus
ASV900,1.91983118,0.5104708,3.760903034,9.62E-04,0.017082822,TRUE,TRUE,BONCAT,Bacteria,Myxococcota,Polyangiia,Haliangiales,Haliangiaceae,NA,Haliangiaceae,ASV900_Haliangiaceae
ASV901,-0.116848664,0.622193023,-0.187801309,0.852611194,0.921354088,FALSE,TRUE,BONCAT,Bacteria,Bacteroidota,Bacteroidia,Cytophagales,Hymenobacteraceae,Hymenobacter,Hymenobacter,ASV901_Hymenobacter
ASV902,-2.513699042,0.678205597,-3.70639678,0.001102529,0.018704315,TRUE,TRUE,BONCAT,Bacteria,Deinococcota,Deinococci,Deinococcales,Deinococcaceae,Deinococcus,Deinococcus,ASV902_Deinococcus
ASV904,-0.770827872,0.721947501,-1.067706267,0.296275672,0.519961115,FALSE,TRUE,BONCAT,Bacteria,Bacteroidota,Bacteroidia,Cytophagales,Hymenobacteraceae,Adhaeribacter,Adhaeribacter,ASV904_Adhaeribacter
ASV906,-2.727769053,0.768940306,-3.54743929,0.001638104,0.022957203,TRUE,TRUE,BONCAT,Bacteria,Chloroflexota,Chloroflexia,Kallotenuales,AKIW781,NA,AKIW781,ASV906_AKIW781
ASV907,-1.078928821,0.583701682,-1.848425068,0.076899694,0.22330932,FALSE,TRUE,BONCAT,Bacteria,Pseudomonadota,Alphaproteobacteria,Tistrellales,Geminicoccaceae,Candidatus Alysiosphaera,Candidatus_Alysiosphaera,ASV907_Candidatus_Alysiosphaera
ASV909,-1.495422538,0.72739897,-2.055849128,0.050830665,0.166621196,FALSE,TRUE,BONCAT,Bacteria,Deinococcota,Deinococci,Deinococcales,Deinococcaceae,Deinococcus,Deinococcus,ASV909_Deinococcus
ASV91,-0.697314221,0.561408916,-1.242078993,0.226208393,0.444334317,FALSE,TRUE,BONCAT,Bacteria,Actinomycetota,Actinobacteria,Frankiales,Geodermatophilaceae,Geodermatophilus,Geodermatophilus,ASV91_Geodermatophilus
ASV913,1.126337693,0.618035593,1.822447939,0.08087136,0.230457451,FALSE,TRUE,BONCAT,Bacteria,Pseudomonadota,Alphaproteobacteria,Caulobacterales,Caulobacteraceae,PMMR1,PMMR1,ASV913_PMMR1
ASV914,-2.391719517,0.755208043,-3.166967751,0.004159963,0.038435642,TRUE,TRUE,BONCAT,Bacteria,Chloroflexota,Chloroflexia,Chloroflexales,Chloroflexaceae,Candidatus Chloroploca,Candidatus_Chloroploca,ASV914_Candidatus_Chloroploca
ASV915,0.345903127,0.666620527,0.518890603,0.608589002,0.778178241,FALSE,TRUE,BONCAT,Bacteria,Bacteroidota,Bacteroidia,Chitinophagales,Chitinophagaceae,NA,Chitinophagaceae,ASV915_Chitinophagaceae
ASV917,0.926260811,0.696321067,1.330220863,0.195948693,0.409249214,FALSE,TRUE,BONCAT,Bacteria,Actinomycetota,Acidimicrobiia,Microtrichales,Iamiaceae,Iamia,Iamia,ASV917_Iamia
ASV918,0.052021029,0.641268865,0.081122026,0.936017627,0.964956339,FALSE,TRUE,BONCAT,Bacteria,Planctomycetota,Phycisphaerae,Tepidisphaerales,WD2101 Bulk group,NA,WD2101_Bulk_group,ASV918_WD2101_Bulk_group
ASV92,-0.781916645,0.802990753,-0.973755479,0.339890976,0.566055031,FALSE,TRUE,BONCAT,Bacteria,Bacteroidota,Bacteroidia,Chitinophagales,Chitinophagaceae,Flavisolibacter,Flavisolibacter,ASV92_Flavisolibacter
ASV920,0.129557591,0.807374459,0.160467784,0.873855618,0.931663046,FALSE,TRUE,BONCAT,Bacteria,Armatimonadota,Armatimonadia,Armatimonadales,Armatimonadaceae,NA,Armatimonadaceae,ASV920_Armatimonadaceae
ASV921,-1.577701028,0.5477179,-2.880499303,0.008228405,0.057123345,FALSE,FALSE,BONCAT,Bacteria,Chloroflexota,Chloroflexia,Chloroflexales,Roseiflexaceae,NA,Roseiflexaceae,ASV921_Roseiflexaceae
ASV925,0.693418611,0.62505897,1.109365107,0.278265471,0.501085122,FALSE,TRUE,BONCAT,Bacteria,Actinomycetota,Acidimicrobiia,Microtrichales,Iamiaceae,Iamia,Iamia,ASV925_Iamia
ASV926,1.813376853,0.563112998,3.220271702,0.003656599,0.037025517,TRUE,TRUE,BONCAT,Bacteria,Bacteroidota,Bacteroidia,Flavobacteriales,Flavobacteriaceae,Flavobacterium,Flavobacterium,ASV926_Flavobacterium
ASV928,-1.318975689,0.751608687,-1.754870202,0.092041407,0.253637565,FALSE,TRUE,BONCAT,Bacteria,Planctomycetota,Planctomycetes,Gemmatales,Gemmataceae,Gemmata,Gemmata,ASV928_Gemmata
ASV929,-0.582172324,0.788276245,-0.73853846,0.467348702,0.661678178,FALSE,TRUE,BONCAT,Bacteria,Pseudomonadota,Gammaproteobacteria,Burkholderiales,Comamonadaceae,Polaromonas,Polaromonas,ASV929_Polaromonas
ASV93,0.855787507,0.832448743,1.028036277,0.314182921,0.538678873,FALSE,TRUE,BONCAT,Bacteria,Actinomycetota,Actinobacteria,Kineosporiales,Kineosporiaceae,Angustibacter,Angustibacter,ASV93_Angustibacter
ASV933,-3.810494745,0.65271493,-5.837915715,5.08E-06,3.73E-04,TRUE,TRUE,BONCAT,Bacteria,Pseudomonadota,Gammaproteobacteria,Lysobacterales,Lysobacteraceae,Lysobacter,Lysobacter,ASV933_Lysobacter
ASV936,1.36118651,0.56112029,2.425837268,0.023159043,0.111416891,FALSE,TRUE,BONCAT,Bacteria,Verrucomicrobiota,Verrucomicrobiia,Chthoniobacterales,Chthoniobacteraceae,Chthoniobacter,Chthoniobacter,ASV936_Chthoniobacter
ASV937,-0.683366274,0.651250908,-1.049313352,0.304486153,0.529564946,FALSE,TRUE,BONCAT,Bacteria,Bacillota,Bacilli,Bacillales,Bacillaceae,Schinkia,Schinkia,ASV937_Schinkia
ASV942,-0.421102293,0.700265757,-0.601346401,0.553247457,0.726888982,FALSE,TRUE,BONCAT,Bacteria,Pseudomonadota,Alphaproteobacteria,Sphingomonadales,Sphingomonadaceae,Croceibacterium,Croceibacterium,ASV942_Croceibacterium
ASV944,1.148079769,0.633398736,1.812570351,0.08242738,0.233062213,FALSE,TRUE,BONCAT,Bacteria,Verrucomicrobiota,Verrucomicrobiia,Chthoniobacterales,Chthoniobacteraceae,NA,Chthoniobacteraceae,ASV944_Chthoniobacteraceae
ASV947,0.60780935,0.636613338,0.954754343,0.349220412,0.574369986,FALSE,TRUE,BONCAT,Bacteria,Verrucomicrobiota,Verrucomicrobiia,Chthoniobacterales,Chthoniobacteraceae,Chthoniobacter,Chthoniobacter,ASV947_Chthoniobacter
ASV949,1.519433474,0.601170518,2.527458397,0.018486347,0.096754863,FALSE,TRUE,BONCAT,Bacteria,Pseudomonadota,Gammaproteobacteria,Lysobacterales,Lysobacteraceae,Pseudoxanthomonas,Pseudoxanthomonas,ASV949_Pseudoxanthomonas
ASV95,1.289971209,0.76751256,1.680716742,0.105788828,0.279502175,FALSE,TRUE,BONCAT,Bacteria,Pseudomonadota,Alphaproteobacteria,Sphingomonadales,Sphingomonadaceae,Sphingomonas,Sphingomonas,ASV95_Sphingomonas
ASV951,-0.669502914,0.888816781,-0.753251883,0.458624608,0.65605029,FALSE,TRUE,BONCAT,Bacteria,Armatimonadota,Armatimonadia,Armatimonadales,Armatimonadaceae,NA,Armatimonadaceae,ASV951_Armatimonadaceae
ASV952,-1.017360106,0.614033753,-1.656847202,0.110567504,0.284136006,FALSE,TRUE,BONCAT,Bacteria,Bacteroidota,Bacteroidia,Chitinophagales,Chitinophagaceae,NA,Chitinophagaceae,ASV952_Chitinophagaceae
ASV954,1.339308707,0.755441216,1.772882758,0.088942037,0.247146408,FALSE,TRUE,BONCAT,Bacteria,Actinomycetota,Thermoleophilia,Solirubrobacterales,Solirubrobacteraceae,Parviterribacter,Parviterribacter,ASV954_Parviterribacter
ASV958,0.583742704,0.656125828,0.889681033,0.382468683,0.597491464,FALSE,TRUE,BONCAT,Bacteria,Bacteroidota,Bacteroidia,Flavobacteriales,NS9 marine group,NA,NS9_marine_group,ASV958_NS9_marine_group
ASV959,-0.238118434,0.720923546,-0.330296375,0.744042014,0.863461163,FALSE,TRUE,BONCAT,Bacteria,Actinomycetota,Acidimicrobiia,Microtrichales,Microtrichaceae,NA,Microtrichaceae,ASV959_Microtrichaceae
ASV96,-0.393495577,0.558921469,-0.704026592,0.488191511,0.677304435,FALSE,TRUE,BONCAT,Bacteria,Abditibacteriota,Abditibacteriia,Abditibacteriales,Abditibacteriaceae,Abditibacterium,Abditibacterium,ASV96_Abditibacterium
ASV962,0.964501707,0.6221581,1.550251787,0.134168684,0.328458525,FALSE,TRUE,BONCAT,Bacteria,Gemmatimonadota,Longimicrobiia,Longimicrobiales,Longimicrobiaceae,NA,Longimicrobiaceae,ASV962_Longimicrobiaceae
ASV964,1.987898998,0.592209145,3.356751606,0.002621599,0.03094301,FALSE,FALSE,BONCAT,Bacteria,Verrucomicrobiota,Verrucomicrobiia,Chthoniobacterales,Chthoniobacteraceae,Chthoniobacter,Chthoniobacter,ASV964_Chthoniobacter
ASV965,0.587966562,0.532963054,1.103203229,0.28087839,0.503898101,FALSE,TRUE,BONCAT,Bacteria,Verrucomicrobiota,Verrucomicrobiia,Chthoniobacterales,Chthoniobacteraceae,Chthoniobacter,Chthoniobacter,ASV965_Chthoniobacter
ASV969,2.235899147,0.463869633,4.820102435,6.56E-05,0.002538105,TRUE,TRUE,BONCAT,Bacteria,Myxococcota,Polyangiia,Polyangiales,Phaselicystaceae,Phaselicystis,Phaselicystis,ASV969_Phaselicystis
ASV973,-0.465822431,0.67013931,-0.695112828,0.493660312,0.681559286,FALSE,TRUE,BONCAT,Bacteria,Pseudomonadota,Alphaproteobacteria,Sphingomonadales,Sphingomonadaceae,NA,Sphingomonadaceae,ASV973_Sphingomonadaceae
ASV976,0.44797192,0.555470015,0.806473631,0.427889496,0.631708614,FALSE,TRUE,BONCAT,Bacteria,Bacteroidota,Bacteroidia,Flavobacteriales,Flavobacteriaceae,Flavobacterium,Flavobacterium,ASV976_Flavobacterium
ASV977,-1.775404334,0.561163958,-3.16378896,0.004192004,0.038435642,TRUE,TRUE,BONCAT,Bacteria,Verrucomicrobiota,Verrucomicrobiia,Chthoniobacterales,Chthoniobacteraceae,Chthoniobacter,Chthoniobacter,ASV977_Chthoniobacter
ASV981,1.934051654,0.625124637,3.093865671,0.004959974,0.042072764,FALSE,FALSE,BONCAT,Bacteria,Pseudomonadota,Alphaproteobacteria,Caulobacterales,Caulobacteraceae,Phenylobacterium,Phenylobacterium,ASV981_Phenylobacterium
ASV982,-0.828648653,0.431753722,-1.919262325,0.066917475,0.202608611,FALSE,TRUE,BONCAT,Bacteria,Planctomycetota,Planctomycetes,Isosphaerales,Isosphaeraceae,NA,Isosphaeraceae,ASV982_Isosphaeraceae
ASV987,1.34737076,0.681274464,1.977720919,0.059552759,0.185766187,FALSE,TRUE,BONCAT,Bacteria,Actinomycetota,Acidimicrobiia,Acidimicrobiales,Acidimicrobiaceae,NA,Acidimicrobiaceae,ASV987_Acidimicrobiaceae
ASV988,0.057855892,0.682185501,0.084809618,0.933116255,0.964509535,FALSE,TRUE,BONCAT,Bacteria,Planctomycetota,Phycisphaerae,Tepidisphaerales,Tepidisphaeraceae,NA,Tepidisphaeraceae,ASV988_Tepidisphaeraceae
ASV990,0.896848355,0.623872872,1.437549852,0.163473199,0.370207456,FALSE,TRUE,BONCAT,Bacteria,Myxococcota,Myxococcia,Myxococcales,Myxococcaceae,NA,Myxococcaceae,ASV990_Myxococcaceae
ASV997,-1.615578762,0.725460647,-2.226969539,0.035588288,0.140464794,FALSE,TRUE,BONCAT,Bacteria,Planctomycetota,Planctomycetes,Gemmatales,Gemmataceae,Fimbriiglobus,Fimbriiglobus,ASV997_Fimbriiglobus
ASV998,0.239660366,0.504224109,0.47530525,0.638866773,0.792030987,FALSE,TRUE,BONCAT,Bacteria,Planctomycetota,Planctomycetes,Isosphaerales,Isosphaeraceae,Tundrisphaera,Tundrisphaera,ASV998_Tundrisphaera
